DATE_KEY,DATE_DAY,DAY_OF_MONTH,DAY_OF_WEEK,DAY_NAME,MONTH,MONTH_NAME,QUARTER,YEAR,IS_WEEKEND
f867f4b1ba30bf4bbed342c32b89110c,2024-01-01,1,1,Mon,1,Jan,1,2024,FALSE
ae354a0c189267ef9fa0638a19f3b7d4,2024-01-02,2,2,Tue,1,Jan,1,2024,FALSE
70a12374a6ef890bce4d3116d73b390a,2024-01-03,3,3,Wed,1,Jan,1,2024,FALSE
9a8ef7f600c0fde403ed2e859121c62e,2024-01-04,4,4,Thu,1,Jan,1,2024,FALSE
323c5117b1edc8ae79283a7eb1ff9201,2024-01-05,5,5,Fri,1,Jan,1,2024,FALSE
83c888e0fe339f36c20e09db117ed16a,2024-01-06,6,6,Sat,1,Jan,1,2024,TRUE
ac51ffdefda746fcf8adfe3323a14c5c,2024-01-07,7,0,Sun,1,Jan,1,2024,TRUE
66f3bb56903251d49988722f99a184b1,2024-01-08,8,1,Mon,1,Jan,1,2024,FALSE
482608f4ffe526a5707921d6bf58421c,2024-01-09,9,2,Tue,1,Jan,1,2024,FALSE
4ac9bc53ca651ed2739bff5ea401e0e6,2024-01-10,10,3,Wed,1,Jan,1,2024,FALSE
675c61a7ae9ed4a39be3e18e1989c0dd,2024-01-11,11,4,Thu,1,Jan,1,2024,FALSE
b31fac12b29b1c808cb8b335e273b84d,2024-01-12,12,5,Fri,1,Jan,1,2024,FALSE
11683d532d101db7fb406a66f3ab06d1,2024-01-13,13,6,Sat,1,Jan,1,2024,TRUE
adf724588327d5d3aa8a1fd1f69ce731,2024-01-14,14,0,Sun,1,Jan,1,2024,TRUE
049367183938cfff003fc2ec7f63abe9,2024-01-15,15,1,Mon,1,Jan,1,2024,FALSE
38bb34fe25873f297a746bc4e1f6f8f5,2024-01-16,16,2,Tue,1,Jan,1,2024,FALSE
ff4083d8e622f3cb81ec9c9190a6507a,2024-01-17,17,3,Wed,1,Jan,1,2024,FALSE
bed726a65e4b4238305c6a5b9441e0a1,2024-01-18,18,4,Thu,1,Jan,1,2024,FALSE
61b04da96e4fa853234aa44dc0fcff7b,2024-01-19,19,5,Fri,1,Jan,1,2024,FALSE
b9f4e726cd569e7f57931e3736771dda,2024-01-20,20,6,Sat,1,Jan,1,2024,TRUE
548ae5b37aa72558c0fc61fd68425285,2024-01-21,21,0,Sun,1,Jan,1,2024,TRUE
3982ac408c5023299b8672a967723cb0,2024-01-22,22,1,Mon,1,Jan,1,2024,FALSE
8ca043d1a76406e04da06c5919ac20b2,2024-01-23,23,2,Tue,1,Jan,1,2024,FALSE
1c068d2cedfde52eca836c456aba7fcf,2024-01-24,24,3,Wed,1,Jan,1,2024,FALSE
957e4f1b5fca420d923566291306036b,2024-01-25,25,4,Thu,1,Jan,1,2024,FALSE
e1e5b1cd89d7da8b3df39454bcc73983,2024-01-26,26,5,Fri,1,Jan,1,2024,FALSE
dfc7f249e9d4eaea8b5ee00f0b2be683,2024-01-27,27,6,Sat,1,Jan,1,2024,TRUE
cb8b19a683d5aebf7aeca5db6957c1c4,2024-01-28,28,0,Sun,1,Jan,1,2024,TRUE
ba54e217f8a650e95aaf3c4876167682,2024-01-29,29,1,Mon,1,Jan,1,2024,FALSE
f31f496c4a9dbf6676ccf974f9343e44,2024-01-30,30,2,Tue,1,Jan,1,2024,FALSE
8751ca10a6c6b7238bb34d53ef294d36,2024-01-31,31,3,Wed,1,Jan,1,2024,FALSE
8f270bec0bae6804db2d37d5c924799c,2024-02-01,1,4,Thu,2,Feb,1,2024,FALSE
37783d0be669ea7b54cd143f75cb0aeb,2024-02-02,2,5,Fri,2,Feb,1,2024,FALSE
4dd6cbf762188ae0bba285ebf2beb5f9,2024-02-03,3,6,Sat,2,Feb,1,2024,TRUE
78f41f43003b3e7e81c3e05a0e24f29f,2024-02-04,4,0,Sun,2,Feb,1,2024,TRUE
93e12acab47e53568a2d8214591c74b9,2024-02-05,5,1,Mon,2,Feb,1,2024,FALSE
225c04e12bd31bdcf0c7ba90a9321a6d,2024-02-06,6,2,Tue,2,Feb,1,2024,FALSE
d9efc2e772b67d63c39298bb8463e84f,2024-02-07,7,3,Wed,2,Feb,1,2024,FALSE
ad89edc9dc5c9a74a8d3f9e6941f425d,2024-02-08,8,4,Thu,2,Feb,1,2024,FALSE
a112d2e4bea8c8fb38c9e63928b9df9c,2024-02-09,9,5,Fri,2,Feb,1,2024,FALSE
430aae44fcd4659e14c693d0d29cca49,2024-02-10,10,6,Sat,2,Feb,1,2024,TRUE
814d468c0a0ca67e111b8dfe84638be7,2024-02-11,11,0,Sun,2,Feb,1,2024,TRUE
938acc2d101b019af3046abcd2b05e16,2024-02-12,12,1,Mon,2,Feb,1,2024,FALSE
2549028959692f1a03fd6eb66e3b94f6,2024-02-13,13,2,Tue,2,Feb,1,2024,FALSE
0f69a121cec8c0dd8e66e29e6e302b77,2024-02-14,14,3,Wed,2,Feb,1,2024,FALSE
a580427bef9b62578331aa5202405981,2024-02-15,15,4,Thu,2,Feb,1,2024,FALSE
078fc3fc483bf734fa59df4de809cdd8,2024-02-16,16,5,Fri,2,Feb,1,2024,FALSE
90629d38ae258591191dc2cac7a55b4b,2024-02-17,17,6,Sat,2,Feb,1,2024,TRUE
c859b8688bce087567e7f7776134a856,2024-02-18,18,0,Sun,2,Feb,1,2024,TRUE
bae0c1a37966de25fe7c604288d4d861,2024-02-19,19,1,Mon,2,Feb,1,2024,FALSE
1b219996d4b2785c8a00bd8f7c4f04d4,2024-02-20,20,2,Tue,2,Feb,1,2024,FALSE
cd6e0ff349516c79e39dae9f669b0f84,2024-02-21,21,3,Wed,2,Feb,1,2024,FALSE
13d32f84ac55bee03d14142d4339c208,2024-02-22,22,4,Thu,2,Feb,1,2024,FALSE
6ad9767de05f3083ffea0c0a19f708fb,2024-02-23,23,5,Fri,2,Feb,1,2024,FALSE
101881edf33aa624fd4a1703f51aabb7,2024-02-24,24,6,Sat,2,Feb,1,2024,TRUE
0ea1afd57083f7b37b0ec4fe26f94113,2024-02-25,25,0,Sun,2,Feb,1,2024,TRUE
90f573db0b38c877b959e21ddd32c2af,2024-02-26,26,1,Mon,2,Feb,1,2024,FALSE
11151c33833f83f7633e81c91282e419,2024-02-27,27,2,Tue,2,Feb,1,2024,FALSE
22b2916ed6d9003eba61399d511daf2b,2024-02-28,28,3,Wed,2,Feb,1,2024,FALSE
d8ee23aa5ffa8f08568918e00a31d3ff,2024-02-29,29,4,Thu,2,Feb,1,2024,FALSE
111665b2b9fb936b919296aa23bc40bb,2024-03-01,1,5,Fri,3,Mar,1,2024,FALSE
d1e845cfa0194725e9cec54f2514ff8d,2024-03-02,2,6,Sat,3,Mar,1,2024,TRUE
da49086894138f9db20044274d6880da,2024-03-03,3,0,Sun,3,Mar,1,2024,TRUE
502d7101fa3791b859ff8ebbb3077bc3,2024-03-04,4,1,Mon,3,Mar,1,2024,FALSE
3ab97a2dae3f6e8b46a4d2078a45b29d,2024-03-05,5,2,Tue,3,Mar,1,2024,FALSE
3463984c3015d40096d489ca0d283927,2024-03-06,6,3,Wed,3,Mar,1,2024,FALSE
b1fad1641d359018ceb98eeb5df7ebcf,2024-03-07,7,4,Thu,3,Mar,1,2024,FALSE
0ae208e45ce743ba2f69db1dfbc9edb7,2024-03-08,8,5,Fri,3,Mar,1,2024,FALSE
64a60bfd6814dac91aeac9e2c7f71ba5,2024-03-09,9,6,Sat,3,Mar,1,2024,TRUE
e2030f6ffc7b8ec397e5ae94cd6ca944,2024-03-10,10,0,Sun,3,Mar,1,2024,TRUE
333214bb1960766c64c65b572a24410e,2024-03-11,11,1,Mon,3,Mar,1,2024,FALSE
a71dba351b5be250f6f55b027b03522d,2024-03-12,12,2,Tue,3,Mar,1,2024,FALSE
eace807208b9da1300b6137fdac3b312,2024-03-13,13,3,Wed,3,Mar,1,2024,FALSE
127d8560a1499194338341ca648c2ce2,2024-03-14,14,4,Thu,3,Mar,1,2024,FALSE
038ad75cd48825ca66ee8f10d561c4f9,2024-03-15,15,5,Fri,3,Mar,1,2024,FALSE
d856ec0a0bdeeb6c787c36bb9e7646b3,2024-03-16,16,6,Sat,3,Mar,1,2024,TRUE
67c4dea01bc6d5fa747374c10d3b9abc,2024-03-17,17,0,Sun,3,Mar,1,2024,TRUE
d05b2fbe3cf1cb98f39a29b001ee4409,2024-03-18,18,1,Mon,3,Mar,1,2024,FALSE
f46b625f66634bfabaa2af5b60e1a894,2024-03-19,19,2,Tue,3,Mar,1,2024,FALSE
89bdf4a15753dfdddd324d4ce386046c,2024-03-20,20,3,Wed,3,Mar,1,2024,FALSE
cbea1bbb6e461cfb7b55f15d6912499d,2024-03-21,21,4,Thu,3,Mar,1,2024,FALSE
ef272c9a54869e62dc29ec70f92aedac,2024-03-22,22,5,Fri,3,Mar,1,2024,FALSE
85b18b41d9fc0d4c528ef040dccc5de1,2024-03-23,23,6,Sat,3,Mar,1,2024,TRUE
e71bc278d7ec56b7930ed69a679a5d85,2024-03-24,24,0,Sun,3,Mar,1,2024,TRUE
e719768e7871ee5d10a6eb4fbbfcdb0e,2024-03-25,25,1,Mon,3,Mar,1,2024,FALSE
830d5964b4dc9db2ad9ebeb5609bc9bf,2024-03-26,26,2,Tue,3,Mar,1,2024,FALSE
c8e3360999fba2f248fea27a63049bd0,2024-03-27,27,3,Wed,3,Mar,1,2024,FALSE
1f8991de0c227d0f857142659e4a3024,2024-03-28,28,4,Thu,3,Mar,1,2024,FALSE
2161636914a12fb30a365816c432721e,2024-03-29,29,5,Fri,3,Mar,1,2024,FALSE
08a762955f4503fbf02f024558307ca2,2024-03-30,30,6,Sat,3,Mar,1,2024,TRUE
e7be072b0851bb2dc4987b3af8f028f2,2024-03-31,31,0,Sun,3,Mar,1,2024,TRUE
70edc7a9e19938d258df30ed87f6cac6,2024-04-01,1,1,Mon,4,Apr,2,2024,FALSE
a8b52b21f7a5ec78f80a5ee21e90d47f,2024-04-02,2,2,Tue,4,Apr,2,2024,FALSE
b5cb2835c3dabe789fd10d2dbc25c364,2024-04-03,3,3,Wed,4,Apr,2,2024,FALSE
5c6436eb75dd2af40855e18eb50667e9,2024-04-04,4,4,Thu,4,Apr,2,2024,FALSE
843e93d6218ff463d1d2e5a92feb634f,2024-04-05,5,5,Fri,4,Apr,2,2024,FALSE
3a412da30ab7a6bd81f0612bd06eb0ec,2024-04-06,6,6,Sat,4,Apr,2,2024,TRUE
8d54c84adb4ca39fd3a48e02470aca29,2024-04-07,7,0,Sun,4,Apr,2,2024,TRUE
6e6414d69ce57a4c6dae6e05c1e46ade,2024-04-08,8,1,Mon,4,Apr,2,2024,FALSE
58b088ea0fac28d8442638ae837df2f3,2024-04-09,9,2,Tue,4,Apr,2,2024,FALSE
4535b2d8597049bf46e7f187c22b01ea,2024-04-10,10,3,Wed,4,Apr,2,2024,FALSE
925b94501227e9bb682f4049aea7dcc3,2024-04-11,11,4,Thu,4,Apr,2,2024,FALSE
fb175fd06651922346e5632c06514333,2024-04-12,12,5,Fri,4,Apr,2,2024,FALSE
c0af4bd3bd1b74df8bb03cc4efb012a7,2024-04-13,13,6,Sat,4,Apr,2,2024,TRUE
414b21974560b5f8e1736dcd8ca1faa1,2024-04-14,14,0,Sun,4,Apr,2,2024,TRUE
a6290cc78c0ca9871f23932f55a46658,2024-04-15,15,1,Mon,4,Apr,2,2024,FALSE
979bc42d67a116a4e0ae6a9a16aa4ae6,2024-04-16,16,2,Tue,4,Apr,2,2024,FALSE
a6c2333812df9f37dd6bc944f3e0c1d2,2024-04-17,17,3,Wed,4,Apr,2,2024,FALSE
c3ce43e40c6a511c3fb47dd60bfa8566,2024-04-18,18,4,Thu,4,Apr,2,2024,FALSE
6e1a534616ddb0f7ee1d0876498c62f4,2024-04-19,19,5,Fri,4,Apr,2,2024,FALSE
940be853534f764f78337b13b1238e9c,2024-04-20,20,6,Sat,4,Apr,2,2024,TRUE
7548130aaf30ab949254772241588966,2024-04-21,21,0,Sun,4,Apr,2,2024,TRUE
6c30b921f9dd647809ab6d2438aa5522,2024-04-22,22,1,Mon,4,Apr,2,2024,FALSE
7facc3eb896c1fd5aaa130afa570683f,2024-04-23,23,2,Tue,4,Apr,2,2024,FALSE
be4910e13365511fd914ba822d84c067,2024-04-24,24,3,Wed,4,Apr,2,2024,FALSE
13d2bc975b817a63b5ca3407cf0fd23b,2024-04-25,25,4,Thu,4,Apr,2,2024,FALSE
f454ffb7fde14042ecbb9482162ad5ec,2024-04-26,26,5,Fri,4,Apr,2,2024,FALSE
08a2b4a3f8afe60ea2d946d348451976,2024-04-27,27,6,Sat,4,Apr,2,2024,TRUE
965651ddfb42968d25527011b1495c86,2024-04-28,28,0,Sun,4,Apr,2,2024,TRUE
5a75a392f4fcc4c7a8156cca27ab0e3d,2024-04-29,29,1,Mon,4,Apr,2,2024,FALSE
1342d69a84b3aa4ae4f9c7c359417e80,2024-04-30,30,2,Tue,4,Apr,2,2024,FALSE
1d8686e61a374dca969fa180b72597d1,2024-05-01,1,3,Wed,5,May,2,2024,FALSE
c8ef4f50e35de525b1b714a59143542a,2024-05-02,2,4,Thu,5,May,2,2024,FALSE
e617e325f1bbeff5f16f53919a242d9e,2024-05-03,3,5,Fri,5,May,2,2024,FALSE
5a74389c714f88b9f2568fc7d059b33a,2024-05-04,4,6,Sat,5,May,2,2024,TRUE
4629dc66936b3bfff7b575db88e5d1aa,2024-05-05,5,0,Sun,5,May,2,2024,TRUE
6b87aeaa86dd34fcfdd4220f664e37c4,2024-05-06,6,1,Mon,5,May,2,2024,FALSE
e964f5ca7ab45655ee6f3b62a835e2e9,2024-05-07,7,2,Tue,5,May,2,2024,FALSE
26388aa75df11303c5a203e02f9fa4a1,2024-05-08,8,3,Wed,5,May,2,2024,FALSE
740c1e0f22c109481cb0da8abe660ae0,2024-05-09,9,4,Thu,5,May,2,2024,FALSE
c4e550d0de161d75bf91fd57deb43012,2024-05-10,10,5,Fri,5,May,2,2024,FALSE
cc888e451958eb18c2bd93f2d77be86f,2024-05-11,11,6,Sat,5,May,2,2024,TRUE
7d84b3c73a7598c1e7495002b5c92d27,2024-05-12,12,0,Sun,5,May,2,2024,TRUE
bbd959e09130899d7cdf02cdfcdf4008,2024-05-13,13,1,Mon,5,May,2,2024,FALSE
95a7c5fa81241e80d11ae3016ec00a5b,2024-05-14,14,2,Tue,5,May,2,2024,FALSE
9d8197b1a454719f3a1688a5caadb35e,2024-05-15,15,3,Wed,5,May,2,2024,FALSE
cb673108d0688647772bca287ab11d55,2024-05-16,16,4,Thu,5,May,2,2024,FALSE
5f064c9a3e3585dd1e12985f8b4b0330,2024-05-17,17,5,Fri,5,May,2,2024,FALSE
dca812b14edd38a8550b0ce37d987bcc,2024-05-18,18,6,Sat,5,May,2,2024,TRUE
0042de8ba5dd00715c1d7950eea9c2f7,2024-05-19,19,0,Sun,5,May,2,2024,TRUE
55813baf4a814d46e51fc7b502fa7bf6,2024-05-20,20,1,Mon,5,May,2,2024,FALSE
a4adfd6894c0820a450f504cdba380b8,2024-05-21,21,2,Tue,5,May,2,2024,FALSE
fb1bc46212e0ce9f828220985a7046e3,2024-05-22,22,3,Wed,5,May,2,2024,FALSE
4c32c6c73c6fea8dbd8857865a5c7996,2024-05-23,23,4,Thu,5,May,2,2024,FALSE
10243bcf865d36fd3d054b66cbd44891,2024-05-24,24,5,Fri,5,May,2,2024,FALSE
1c7546bd63751339e8c86838a1b6599d,2024-05-25,25,6,Sat,5,May,2,2024,TRUE
6befc5dc2494e21bd8dac5a5490253dd,2024-05-26,26,0,Sun,5,May,2,2024,TRUE
a1cfe3e35d3052cd24832833e9751ecf,2024-05-27,27,1,Mon,5,May,2,2024,FALSE
92187e7f1007e02a35a4100afe126b77,2024-05-28,28,2,Tue,5,May,2,2024,FALSE
b95589bd1548dae4795f7a79939a56a0,2024-05-29,29,3,Wed,5,May,2,2024,FALSE
fd182f0696a60dec7fcea831300d30dc,2024-05-30,30,4,Thu,5,May,2,2024,FALSE
35fa53f6e776a816019770b6cb5942c6,2024-05-31,31,5,Fri,5,May,2,2024,FALSE
f4baa19afcd022a1d114b7d61f695e3f,2024-06-01,1,6,Sat,6,Jun,2,2024,TRUE
1a58e79b47fa8d622be2156d033447b6,2024-06-02,2,0,Sun,6,Jun,2,2024,TRUE
e223999a6c714cd33a92a4cd03e65a90,2024-06-03,3,1,Mon,6,Jun,2,2024,FALSE
96dc60e4bc810335ed358ca29378c41e,2024-06-04,4,2,Tue,6,Jun,2,2024,FALSE
af860e1889bc86177636bda12d13da47,2024-06-05,5,3,Wed,6,Jun,2,2024,FALSE
dc1bde85b2d96416b3268213631d2924,2024-06-06,6,4,Thu,6,Jun,2,2024,FALSE
bf8ff0974b1b318e5f919a9403597118,2024-06-07,7,5,Fri,6,Jun,2,2024,FALSE
94e8c3f7e9ccc54a0d49fe9c8742cceb,2024-06-08,8,6,Sat,6,Jun,2,2024,TRUE
5a25a0186554b37e9e29ae14f71a8c4e,2024-06-09,9,0,Sun,6,Jun,2,2024,TRUE
ccc5fdadeaee527d546cb05fbdb55e24,2024-06-10,10,1,Mon,6,Jun,2,2024,FALSE
1ecb33538ed153cd2252dd632301b2a3,2024-06-11,11,2,Tue,6,Jun,2,2024,FALSE
51b568db42c5db15d69f95aa47fd54f9,2024-06-12,12,3,Wed,6,Jun,2,2024,FALSE
792bc5064950bf06f005ecbf26f422fc,2024-06-13,13,4,Thu,6,Jun,2,2024,FALSE
dd4f090699e9236360181f9f335fa554,2024-06-14,14,5,Fri,6,Jun,2,2024,FALSE
ec1e18b536b182e5d33f47c435ad9601,2024-06-15,15,6,Sat,6,Jun,2,2024,TRUE
9f7d1817ccf6e49d1ca7130712ee8477,2024-06-16,16,0,Sun,6,Jun,2,2024,TRUE
dc2667d6ebcc1c5ff0e90c09e8d75138,2024-06-17,17,1,Mon,6,Jun,2,2024,FALSE
99844f46a5e7cb6d5e5402b329c7a764,2024-06-18,18,2,Tue,6,Jun,2,2024,FALSE
0b616fd49f77963a4c2b937ee3c6254f,2024-06-19,19,3,Wed,6,Jun,2,2024,FALSE
111b48ca08f36e91d344805fe45e436d,2024-06-20,20,4,Thu,6,Jun,2,2024,FALSE
c3448fc5bc683d8d745e8cbc723f2bd6,2024-06-21,21,5,Fri,6,Jun,2,2024,FALSE
dd7005667a72abed4b7d3acf71069df0,2024-06-22,22,6,Sat,6,Jun,2,2024,TRUE
b7241a610890a3da492a29ab8c37085a,2024-06-23,23,0,Sun,6,Jun,2,2024,TRUE
cb196f35ea0f622a44c66cdd1d30e89e,2024-06-24,24,1,Mon,6,Jun,2,2024,FALSE
db14e7e36632fe718465712d0db1033f,2024-06-25,25,2,Tue,6,Jun,2,2024,FALSE
6bf64a9222eea24f5248edc4d35374e4,2024-06-26,26,3,Wed,6,Jun,2,2024,FALSE
a30468ed1b9659816888f23a29208a08,2024-06-27,27,4,Thu,6,Jun,2,2024,FALSE
13b8a941e1737486c87285910e30071d,2024-06-28,28,5,Fri,6,Jun,2,2024,FALSE
0b42b4e233850ad7fa9e89364fb7e072,2024-06-29,29,6,Sat,6,Jun,2,2024,TRUE
c53f17b115231133314a622517db39da,2024-06-30,30,0,Sun,6,Jun,2,2024,TRUE
d4e1ea0edc6a6f71fe8dd2424026ae16,2024-07-01,1,1,Mon,7,Jul,3,2024,FALSE
63d3237e17f8f1bf2bc94a27537c7198,2024-07-02,2,2,Tue,7,Jul,3,2024,FALSE
92a98c907fabe0528a039841e45739ec,2024-07-03,3,3,Wed,7,Jul,3,2024,FALSE
c306066b8ed4d74fd601b90954c6e09e,2024-07-04,4,4,Thu,7,Jul,3,2024,FALSE
b7a91742eb2f8884715cf18d612e99ca,2024-07-05,5,5,Fri,7,Jul,3,2024,FALSE
0a4d6dac8c9433832024a23cfed23e76,2024-07-06,6,6,Sat,7,Jul,3,2024,TRUE
021ac29d3012fd7caab5a70c75ae987f,2024-07-07,7,0,Sun,7,Jul,3,2024,TRUE
ce3c747a3060172223b2b7c655b4ff12,2024-07-08,8,1,Mon,7,Jul,3,2024,FALSE
d047bed9114b322bc726528886ec6de1,2024-07-09,9,2,Tue,7,Jul,3,2024,FALSE
cb7a4a0b49eedc9342d5dc86f84d7de7,2024-07-10,10,3,Wed,7,Jul,3,2024,FALSE
d94ba878fe8d11d1c9ca0f20d33445c5,2024-07-11,11,4,Thu,7,Jul,3,2024,FALSE
7ec2fec93c9f8a1231fa3caa6884803d,2024-07-12,12,5,Fri,7,Jul,3,2024,FALSE
962250cb0c95133f145eb168913997dd,2024-07-13,13,6,Sat,7,Jul,3,2024,TRUE
76e6f33062ee9efc5edf268617f71b8c,2024-07-14,14,0,Sun,7,Jul,3,2024,TRUE
3702a6a10ef1a062d478740282cb46b3,2024-07-15,15,1,Mon,7,Jul,3,2024,FALSE
4a35d1590d91f8aba90c526660abed6e,2024-07-16,16,2,Tue,7,Jul,3,2024,FALSE
ae74e64e015aa2f60cbf49a250513672,2024-07-17,17,3,Wed,7,Jul,3,2024,FALSE
6af20f484433c59c8ad71248502c5b06,2024-07-18,18,4,Thu,7,Jul,3,2024,FALSE
34b6221cbccf9e1d92f09d9e10ca77ac,2024-07-19,19,5,Fri,7,Jul,3,2024,FALSE
b02218ad4893e8090959d5c0e9712ba8,2024-07-20,20,6,Sat,7,Jul,3,2024,TRUE
a0a32d66825a9c74fcb70967f086e931,2024-07-21,21,0,Sun,7,Jul,3,2024,TRUE
73ca67c8d96ca10da32d9d1f291b4658,2024-07-22,22,1,Mon,7,Jul,3,2024,FALSE
0ec0e29706c4e213a2910b54147c1d5c,2024-07-23,23,2,Tue,7,Jul,3,2024,FALSE
9f6f8e0cf1c4a1bd3ef055b5ae03048e,2024-07-24,24,3,Wed,7,Jul,3,2024,FALSE
f42628bc0d2fc362f041c31e0e90b10f,2024-07-25,25,4,Thu,7,Jul,3,2024,FALSE
d1f16c3ffd56655618605c49252ca67d,2024-07-26,26,5,Fri,7,Jul,3,2024,FALSE
3af562a9a4aeffa14af848cbc90b507d,2024-07-27,27,6,Sat,7,Jul,3,2024,TRUE
89cee19fccc81fe8b277b96928a6fb23,2024-07-28,28,0,Sun,7,Jul,3,2024,TRUE
509303e835989bf4c9197686972cc2fa,2024-07-29,29,1,Mon,7,Jul,3,2024,FALSE
edc291523fc4828ae0fa4177113cee02,2024-07-30,30,2,Tue,7,Jul,3,2024,FALSE
483e56799cd590a57b947254f5acc9a7,2024-07-31,31,3,Wed,7,Jul,3,2024,FALSE
c09fda3b7c33e798acd103b71a6fc404,2024-08-01,1,4,Thu,8,Aug,3,2024,FALSE
6ec88e5862f5baec35e4608df2fdaa32,2024-08-02,2,5,Fri,8,Aug,3,2024,FALSE
4e56d863c963be2383bc3135aaaf02da,2024-08-03,3,6,Sat,8,Aug,3,2024,TRUE
a41d6b8d358bc9ae448d19a2d13faa53,2024-08-04,4,0,Sun,8,Aug,3,2024,TRUE
8c29627462b138d25346dad097e9c95d,2024-08-05,5,1,Mon,8,Aug,3,2024,FALSE
7938244a3b18f52389e1d1016e6e5055,2024-08-06,6,2,Tue,8,Aug,3,2024,FALSE
3b2aba73eaf1d9db82da18a462bbffe5,2024-08-07,7,3,Wed,8,Aug,3,2024,FALSE
54b845081bd089efb1f91a1b5a00304b,2024-08-08,8,4,Thu,8,Aug,3,2024,FALSE
f0a9858f2fa8a91170455c0c8e30c7be,2024-08-09,9,5,Fri,8,Aug,3,2024,FALSE
1ef8b22ccc1b6230eb7fc39d6c27a98b,2024-08-10,10,6,Sat,8,Aug,3,2024,TRUE
010aa0f19e75240c5c75eef12db265c8,2024-08-11,11,0,Sun,8,Aug,3,2024,TRUE
935dd5bdf9cf46c6a289979e4181c23f,2024-08-12,12,1,Mon,8,Aug,3,2024,FALSE
0da73d8d9b59233595b939ca2f5b6398,2024-08-13,13,2,Tue,8,Aug,3,2024,FALSE
182376d23eae16813f5ae37cd2b08a85,2024-08-14,14,3,Wed,8,Aug,3,2024,FALSE
9c907da90a1a7552bf445ccc8eaa44ed,2024-08-15,15,4,Thu,8,Aug,3,2024,FALSE
e60de53a597c791e92e8631e223ef3e0,2024-08-16,16,5,Fri,8,Aug,3,2024,FALSE
2f7b39f2453bf744144570a4ee41573c,2024-08-17,17,6,Sat,8,Aug,3,2024,TRUE
cb4d103bacc068fe93ed8b096fcb3165,2024-08-18,18,0,Sun,8,Aug,3,2024,TRUE
1f51d5fb80a85737af83497676a256c9,2024-08-19,19,1,Mon,8,Aug,3,2024,FALSE
bf10eb4d62ba568077ea1e92209f2775,2024-08-20,20,2,Tue,8,Aug,3,2024,FALSE
0816a11d6597dbd519dbcf450e1565d5,2024-08-21,21,3,Wed,8,Aug,3,2024,FALSE
99cc610185730a759a2abb5955875801,2024-08-22,22,4,Thu,8,Aug,3,2024,FALSE
f2ccfbae579b92efcb88d2eb4ef7d121,2024-08-23,23,5,Fri,8,Aug,3,2024,FALSE
5b68fc6e105b6dab57f417a26052f255,2024-08-24,24,6,Sat,8,Aug,3,2024,TRUE
163d52ed9b38cbca9e8d65c9b3140d9d,2024-08-25,25,0,Sun,8,Aug,3,2024,TRUE
b3821d50a02c81e0d317a032cd09a176,2024-08-26,26,1,Mon,8,Aug,3,2024,FALSE
a2baa7d72a666e6a55a49dc9ca76ca3c,2024-08-27,27,2,Tue,8,Aug,3,2024,FALSE
75b76232fbe109cf4417620882db373d,2024-08-28,28,3,Wed,8,Aug,3,2024,FALSE
6924383016481900d7cc77ccaa72ad76,2024-08-29,29,4,Thu,8,Aug,3,2024,FALSE
9ea705c4fc07bb6b503ba0d14ea3e144,2024-08-30,30,5,Fri,8,Aug,3,2024,FALSE
1d26d349762f8697f3a646b327c118a5,2024-08-31,31,6,Sat,8,Aug,3,2024,TRUE
5a41a3272b612d6600223d90afc4ffba,2024-09-01,1,0,Sun,9,Sep,3,2024,TRUE
45635c5448dc152669dc8ae27a565b81,2024-09-02,2,1,Mon,9,Sep,3,2024,FALSE
80bc8c0007e7004081033deae44bd597,2024-09-03,3,2,Tue,9,Sep,3,2024,FALSE
007801f170432603e58f958bc4339189,2024-09-04,4,3,Wed,9,Sep,3,2024,FALSE
27aaaa2e22208910dca498d5a1fe31a0,2024-09-05,5,4,Thu,9,Sep,3,2024,FALSE
2ff74f368e205251afe3bf227270bda7,2024-09-06,6,5,Fri,9,Sep,3,2024,FALSE
e0fd875960d468befe14f0ee0a3655ff,2024-09-07,7,6,Sat,9,Sep,3,2024,TRUE
15a359ccc3bd02e833fbbe4a87243399,2024-09-08,8,0,Sun,9,Sep,3,2024,TRUE
78842cdd83ec06976dbd3b112b8b704b,2024-09-09,9,1,Mon,9,Sep,3,2024,FALSE
00bc5127edeec9094975b4dfab601f15,2024-09-10,10,2,Tue,9,Sep,3,2024,FALSE
661600ac6f59c99019dec8c406d3f3ba,2024-09-11,11,3,Wed,9,Sep,3,2024,FALSE
81dec2e35bf7152d74216ed3a31ec344,2024-09-12,12,4,Thu,9,Sep,3,2024,FALSE
d7f060b5af999ddd26218093648c9352,2024-09-13,13,5,Fri,9,Sep,3,2024,FALSE
f4c36d3e979ecaf2799fa5ba544d7112,2024-09-14,14,6,Sat,9,Sep,3,2024,TRUE
50102c844f00eac16002eff7e6fc4726,2024-09-15,15,0,Sun,9,Sep,3,2024,TRUE
d88d65fd443078ebcc4c37a2981e8231,2024-09-16,16,1,Mon,9,Sep,3,2024,FALSE
9e5f35fe8faa93380b31d34bdd6b93cb,2024-09-17,17,2,Tue,9,Sep,3,2024,FALSE
d39150c0ab3fcac73091059ad683d6e0,2024-09-18,18,3,Wed,9,Sep,3,2024,FALSE
9f220db04e7195ea3730c9dd5537897c,2024-09-19,19,4,Thu,9,Sep,3,2024,FALSE
e22d6e10000f18da91266f085a8fa4ce,2024-09-20,20,5,Fri,9,Sep,3,2024,FALSE
899d008e850dd58995612996aab32df4,2024-09-21,21,6,Sat,9,Sep,3,2024,TRUE
6869d86598bd1a370571bd5dff39cc7c,2024-09-22,22,0,Sun,9,Sep,3,2024,TRUE
4556f46f6671b484a3668d042eb36730,2024-09-23,23,1,Mon,9,Sep,3,2024,FALSE
f437dd024554a0eda5d5651001cfa4bd,2024-09-24,24,2,Tue,9,Sep,3,2024,FALSE
b51a0f9ac6648178482990294fb95131,2024-09-25,25,3,Wed,9,Sep,3,2024,FALSE
8ba0cd1e3b1431e05cd65eb1c92d1546,2024-09-26,26,4,Thu,9,Sep,3,2024,FALSE
1ade04fdd99b95af8c8bb4511a50cb24,2024-09-27,27,5,Fri,9,Sep,3,2024,FALSE
f6fec0b1d804f252d5ba80c4af21524a,2024-09-28,28,6,Sat,9,Sep,3,2024,TRUE
94bc5d9f2e30e5678caa5a3b2feb4216,2024-09-29,29,0,Sun,9,Sep,3,2024,TRUE
3a9000e44b92c25a4c2481508bed10ec,2024-09-30,30,1,Mon,9,Sep,3,2024,FALSE
3dfeb9a1278a0489cf08b7b6c2844963,2024-10-01,1,2,Tue,10,Oct,4,2024,FALSE
0fbf49975ff4668115d260023dc2a0a9,2024-10-02,2,3,Wed,10,Oct,4,2024,FALSE
fdefd8cc22140ef060e884d11dca8527,2024-10-03,3,4,Thu,10,Oct,4,2024,FALSE
0ca5ef3da2d5dc0f73a09dc797a819e8,2024-10-04,4,5,Fri,10,Oct,4,2024,FALSE
c50e13521d483744fd3de2229d8d2f8b,2024-10-05,5,6,Sat,10,Oct,4,2024,TRUE
ca6503589aa63efdfe870f8ae311b68d,2024-10-06,6,0,Sun,10,Oct,4,2024,TRUE
359b0c959f665a7b3d54c3918d070030,2024-10-07,7,1,Mon,10,Oct,4,2024,FALSE
3d8921a4858d8267c7aaacd5a49a1461,2024-10-08,8,2,Tue,10,Oct,4,2024,FALSE
2285687869c54fdd9d23f3ce4d90ab1a,2024-10-09,9,3,Wed,10,Oct,4,2024,FALSE
b577c30749d6cd1bbe0858a1298c0395,2024-10-10,10,4,Thu,10,Oct,4,2024,FALSE
2b30f411779ec8798bd918cd9ba02d35,2024-10-11,11,5,Fri,10,Oct,4,2024,FALSE
2fdc466b5e776cd432405bd2c3bfb553,2024-10-12,12,6,Sat,10,Oct,4,2024,TRUE
00d605bd5cc0e787001f985d5c0b5201,2024-10-13,13,0,Sun,10,Oct,4,2024,TRUE
ca7c87209cd064a8077fd2ab7116d48a,2024-10-14,14,1,Mon,10,Oct,4,2024,FALSE
14535b4b322865943ac2ee2f4e8fca6b,2024-10-15,15,2,Tue,10,Oct,4,2024,FALSE
5afb51ef4f82fd8dc7ebdd886975e661,2024-10-16,16,3,Wed,10,Oct,4,2024,FALSE
ade91b99c53d6e0aec6f066a3f864a28,2024-10-17,17,4,Thu,10,Oct,4,2024,FALSE
20f6a17b4a46bafd901602911acd1159,2024-10-18,18,5,Fri,10,Oct,4,2024,FALSE
b325ec1c7ed8eda27fa773daf5ccf33a,2024-10-19,19,6,Sat,10,Oct,4,2024,TRUE
d365c6114b0db9bd28c58e7e9d6b9231,2024-10-20,20,0,Sun,10,Oct,4,2024,TRUE
ac57a873f23e6ace339de270e116a70a,2024-10-21,21,1,Mon,10,Oct,4,2024,FALSE
be1259ffc7047b60de677699419ccccf,2024-10-22,22,2,Tue,10,Oct,4,2024,FALSE
be60d5acf94273e503e12944ba730d51,2024-10-23,23,3,Wed,10,Oct,4,2024,FALSE
add7afc2829897f2a75a6af30a73209c,2024-10-24,24,4,Thu,10,Oct,4,2024,FALSE
657c1b48dcdc964fa5ccceb8c78cb520,2024-10-25,25,5,Fri,10,Oct,4,2024,FALSE
40078c8cb5fab91df4315ede5c878ae1,2024-10-26,26,6,Sat,10,Oct,4,2024,TRUE
8aa5c9ae2a8ec2f7abd70533727da835,2024-10-27,27,0,Sun,10,Oct,4,2024,TRUE
528c065349d1db8dbb55d8b43f91c1c2,2024-10-28,28,1,Mon,10,Oct,4,2024,FALSE
3577771fd8764e951b250b8657a0bf88,2024-10-29,29,2,Tue,10,Oct,4,2024,FALSE
97239cc99b9fb354149be2696a045c0c,2024-10-30,30,3,Wed,10,Oct,4,2024,FALSE
51fcad48f76a22206b5b5e1dd5df4507,2024-10-31,31,4,Thu,10,Oct,4,2024,FALSE
1b86d535c6882b0f1896344e5008658d,2024-11-01,1,5,Fri,11,Nov,4,2024,FALSE
3cd770bc1032e2226464f80e4093d560,2024-11-02,2,6,Sat,11,Nov,4,2024,TRUE
ca385f8a90dc256c71e43f23f9b870f2,2024-11-03,3,0,Sun,11,Nov,4,2024,TRUE
9b86bf666af0974ec7532ac0aee5072f,2024-11-04,4,1,Mon,11,Nov,4,2024,FALSE
55ac7856557b16dc32a22e2e9104c331,2024-11-05,5,2,Tue,11,Nov,4,2024,FALSE
e9598d5e9a5569d14b08ccf7529f85fa,2024-11-06,6,3,Wed,11,Nov,4,2024,FALSE
723995a6f3cb2063af867a2c518727bf,2024-11-07,7,4,Thu,11,Nov,4,2024,FALSE
f1e97fa3005ee6331d67ab51789d92f9,2024-11-08,8,5,Fri,11,Nov,4,2024,FALSE
63fcc38e24b9d4b61d9b74dd7dde8b7a,2024-11-09,9,6,Sat,11,Nov,4,2024,TRUE
9f2c6c1aff726f040695dfeb1c049cd7,2024-11-10,10,0,Sun,11,Nov,4,2024,TRUE
f462230f4e4289784e8469f2babda8fd,2024-11-11,11,1,Mon,11,Nov,4,2024,FALSE
094b47b310938db661f77b9e561ff688,2024-11-12,12,2,Tue,11,Nov,4,2024,FALSE
760c821759044c747a40acd4332e2df4,2024-11-13,13,3,Wed,11,Nov,4,2024,FALSE
941e22d8a4f291e3ef640e97c4354a02,2024-11-14,14,4,Thu,11,Nov,4,2024,FALSE
8d93d08547e13457432f51b987f473d4,2024-11-15,15,5,Fri,11,Nov,4,2024,FALSE
385383b19c9265cbc6dfc926f42a9a47,2024-11-16,16,6,Sat,11,Nov,4,2024,TRUE
3b10b95c944456594b42d9fb2227f130,2024-11-17,17,0,Sun,11,Nov,4,2024,TRUE
73c17a0ded536e80dd7014c9d445ee31,2024-11-18,18,1,Mon,11,Nov,4,2024,FALSE
fa05f0ecfc8453646c28776e3eb0cfa1,2024-11-19,19,2,Tue,11,Nov,4,2024,FALSE
1511cb00613e8ffa4ea4c2934d59b0c4,2024-11-20,20,3,Wed,11,Nov,4,2024,FALSE
9913f136f555e8d180895e7b13f3cc29,2024-11-21,21,4,Thu,11,Nov,4,2024,FALSE
78437fe06118302ab9269c8b74633a45,2024-11-22,22,5,Fri,11,Nov,4,2024,FALSE
dd29c402bf731c616c8e1afe5f7faf13,2024-11-23,23,6,Sat,11,Nov,4,2024,TRUE
3260ad7ef0f55524eb46b16414cb560c,2024-11-24,24,0,Sun,11,Nov,4,2024,TRUE
04d6c157a7ca8f8016dd416e9ca2811f,2024-11-25,25,1,Mon,11,Nov,4,2024,FALSE
f44459cbd0dfad98908de86222f60dfc,2024-11-26,26,2,Tue,11,Nov,4,2024,FALSE
2fed2af6f4ac6887309873c6d6f5ad4c,2024-11-27,27,3,Wed,11,Nov,4,2024,FALSE
8dea283c95738e8618feacd3613ef614,2024-11-28,28,4,Thu,11,Nov,4,2024,FALSE
b3897bff8ea3cc7f99549fa31f8d0472,2024-11-29,29,5,Fri,11,Nov,4,2024,FALSE
5edc37707cdfc2002027b1e0b11584f0,2024-11-30,30,6,Sat,11,Nov,4,2024,TRUE
80d5de3a419a69be5ba960bb0fef9a1d,2024-12-01,1,0,Sun,12,Dec,4,2024,TRUE
4f76fc777dbfe60913ac6f49a713325e,2024-12-02,2,1,Mon,12,Dec,4,2024,FALSE
402753af5e0286ebca562300607651d1,2024-12-03,3,2,Tue,12,Dec,4,2024,FALSE
e6b9d5a22c79c6e4bde01404152f6a3a,2024-12-04,4,3,Wed,12,Dec,4,2024,FALSE
6b46f8e5a2f754bbc65a63909a0c1585,2024-12-05,5,4,Thu,12,Dec,4,2024,FALSE
1d165b7c8dbf1f8f836b4717a154429d,2024-12-06,6,5,Fri,12,Dec,4,2024,FALSE
035e711aaa29a9632f67428b85c43fb3,2024-12-07,7,6,Sat,12,Dec,4,2024,TRUE
02aba98ffebc7848559dbd36b6e7db46,2024-12-08,8,0,Sun,12,Dec,4,2024,TRUE
0b84586616b458e327ab9074a816575f,2024-12-09,9,1,Mon,12,Dec,4,2024,FALSE
698c6a41754d31d968a6f672ba40381a,2024-12-10,10,2,Tue,12,Dec,4,2024,FALSE
25d34630876617e030af019a0e80f862,2024-12-11,11,3,Wed,12,Dec,4,2024,FALSE
9e5752c0771e745aa67cad9225cf03f0,2024-12-12,12,4,Thu,12,Dec,4,2024,FALSE
53d70159c12ccbf7dc5db9ca2779ef08,2024-12-13,13,5,Fri,12,Dec,4,2024,FALSE
1595c4fa6f7a4494dd1cb0f73197117a,2024-12-14,14,6,Sat,12,Dec,4,2024,TRUE
504b8d54501f263420be384af3445978,2024-12-15,15,0,Sun,12,Dec,4,2024,TRUE
da168f2423762cd6d212d2b6c50a48df,2024-12-16,16,1,Mon,12,Dec,4,2024,FALSE
d5eff4c897d132f8b480644188673e53,2024-12-17,17,2,Tue,12,Dec,4,2024,FALSE
c2a776f97547a1f42c01489ae4c3093a,2024-12-18,18,3,Wed,12,Dec,4,2024,FALSE
3d4f25a6c633a2122dc6aed0565ac0d0,2024-12-19,19,4,Thu,12,Dec,4,2024,FALSE
a70ac2f3e9ccfc042d1f43cf96133d91,2024-12-20,20,5,Fri,12,Dec,4,2024,FALSE
f94b963c1ad1de1101b63fd76ab87b28,2024-12-21,21,6,Sat,12,Dec,4,2024,TRUE
439b20a26452e0b0dd3e22edd86cd4f5,2024-12-22,22,0,Sun,12,Dec,4,2024,TRUE
a10567df7eebdcaf237dd69613d6cee9,2024-12-23,23,1,Mon,12,Dec,4,2024,FALSE
aa18e6e176158eecbd815f7c8e7a41b9,2024-12-24,24,2,Tue,12,Dec,4,2024,FALSE
9d6c6b804ca90923c9d2b25d63499fb5,2024-12-25,25,3,Wed,12,Dec,4,2024,FALSE
4b62de32582f8582b2df55c221906afe,2024-12-26,26,4,Thu,12,Dec,4,2024,FALSE
625a7d47406e94c418e409362e0641ed,2024-12-27,27,5,Fri,12,Dec,4,2024,FALSE
e047381f8feeb53547b2aa4196c6bec7,2024-12-28,28,6,Sat,12,Dec,4,2024,TRUE
454f5ceb8ac64f57018ee0db5a3f9205,2024-12-29,29,0,Sun,12,Dec,4,2024,TRUE
4055855eb5b96a516413c700bf7369c6,2024-12-30,30,1,Mon,12,Dec,4,2024,FALSE
a448e7af4416d615121f68d83c954ec5,2024-12-31,31,2,Tue,12,Dec,4,2024,FALSE
ec2b3dfc15048614548fc885fd5a5838,2025-01-01,1,3,Wed,1,Jan,1,2025,FALSE
25c6faf0fc8c0722397be78ac2d13225,2025-01-02,2,4,Thu,1,Jan,1,2025,FALSE
3af1d7a883d6f1f1894d91d7db9fd235,2025-01-03,3,5,Fri,1,Jan,1,2025,FALSE
80a7ca84edc13312997f1488f9ce7d1a,2025-01-04,4,6,Sat,1,Jan,1,2025,TRUE
065531f581a60b79025f539bd1ff1cff,2025-01-05,5,0,Sun,1,Jan,1,2025,TRUE
c5e3fb9d31cd8a0b458ca9e3c4a690f6,2025-01-06,6,1,Mon,1,Jan,1,2025,FALSE
8f58b1e9fb7dbe38519ca04814f970d1,2025-01-07,7,2,Tue,1,Jan,1,2025,FALSE
59e21f76ae8ccbbf1f2241d7eab91a1f,2025-01-08,8,3,Wed,1,Jan,1,2025,FALSE
5945c6899cb6555d815a6679bc1878a6,2025-01-09,9,4,Thu,1,Jan,1,2025,FALSE
22423c3914c7f52a1db6eed283a45d78,2025-01-10,10,5,Fri,1,Jan,1,2025,FALSE
7c80c7b803fbac2a783b52f5682f7dff,2025-01-11,11,6,Sat,1,Jan,1,2025,TRUE
779b164104b2daee4d690f6ae57ca45d,2025-01-12,12,0,Sun,1,Jan,1,2025,TRUE
50fd9e7cd7a408db55aafe651741145f,2025-01-13,13,1,Mon,1,Jan,1,2025,FALSE
99027c1765bd5110fc1c5f5ad5139181,2025-01-14,14,2,Tue,1,Jan,1,2025,FALSE
a2b261f8c08049612d19cd28b7c1fddc,2025-01-15,15,3,Wed,1,Jan,1,2025,FALSE
537ad02d3cbb1ba64439c334fc3aec72,2025-01-16,16,4,Thu,1,Jan,1,2025,FALSE
8ba12f93ef5ac0c7c1138188a3f5ff14,2025-01-17,17,5,Fri,1,Jan,1,2025,FALSE
2ce67c832b64dde0b4acbecfe7e7a800,2025-01-18,18,6,Sat,1,Jan,1,2025,TRUE
fdc14f32897576eb6a3b1f7e898e7577,2025-01-19,19,0,Sun,1,Jan,1,2025,TRUE
dd39125958e361757125c656bd34a49a,2025-01-20,20,1,Mon,1,Jan,1,2025,FALSE
d28d948cd67ab64c13500ac64ecc6e66,2025-01-21,21,2,Tue,1,Jan,1,2025,FALSE
43c56433351f336a8ecd0e9efa7ddca4,2025-01-22,22,3,Wed,1,Jan,1,2025,FALSE
b8038f964dbf3b2f194e8c02c762fbe4,2025-01-23,23,4,Thu,1,Jan,1,2025,FALSE
383aa64d43b186f4d59d9e15730f46a2,2025-01-24,24,5,Fri,1,Jan,1,2025,FALSE
494db40510120e2f266017cd1b761075,2025-01-25,25,6,Sat,1,Jan,1,2025,TRUE
dc11c608f2e44e287d25dbed9df19519,2025-01-26,26,0,Sun,1,Jan,1,2025,TRUE
d8af86129fc90807e91474dd76d22bca,2025-01-27,27,1,Mon,1,Jan,1,2025,FALSE
cd1b09dfedc3d305fb14df86356c1fa0,2025-01-28,28,2,Tue,1,Jan,1,2025,FALSE
b1b2cbb6e57535be465554feee5f5eb8,2025-01-29,29,3,Wed,1,Jan,1,2025,FALSE
947615beed6affb0227b03bfda520c26,2025-01-30,30,4,Thu,1,Jan,1,2025,FALSE
bf26f544625558681abc65980ef22f47,2025-01-31,31,5,Fri,1,Jan,1,2025,FALSE
fef6a8a45b7b05e22197d9b03fdc03c1,2025-02-01,1,6,Sat,2,Feb,1,2025,TRUE
1d8ce1cfc87620dad9c49f1de100a4fb,2025-02-02,2,0,Sun,2,Feb,1,2025,TRUE
b19ee84dca9cb059a9aa42ed54c05752,2025-02-03,3,1,Mon,2,Feb,1,2025,FALSE
53efe5be64f377dcea4cda021d69cd30,2025-02-04,4,2,Tue,2,Feb,1,2025,FALSE
802f220440dbb6e9a3221f87051838a0,2025-02-05,5,3,Wed,2,Feb,1,2025,FALSE
67bbaba834a96dc221ef1cb189cb9721,2025-02-06,6,4,Thu,2,Feb,1,2025,FALSE
728ff614e9632de57ed864ad7555a9b4,2025-02-07,7,5,Fri,2,Feb,1,2025,FALSE
aef0d4a8297fc12777cc95a3ad78af0b,2025-02-08,8,6,Sat,2,Feb,1,2025,TRUE
e1957bfde162e6b4844803cf115452eb,2025-02-09,9,0,Sun,2,Feb,1,2025,TRUE
73bd554616c1152e4a02b20f2a96cf09,2025-02-10,10,1,Mon,2,Feb,1,2025,FALSE
2f11c73833aa32e7a1901e93c892fbad,2025-02-11,11,2,Tue,2,Feb,1,2025,FALSE
f286ceda378c5cc4622aba3ac6afe972,2025-02-12,12,3,Wed,2,Feb,1,2025,FALSE
4864ec4775ef5c58b98d9f148c2e9869,2025-02-13,13,4,Thu,2,Feb,1,2025,FALSE
0d4fbbdd7e40256049beae6cec012808,2025-02-14,14,5,Fri,2,Feb,1,2025,FALSE
8a353fa93b456b5ca138534246f52fed,2025-02-15,15,6,Sat,2,Feb,1,2025,TRUE
273d3f6bef0c5741766d78c07e830699,2025-02-16,16,0,Sun,2,Feb,1,2025,TRUE
df254ab585be5fbaccdf081cec012faf,2025-02-17,17,1,Mon,2,Feb,1,2025,FALSE
c350beecfc8c0e9435f8c5156e107a8e,2025-02-18,18,2,Tue,2,Feb,1,2025,FALSE
2a5e0beeb4c0df6a352bbb707cc11bad,2025-02-19,19,3,Wed,2,Feb,1,2025,FALSE
5d3fad531dd3ceed47b48db21b213987,2025-02-20,20,4,Thu,2,Feb,1,2025,FALSE
a62dfbfcabbdbfe5c991b66dda714f96,2025-02-21,21,5,Fri,2,Feb,1,2025,FALSE
0e06004b185308bc8aeebff819839b59,2025-02-22,22,6,Sat,2,Feb,1,2025,TRUE
807e42d1b8df41f1dedfe8f47556b832,2025-02-23,23,0,Sun,2,Feb,1,2025,TRUE
a350886c400925aaed32f3bb4ead7c87,2025-02-24,24,1,Mon,2,Feb,1,2025,FALSE
7dfb137beedc7274cfebf7fb14db1bf3,2025-02-25,25,2,Tue,2,Feb,1,2025,FALSE
790f7e69b9b1c91eba4c48b21f78685f,2025-02-26,26,3,Wed,2,Feb,1,2025,FALSE
70f52e3d7efab9cc2c4d1f38f72b1b9b,2025-02-27,27,4,Thu,2,Feb,1,2025,FALSE
eb953e96878f604f6718143f7bfb51dc,2025-02-28,28,5,Fri,2,Feb,1,2025,FALSE
a13d6d690532db6dfa694afe6ea29f86,2025-03-01,1,6,Sat,3,Mar,1,2025,TRUE
ab4a8520fe8e2e09df8b9471a8d923bf,2025-03-02,2,0,Sun,3,Mar,1,2025,TRUE
22f6de27f80cdc30dc0dd58f113f7c70,2025-03-03,3,1,Mon,3,Mar,1,2025,FALSE
d334c4bf826b8d55cbaf131f9d5291c3,2025-03-04,4,2,Tue,3,Mar,1,2025,FALSE
8c84d2106d85392f7e1b36e103d40d89,2025-03-05,5,3,Wed,3,Mar,1,2025,FALSE
c498e4d27799a407a00e4b1233ed47c2,2025-03-06,6,4,Thu,3,Mar,1,2025,FALSE
6efbcd62ca23b051024c8c2f1e99e194,2025-03-07,7,5,Fri,3,Mar,1,2025,FALSE
e55e5ca8ac647fbfaef0f553dd561ef1,2025-03-08,8,6,Sat,3,Mar,1,2025,TRUE
3b525856c9ad76f69aaacb6644f387c9,2025-03-09,9,0,Sun,3,Mar,1,2025,TRUE
831eb5de4a66523eba0c2ca454fdb8ab,2025-03-10,10,1,Mon,3,Mar,1,2025,FALSE
5ad15363064481adf4029515e82ce48d,2025-03-11,11,2,Tue,3,Mar,1,2025,FALSE
ce2b3578b2b01cdd2a853b85be2e0489,2025-03-12,12,3,Wed,3,Mar,1,2025,FALSE
100c7fe662ac453f4f02cbbcdbfcc240,2025-03-13,13,4,Thu,3,Mar,1,2025,FALSE
bfcfe7ae14b88824b998e69eac79e2de,2025-03-14,14,5,Fri,3,Mar,1,2025,FALSE
8170340f1b4b6c695c2e155f6f7b441f,2025-03-15,15,6,Sat,3,Mar,1,2025,TRUE
11d14feb5f824fadb10e7f96053f6cd5,2025-03-16,16,0,Sun,3,Mar,1,2025,TRUE
6ad7721cc3e495e5bd581b050f074b3f,2025-03-17,17,1,Mon,3,Mar,1,2025,FALSE
5fc10d7c3d3c9ade96b17a41485c9f79,2025-03-18,18,2,Tue,3,Mar,1,2025,FALSE
c735ed49cdbde164295c6a3029205aa2,2025-03-19,19,3,Wed,3,Mar,1,2025,FALSE
14034a4b2cfd297910749225d7a43bf2,2025-03-20,20,4,Thu,3,Mar,1,2025,FALSE
78de76bb77d5fbcb810829b16d33e139,2025-03-21,21,5,Fri,3,Mar,1,2025,FALSE
48fc94110f966ba7960aa30343979aef,2025-03-22,22,6,Sat,3,Mar,1,2025,TRUE
7982f94435a1b850a2376999253da1c4,2025-03-23,23,0,Sun,3,Mar,1,2025,TRUE
c292f322bdec16e37afc31b266048f80,2025-03-24,24,1,Mon,3,Mar,1,2025,FALSE
e61e2b8f5302ad3a57c795063c5a192e,2025-03-25,25,2,Tue,3,Mar,1,2025,FALSE
31af3984dde615c7959cd2dfa2bc1c7c,2025-03-26,26,3,Wed,3,Mar,1,2025,FALSE
12f5740c0498fac8ed21819a2d301c75,2025-03-27,27,4,Thu,3,Mar,1,2025,FALSE
04d6f3034c9be97695c638aae35994c7,2025-03-28,28,5,Fri,3,Mar,1,2025,FALSE
5d6862fd16f084e5e852f7679fe3f829,2025-03-29,29,6,Sat,3,Mar,1,2025,TRUE
186057b8c375bff9b600d22bf8686fc5,2025-03-30,30,0,Sun,3,Mar,1,2025,TRUE
bd393a342da6be3148c9ed916f7f32f7,2025-03-31,31,1,Mon,3,Mar,1,2025,FALSE
b519157e2a7fb82f645040baca28f29b,2025-04-01,1,2,Tue,4,Apr,2,2025,FALSE
af7ca759d62c570bad105189e4746386,2025-04-02,2,3,Wed,4,Apr,2,2025,FALSE
dd4b42f17ebc4b84693df1e8b88da9ed,2025-04-03,3,4,Thu,4,Apr,2,2025,FALSE
813bb11b4f90c862c2b7c2d35cc082ff,2025-04-04,4,5,Fri,4,Apr,2,2025,FALSE
dd5a89cc636fe0091c75148a95a33653,2025-04-05,5,6,Sat,4,Apr,2,2025,TRUE
aa48fd033e630054d03f02cfc8d6464b,2025-04-06,6,0,Sun,4,Apr,2,2025,TRUE
80cb7cdd4d4b940d7d19db19caa70013,2025-04-07,7,1,Mon,4,Apr,2,2025,FALSE
7ba2d87f9441865f4431174f7d7687bd,2025-04-08,8,2,Tue,4,Apr,2,2025,FALSE
7deea2e5bb78ede14fa7346a5c7e385e,2025-04-09,9,3,Wed,4,Apr,2,2025,FALSE
e3ca64475b6c29fdac445bc7af99bfa2,2025-04-10,10,4,Thu,4,Apr,2,2025,FALSE
b1d15613d0167e12085c605a503aa505,2025-04-11,11,5,Fri,4,Apr,2,2025,FALSE
70d63eafe7e8090808107a45c1e95826,2025-04-12,12,6,Sat,4,Apr,2,2025,TRUE
e7785abec1d58facfd3eda0d34fd25ad,2025-04-13,13,0,Sun,4,Apr,2,2025,TRUE
699e2e108ae9d9537030b1281d3b9e44,2025-04-14,14,1,Mon,4,Apr,2,2025,FALSE
ce255e9a4eb88c97c13bc7b34b9edc6e,2025-04-15,15,2,Tue,4,Apr,2,2025,FALSE
4e41761c1eed704e50953b28abecc24e,2025-04-16,16,3,Wed,4,Apr,2,2025,FALSE
8018d7def2c0f3a59031283559cf5b7c,2025-04-17,17,4,Thu,4,Apr,2,2025,FALSE
1b157f4f48426d79d62130b3a1209f78,2025-04-18,18,5,Fri,4,Apr,2,2025,FALSE
d9a7e1fda6ae317e0766b1ddd83340a2,2025-04-19,19,6,Sat,4,Apr,2,2025,TRUE
deeecfdb009012c88bad6f2a0ccfb1aa,2025-04-20,20,0,Sun,4,Apr,2,2025,TRUE
fbd150dd61a09ac4d5e5ec65824cc16b,2025-04-21,21,1,Mon,4,Apr,2,2025,FALSE
a5cb653329cd679e5eb4b3a707edbf89,2025-04-22,22,2,Tue,4,Apr,2,2025,FALSE
8ea3b8a9a41f9c26efa160deacd318d8,2025-04-23,23,3,Wed,4,Apr,2,2025,FALSE
d340c0d3e12b87422412a31df62bf4f3,2025-04-24,24,4,Thu,4,Apr,2,2025,FALSE
2569ba570e38e91e30958a8d3e31f7e3,2025-04-25,25,5,Fri,4,Apr,2,2025,FALSE
a758ea03065832cd3ceec0178ed19ad8,2025-04-26,26,6,Sat,4,Apr,2,2025,TRUE
82472264c17d5e2bfbd0efd738a75fc4,2025-04-27,27,0,Sun,4,Apr,2,2025,TRUE
a0493a1c986207b74ef83981083734b5,2025-04-28,28,1,Mon,4,Apr,2,2025,FALSE
858452ff6eef1ae67edd7f253220f2cd,2025-04-29,29,2,Tue,4,Apr,2,2025,FALSE
86bb43b97eae00ff66ac28581a0504db,2025-04-30,30,3,Wed,4,Apr,2,2025,FALSE
5fb0249083e9195df43b4f0c96fd6ed4,2025-05-01,1,4,Thu,5,May,2,2025,FALSE
54c6860d11145a52f9b1dcf0bfdb2876,2025-05-02,2,5,Fri,5,May,2,2025,FALSE
2c0656f8682473096a446a542227a15b,2025-05-03,3,6,Sat,5,May,2,2025,TRUE
4a8ef01af1fafc8c714496654fc2facc,2025-05-04,4,0,Sun,5,May,2,2025,TRUE
a1fdfc37c6f2cf09b7e3d8988c8043ba,2025-05-05,5,1,Mon,5,May,2,2025,FALSE
7b686e25589d06518f42db44a180dd82,2025-05-06,6,2,Tue,5,May,2,2025,FALSE
50981dedf63a62aa4788b05d0dd00ccd,2025-05-07,7,3,Wed,5,May,2,2025,FALSE
745f1c86e5cdd8936f605bfc2f720903,2025-05-08,8,4,Thu,5,May,2,2025,FALSE
f70e198d3233338ab7dc7e8f282f92d2,2025-05-09,9,5,Fri,5,May,2,2025,FALSE
9c66aee6e50a426605aa203e158952a3,2025-05-10,10,6,Sat,5,May,2,2025,TRUE
8d90468f35133efcb1ccfe9a619ce89a,2025-05-11,11,0,Sun,5,May,2,2025,TRUE
a7cbfe9362cad272662981fc54a183cc,2025-05-12,12,1,Mon,5,May,2,2025,FALSE
747da04399a294586f52a5d0678c06a7,2025-05-13,13,2,Tue,5,May,2,2025,FALSE
59db09013ee4db595eee980e3ace3373,2025-05-14,14,3,Wed,5,May,2,2025,FALSE
72c7c0a6beedb805399d185f9cd09833,2025-05-15,15,4,Thu,5,May,2,2025,FALSE
28a7974d908d9566238450e2821a764c,2025-05-16,16,5,Fri,5,May,2,2025,FALSE
c91ea6f63af608253045e7fa21325f6e,2025-05-17,17,6,Sat,5,May,2,2025,TRUE
b8efe5203bbd4bb5333e5253553d1dd2,2025-05-18,18,0,Sun,5,May,2,2025,TRUE
1474020a41b1b8093254185a22d05aa3,2025-05-19,19,1,Mon,5,May,2,2025,FALSE
5ca2d3bcdc4583df73a89a15bba11175,2025-05-20,20,2,Tue,5,May,2,2025,FALSE
4e3c845c2e5e1d8ea9da2063847c5024,2025-05-21,21,3,Wed,5,May,2,2025,FALSE
def8b1ea779de1fb3d80efe8d72411b1,2025-05-22,22,4,Thu,5,May,2,2025,FALSE
62a9c09e66e45d535afbcf15e18c2d10,2025-05-23,23,5,Fri,5,May,2,2025,FALSE
a282ecb10a2c159bfed4b79ae79efc78,2025-05-24,24,6,Sat,5,May,2,2025,TRUE
0b5b91c94b5101a7a59e1c816d3cfec3,2025-05-25,25,0,Sun,5,May,2,2025,TRUE
470f02ff3ae6ab786a04eebca6051bac,2025-05-26,26,1,Mon,5,May,2,2025,FALSE
7e82d80dbf9b31bf43594f589cc7a659,2025-05-27,27,2,Tue,5,May,2,2025,FALSE
c9c2e4bb99afce05829ec8491f240b8f,2025-05-28,28,3,Wed,5,May,2,2025,FALSE
c08f1958a0c3618a1c7011b5afaeba6f,2025-05-29,29,4,Thu,5,May,2,2025,FALSE
8c62a28dc37e0a3776dfd1fcaf994fd2,2025-05-30,30,5,Fri,5,May,2,2025,FALSE
9341e58fa9e0c69ee2dc67d0a279b233,2025-05-31,31,6,Sat,5,May,2,2025,TRUE
6859b5a2be8ab73c04c64324094dacfd,2025-06-01,1,0,Sun,6,Jun,2,2025,TRUE
3aedcf909ba284eef81ba5e5e7317e7f,2025-06-02,2,1,Mon,6,Jun,2,2025,FALSE
8443221e1b90a24e56685750c704746a,2025-06-03,3,2,Tue,6,Jun,2,2025,FALSE
718d0fb97675fb5cb3008eb4c3c8b5bf,2025-06-04,4,3,Wed,6,Jun,2,2025,FALSE
f0980ed3ed80a0326f196b6b4101d20f,2025-06-05,5,4,Thu,6,Jun,2,2025,FALSE
ec426240fe3854e028f6f30e020a4e08,2025-06-06,6,5,Fri,6,Jun,2,2025,FALSE
e3d61b8195822e6fc15817453541d478,2025-06-07,7,6,Sat,6,Jun,2,2025,TRUE
b818e29403f1ec2f62ad7db43da773e1,2025-06-08,8,0,Sun,6,Jun,2,2025,TRUE
423060b1d7fc6f784046aff32563c3a7,2025-06-09,9,1,Mon,6,Jun,2,2025,FALSE
ad62c66d95760050e671aa1ea6f00350,2025-06-10,10,2,Tue,6,Jun,2,2025,FALSE
21ef34dbee3f806cdfb62ea95f7a966a,2025-06-11,11,3,Wed,6,Jun,2,2025,FALSE
4a2ce589fb828d5d1daa0390f7fb540a,2025-06-12,12,4,Thu,6,Jun,2,2025,FALSE
ba9ccb1c3183efddd3ff42033dc056df,2025-06-13,13,5,Fri,6,Jun,2,2025,FALSE
79a994b2e4885daa55af7b57093c38bb,2025-06-14,14,6,Sat,6,Jun,2,2025,TRUE
41a63629fbf1cf65d49f57869251cce7,2025-06-15,15,0,Sun,6,Jun,2,2025,TRUE
918963c77ef42064702ac721d5a06ebb,2025-06-16,16,1,Mon,6,Jun,2,2025,FALSE
831b27c81365da63a2adb3c11ce643ed,2025-06-17,17,2,Tue,6,Jun,2,2025,FALSE
f58d91623bb2da3517fdb813de9f6d15,2025-06-18,18,3,Wed,6,Jun,2,2025,FALSE
045c570669d8b3f739feb6ea191ab4f1,2025-06-19,19,4,Thu,6,Jun,2,2025,FALSE
e600d35e0413de4c02696cc1242d2963,2025-06-20,20,5,Fri,6,Jun,2,2025,FALSE
83095d5fafe64ea599bbe070db5d9d18,2025-06-21,21,6,Sat,6,Jun,2,2025,TRUE
f78a50b297f88e79a4ddd912bee156eb,2025-06-22,22,0,Sun,6,Jun,2,2025,TRUE
6ffcc95e5c1d1a5fc35e3929672b3485,2025-06-23,23,1,Mon,6,Jun,2,2025,FALSE
64bd861315c1ba3fd961d80e07ea764d,2025-06-24,24,2,Tue,6,Jun,2,2025,FALSE
16f505529571cecf83dcabb18c4118b6,2025-06-25,25,3,Wed,6,Jun,2,2025,FALSE
02bf42587a5da89455834cc04376390d,2025-06-26,26,4,Thu,6,Jun,2,2025,FALSE
3b428f0c7c5a1191bd5884c66389694b,2025-06-27,27,5,Fri,6,Jun,2,2025,FALSE
9d32b08e09474e6559a62bd1534a52b1,2025-06-28,28,6,Sat,6,Jun,2,2025,TRUE
32d7d361955b5f8cb1cd26f6803b7d7d,2025-06-29,29,0,Sun,6,Jun,2,2025,TRUE
0a9f9a33b436eb81633ee8f4b2cb121d,2025-06-30,30,1,Mon,6,Jun,2,2025,FALSE
a8bf770aa3e48d222a56e0be010b8408,2025-07-01,1,2,Tue,7,Jul,3,2025,FALSE
ce32966bb7dc0b5476a257157838d942,2025-07-02,2,3,Wed,7,Jul,3,2025,FALSE
60b4c647238c9ef55feac8bf681297be,2025-07-03,3,4,Thu,7,Jul,3,2025,FALSE
2f1581c6493dd46e2297ca84d16c9cb4,2025-07-04,4,5,Fri,7,Jul,3,2025,FALSE
b96d07a3372ce2eeb24a239f6bfb8e92,2025-07-05,5,6,Sat,7,Jul,3,2025,TRUE
e01a45b8f08c3a75431c9d91e9237b4d,2025-07-06,6,0,Sun,7,Jul,3,2025,TRUE
2a6729f79355dc473a781eee19e9aac4,2025-07-07,7,1,Mon,7,Jul,3,2025,FALSE
4b8fe520c3bec65af59bba0d65f97395,2025-07-08,8,2,Tue,7,Jul,3,2025,FALSE
9a2995e82f7bb834b9fc09ca8022ed83,2025-07-09,9,3,Wed,7,Jul,3,2025,FALSE
362717f60544e94f2f2c4e90774def47,2025-07-10,10,4,Thu,7,Jul,3,2025,FALSE
ff89de1a615ec3b2485662c377a36a7f,2025-07-11,11,5,Fri,7,Jul,3,2025,FALSE
ce4501c10446af83aa169888c1ae47c7,2025-07-12,12,6,Sat,7,Jul,3,2025,TRUE
89e39d481b3add96459d34a394252b17,2025-07-13,13,0,Sun,7,Jul,3,2025,TRUE
c2b8b11b9aac849a5d573ed6e80e33a1,2025-07-14,14,1,Mon,7,Jul,3,2025,FALSE
70acf71f1069d63c3f0bfb6de8240152,2025-07-15,15,2,Tue,7,Jul,3,2025,FALSE
f5494082c0d1f1af8523b018007f926d,2025-07-16,16,3,Wed,7,Jul,3,2025,FALSE
1fdcb9241a56a02bfb3c7d437ceb6f93,2025-07-17,17,4,Thu,7,Jul,3,2025,FALSE
12099d5c7ea83f2d80dbcfe1ac1093af,2025-07-18,18,5,Fri,7,Jul,3,2025,FALSE
d1105c3d1bbc64ea031c9e39ae295051,2025-07-19,19,6,Sat,7,Jul,3,2025,TRUE
84a45697bd620ec0b99b3d88a3b3b1ed,2025-07-20,20,0,Sun,7,Jul,3,2025,TRUE
500ce9a684d73ee7436feda047bd8979,2025-07-21,21,1,Mon,7,Jul,3,2025,FALSE
e5c88e02053b4f39c64d11fcd4bc2837,2025-07-22,22,2,Tue,7,Jul,3,2025,FALSE
10d9d4b6450e9e480e3875492222aed6,2025-07-23,23,3,Wed,7,Jul,3,2025,FALSE
bf3321f30c41f8ab7f4636d723644b01,2025-07-24,24,4,Thu,7,Jul,3,2025,FALSE
ba294a69e57ae61def6098730111bb6a,2025-07-25,25,5,Fri,7,Jul,3,2025,FALSE
c2d3c364114d526e580f250d0cd54d45,2025-07-26,26,6,Sat,7,Jul,3,2025,TRUE
40888a8e0f598639ffbd1e9ff94a0c6c,2025-07-27,27,0,Sun,7,Jul,3,2025,TRUE
c7221e360b126e73e47ab61686d0a410,2025-07-28,28,1,Mon,7,Jul,3,2025,FALSE
e3c8ea5fa6e769679e1f95355a3251f4,2025-07-29,29,2,Tue,7,Jul,3,2025,FALSE
b8ce90c1449482069017960e6a75c7ec,2025-07-30,30,3,Wed,7,Jul,3,2025,FALSE
d53583a5338dd57b4b6889c531b81b39,2025-07-31,31,4,Thu,7,Jul,3,2025,FALSE
e4430dd61cdac031b5b3335ad6032259,2025-08-01,1,5,Fri,8,Aug,3,2025,FALSE
21197e953eb693d82ae0a9766ea6a433,2025-08-02,2,6,Sat,8,Aug,3,2025,TRUE
2aaab0bce595a1e20244bc8b6b14559c,2025-08-03,3,0,Sun,8,Aug,3,2025,TRUE
a76bbcc12fcf5f723f1560cd99c60ab3,2025-08-04,4,1,Mon,8,Aug,3,2025,FALSE
a8d5a28b764309097d71ca781946fd95,2025-08-05,5,2,Tue,8,Aug,3,2025,FALSE
029a618826f2ee531fa703a65444dc53,2025-08-06,6,3,Wed,8,Aug,3,2025,FALSE
98f1036ed33f1db66f8facd1a3a5c98b,2025-08-07,7,4,Thu,8,Aug,3,2025,FALSE
cfd334780eb9ff20a7aecb16d0119d29,2025-08-08,8,5,Fri,8,Aug,3,2025,FALSE
d4fe71310be7af8fd879f4ff83856556,2025-08-09,9,6,Sat,8,Aug,3,2025,TRUE
a01a01c2cf26159de939e71611f171f0,2025-08-10,10,0,Sun,8,Aug,3,2025,TRUE
c2cd9fd921b8bf4e2c4f513a51a31c1c,2025-08-11,11,1,Mon,8,Aug,3,2025,FALSE
39454dfcfa6a1a0351437e0b1d0da294,2025-08-12,12,2,Tue,8,Aug,3,2025,FALSE
f766ba194090641a586148d6db74cb97,2025-08-13,13,3,Wed,8,Aug,3,2025,FALSE
b1036aa132d59c6301b245e14d25cebd,2025-08-14,14,4,Thu,8,Aug,3,2025,FALSE
0a0bc1f476f07e5b1921120ccb048874,2025-08-15,15,5,Fri,8,Aug,3,2025,FALSE
296c60e2c6e0654e4ff21b05c5f6ade7,2025-08-16,16,6,Sat,8,Aug,3,2025,TRUE
b26fdccd7037ebba9fa3525d7448fd9a,2025-08-17,17,0,Sun,8,Aug,3,2025,TRUE
dddd6767ac36d217f471cdbb9a0dfe11,2025-08-18,18,1,Mon,8,Aug,3,2025,FALSE
d27d82a0317cd9a0b00469de9d0dc7df,2025-08-19,19,2,Tue,8,Aug,3,2025,FALSE
b3491ec74d60f5c327a1c319fa0e065b,2025-08-20,20,3,Wed,8,Aug,3,2025,FALSE
13192824f3309773ef006d8ade45223f,2025-08-21,21,4,Thu,8,Aug,3,2025,FALSE
6d500ff0aec64aed2371f994997a56ad,2025-08-22,22,5,Fri,8,Aug,3,2025,FALSE
ed5dc0f6d2543259fb0a1e0dfb7eec2a,2025-08-23,23,6,Sat,8,Aug,3,2025,TRUE
66ae06bd029759beb9b517cbc2fad25b,2025-08-24,24,0,Sun,8,Aug,3,2025,TRUE
986230e363ed790f7583165280237884,2025-08-25,25,1,Mon,8,Aug,3,2025,FALSE
114f0087fd41d0a942ade714bb7c64d0,2025-08-26,26,2,Tue,8,Aug,3,2025,FALSE
f8b47a2f9f4c70eac6befbf2e8b13ee0,2025-08-27,27,3,Wed,8,Aug,3,2025,FALSE
970622f774ee22dcef22f41487b87fa3,2025-08-28,28,4,Thu,8,Aug,3,2025,FALSE
315126ac97d6e97a5848d64132542699,2025-08-29,29,5,Fri,8,Aug,3,2025,FALSE
97945a94883f6edd7301f7c96f5a4cbe,2025-08-30,30,6,Sat,8,Aug,3,2025,TRUE
008a4398dfb1329e8044748b047856f1,2025-08-31,31,0,Sun,8,Aug,3,2025,TRUE
38a5777d2aaca4d9102a019c09e0009c,2025-09-01,1,1,Mon,9,Sep,3,2025,FALSE
a2e3972c0c47dce0474d3c3d16e04bb9,2025-09-02,2,2,Tue,9,Sep,3,2025,FALSE
b177a1b9e0afe2b369b28654a8e67dd6,2025-09-03,3,3,Wed,9,Sep,3,2025,FALSE
a4ccaaf5770ab48d8970cb9b4f2d6f3f,2025-09-04,4,4,Thu,9,Sep,3,2025,FALSE
10848968f95507d6b74ea928632539c1,2025-09-05,5,5,Fri,9,Sep,3,2025,FALSE
26a70180b5696e9b56c4141c0e71a960,2025-09-06,6,6,Sat,9,Sep,3,2025,TRUE
c9d2bc8273145b163e6f016a46421969,2025-09-07,7,0,Sun,9,Sep,3,2025,TRUE
f6fb525b48dca2ee5794abb9fa4e9fd9,2025-09-08,8,1,Mon,9,Sep,3,2025,FALSE
a68e5a2143abf532b515a7b3b1734351,2025-09-09,9,2,Tue,9,Sep,3,2025,FALSE
a375e913d578e8644bc4ea162d861a3e,2025-09-10,10,3,Wed,9,Sep,3,2025,FALSE
d69ecbf0d596a11adfadd8b1e43c00b7,2025-09-11,11,4,Thu,9,Sep,3,2025,FALSE
27602fe3f2d660cca888add76e9a267b,2025-09-12,12,5,Fri,9,Sep,3,2025,FALSE
a1bdbffa722d0774a1f469f4307b14d7,2025-09-13,13,6,Sat,9,Sep,3,2025,TRUE
bc72bd6db29ed816b79635e1c29a76a5,2025-09-14,14,0,Sun,9,Sep,3,2025,TRUE
4bcd1336970edff3940633c39bc210e5,2025-09-15,15,1,Mon,9,Sep,3,2025,FALSE
68753561bb921819c19da258e3e6abb5,2025-09-16,16,2,Tue,9,Sep,3,2025,FALSE
5e1be4aa0b90bbbf90c7c009b37a354c,2025-09-17,17,3,Wed,9,Sep,3,2025,FALSE
d6ca37af8e2faed2db7161ee29827904,2025-09-18,18,4,Thu,9,Sep,3,2025,FALSE
31d9070bb66a87edbcea130716996081,2025-09-19,19,5,Fri,9,Sep,3,2025,FALSE
3bb3e5e65909b3ff0890421ad5bfc4c0,2025-09-20,20,6,Sat,9,Sep,3,2025,TRUE
22e64d3a85ba33aacc6dac334e7a24f0,2025-09-21,21,0,Sun,9,Sep,3,2025,TRUE
7237172266ca19f888d453e952fe564b,2025-09-22,22,1,Mon,9,Sep,3,2025,FALSE
4303cf82a77e57604fd3a22b494b28e8,2025-09-23,23,2,Tue,9,Sep,3,2025,FALSE
84a452be3394ec82bc5994095879a552,2025-09-24,24,3,Wed,9,Sep,3,2025,FALSE
b9bc2380843b81596b5fa9d0a504ffa6,2025-09-25,25,4,Thu,9,Sep,3,2025,FALSE
8cd17f69d2f8ca884f4d73944884710e,2025-09-26,26,5,Fri,9,Sep,3,2025,FALSE
9ab1addfa22dab3780d4ecaa23328880,2025-09-27,27,6,Sat,9,Sep,3,2025,TRUE
aeed18dabbc997400c854169c8d3eaf1,2025-09-28,28,0,Sun,9,Sep,3,2025,TRUE
596621d369cfed616866ae588789c60b,2025-09-29,29,1,Mon,9,Sep,3,2025,FALSE
217888ceae926baf665a79331a646ff8,2025-09-30,30,2,Tue,9,Sep,3,2025,FALSE
8e71fea7bc85418377102c01378932ea,2025-10-01,1,3,Wed,10,Oct,4,2025,FALSE
382ef8fc6b30b8cf84cd288c74b99499,2025-10-02,2,4,Thu,10,Oct,4,2025,FALSE
bf0a083522c6ac734d3d28c942c78670,2025-10-03,3,5,Fri,10,Oct,4,2025,FALSE
1932133a75b8d6901a8d98a9ba0149a2,2025-10-04,4,6,Sat,10,Oct,4,2025,TRUE
847048902164f86ab03eb4a069bf8769,2025-10-05,5,0,Sun,10,Oct,4,2025,TRUE
e8e2fe78e3f7444d9bffd50795afc73e,2025-10-06,6,1,Mon,10,Oct,4,2025,FALSE
019dc452e4b2adc7594da4d686c7ddee,2025-10-07,7,2,Tue,10,Oct,4,2025,FALSE
9b173a73ac8edf8b3faaa5e8528abccf,2025-10-08,8,3,Wed,10,Oct,4,2025,FALSE
8900a609e6afc9718fd217fc02c40064,2025-10-09,9,4,Thu,10,Oct,4,2025,FALSE
8e87ab2c04fece41ccdda634e08e6d19,2025-10-10,10,5,Fri,10,Oct,4,2025,FALSE
8f7d0190593b3b9f7733849cf741c9cd,2025-10-11,11,6,Sat,10,Oct,4,2025,TRUE
276049d8228a321805df9d8ae0019345,2025-10-12,12,0,Sun,10,Oct,4,2025,TRUE
855ff8837d283c9268d573930354c47f,2025-10-13,13,1,Mon,10,Oct,4,2025,FALSE
aa06ba379b4419c24856367face36729,2025-10-14,14,2,Tue,10,Oct,4,2025,FALSE
1dbf8e37829a93c7f53f932852da8fcb,2025-10-15,15,3,Wed,10,Oct,4,2025,FALSE
7e58c8e21497108403a48f98556cdef3,2025-10-16,16,4,Thu,10,Oct,4,2025,FALSE
0f2109cf60eadc4870fe9a86cf8d0834,2025-10-17,17,5,Fri,10,Oct,4,2025,FALSE
63b04484becf69dd89948104f99effc7,2025-10-18,18,6,Sat,10,Oct,4,2025,TRUE
c4f8ff6b475d7712b2c6dbd520b3d4c1,2025-10-19,19,0,Sun,10,Oct,4,2025,TRUE
1e5a947f876938b7da03e6c39103c8d3,2025-10-20,20,1,Mon,10,Oct,4,2025,FALSE
7bb7f804ba843ec90d22837d343e1ff6,2025-10-21,21,2,Tue,10,Oct,4,2025,FALSE
b333c3ac75ea8bc3c485b2fed6eea683,2025-10-22,22,3,Wed,10,Oct,4,2025,FALSE
6d134274fab63e87873e455dd5ef3f30,2025-10-23,23,4,Thu,10,Oct,4,2025,FALSE
c15dbf030b9c8ec5e8500992dde3270f,2025-10-24,24,5,Fri,10,Oct,4,2025,FALSE
d49752fbab387e58f46a8a10836007b1,2025-10-25,25,6,Sat,10,Oct,4,2025,TRUE
59ca871a9fe03b80f34d55a8b2754b30,2025-10-26,26,0,Sun,10,Oct,4,2025,TRUE
70fbf274e5ccc2e5d025961faf901a28,2025-10-27,27,1,Mon,10,Oct,4,2025,FALSE
ce7610c439d6ec998016f534f7a56ff8,2025-10-28,28,2,Tue,10,Oct,4,2025,FALSE
8f8164d748e52334d7dae3f003dd1a47,2025-10-29,29,3,Wed,10,Oct,4,2025,FALSE
503fff1d8dd8c660d7e5247f26271313,2025-10-30,30,4,Thu,10,Oct,4,2025,FALSE
00e72210e498b35e5268c6f6d4cec1ee,2025-10-31,31,5,Fri,10,Oct,4,2025,FALSE
be6e90cf1c6e1acdd574ffc02278b68b,2025-11-01,1,6,Sat,11,Nov,4,2025,TRUE
2f2fc18fa7c1efa298e09e727ecfd148,2025-11-02,2,0,Sun,11,Nov,4,2025,TRUE
946fa1d5a131c95a3662d0d81abd9931,2025-11-03,3,1,Mon,11,Nov,4,2025,FALSE
8afa4346da2a3c3a84280ccc43ace82f,2025-11-04,4,2,Tue,11,Nov,4,2025,FALSE
fdbca039972d98aac072342ef7cf11b4,2025-11-05,5,3,Wed,11,Nov,4,2025,FALSE
670c1303f6d0873a0bc0de3fb0aa3c1c,2025-11-06,6,4,Thu,11,Nov,4,2025,FALSE
2e1cd12e7a9c647d515beb9eaf7ec5ed,2025-11-07,7,5,Fri,11,Nov,4,2025,FALSE
36175e9718bfe5c654a0d482a19d5549,2025-11-08,8,6,Sat,11,Nov,4,2025,TRUE
fb294e2278448d0d6c8e2f0c082619a8,2025-11-09,9,0,Sun,11,Nov,4,2025,TRUE
de42fdd16ca9e529abecad82b437a9c1,2025-11-10,10,1,Mon,11,Nov,4,2025,FALSE
3917b544bec60cec29303ccc83366d5e,2025-11-11,11,2,Tue,11,Nov,4,2025,FALSE
c3b4aedb77af16c512992f1a16b02e2b,2025-11-12,12,3,Wed,11,Nov,4,2025,FALSE
c6d9135a49bdef377840c6e9b647981b,2025-11-13,13,4,Thu,11,Nov,4,2025,FALSE
0b8b7ab709bee8cea2965e31e20bec12,2025-11-14,14,5,Fri,11,Nov,4,2025,FALSE
1ebe41f776505054878fe407068fd6a1,2025-11-15,15,6,Sat,11,Nov,4,2025,TRUE
167ad0956978cc482fe2edd0cb3dabd7,2025-11-16,16,0,Sun,11,Nov,4,2025,TRUE
c60259fbac8b1729703b1a7ccd2bc536,2025-11-17,17,1,Mon,11,Nov,4,2025,FALSE
a6e64403e26f4765e51c6ac8dde332a2,2025-11-18,18,2,Tue,11,Nov,4,2025,FALSE
4387e8980fa6fbaaca7af86625dd6745,2025-11-19,19,3,Wed,11,Nov,4,2025,FALSE
ffb7751159920168dba8494ed7436e0a,2025-11-20,20,4,Thu,11,Nov,4,2025,FALSE
790146ac018029c8e3ba0ee333693ec3,2025-11-21,21,5,Fri,11,Nov,4,2025,FALSE
627f62321c2f7844e7032066f832e2fa,2025-11-22,22,6,Sat,11,Nov,4,2025,TRUE
6f536d163cd4411d4a2d6b24415e37c0,2025-11-23,23,0,Sun,11,Nov,4,2025,TRUE
edca49fd73244df45d22907b8513796a,2025-11-24,24,1,Mon,11,Nov,4,2025,FALSE
79840dfb454196d2d4a6766fb9f676dc,2025-11-25,25,2,Tue,11,Nov,4,2025,FALSE
28579dd0ba2741150e25a2e4d5d15ccc,2025-11-26,26,3,Wed,11,Nov,4,2025,FALSE
7bf89c0f223998db83988a631ef72e7b,2025-11-27,27,4,Thu,11,Nov,4,2025,FALSE
bdc53f4bc36ece202dc1be652f66c8a2,2025-11-28,28,5,Fri,11,Nov,4,2025,FALSE
b5edd11707fb7fbae3f5bcb6702c1dea,2025-11-29,29,6,Sat,11,Nov,4,2025,TRUE
3cbfd13db1d7ea8d5f6c5f44c0902abd,2025-11-30,30,0,Sun,11,Nov,4,2025,TRUE
5ab6c9fb0b645d14c65495746ff4c302,2025-12-01,1,1,Mon,12,Dec,4,2025,FALSE
2584d0d147a7bada22d356dde50a0596,2025-12-02,2,2,Tue,12,Dec,4,2025,FALSE
4283791731eeec0a21fe0748ad16eef3,2025-12-03,3,3,Wed,12,Dec,4,2025,FALSE
fd1360b4fa59c098c3c1d64b37d424e7,2025-12-04,4,4,Thu,12,Dec,4,2025,FALSE
666ceaf4fa9c306e4474cd00e64ee5d5,2025-12-05,5,5,Fri,12,Dec,4,2025,FALSE
cc950ff0c28153b1bf339bfcbcd1a31d,2025-12-06,6,6,Sat,12,Dec,4,2025,TRUE
f2eee38ca3b999ffff416b920c315645,2025-12-07,7,0,Sun,12,Dec,4,2025,TRUE
89f059230ea7bdee7fb13aa1e5d878b9,2025-12-08,8,1,Mon,12,Dec,4,2025,FALSE
3c5a5edb8d69160e8906989ca1c30143,2025-12-09,9,2,Tue,12,Dec,4,2025,FALSE
9742fd093d8d1d06bd40446a5c5afbd4,2025-12-10,10,3,Wed,12,Dec,4,2025,FALSE
6b1bd3fd275bd68174ead1134fecdc58,2025-12-11,11,4,Thu,12,Dec,4,2025,FALSE
1a40a839927381460283cf7f8ce6a7bb,2025-12-12,12,5,Fri,12,Dec,4,2025,FALSE
5f77818651b8764f26f4f08847072a32,2025-12-13,13,6,Sat,12,Dec,4,2025,TRUE
0ffc499f2a3b4affa2f1744ee2b4fb29,2025-12-14,14,0,Sun,12,Dec,4,2025,TRUE
4f8b1b5279413887271344e270b52bce,2025-12-15,15,1,Mon,12,Dec,4,2025,FALSE
f538cc301897917af2ad2f4ad45abee4,2025-12-16,16,2,Tue,12,Dec,4,2025,FALSE
334790be6f9cf311410536841bc5f855,2025-12-17,17,3,Wed,12,Dec,4,2025,FALSE
455deaebfc59ce5a57884042e872d252,2025-12-18,18,4,Thu,12,Dec,4,2025,FALSE
81fb315581ac3101c5980063068e472c,2025-12-19,19,5,Fri,12,Dec,4,2025,FALSE
8dc5a6d95d4837d05b9e5829294aba1c,2025-12-20,20,6,Sat,12,Dec,4,2025,TRUE
ca6abf488ebeb35942de77cddbad6e65,2025-12-21,21,0,Sun,12,Dec,4,2025,TRUE
4f5021bba1ec748ab01c1d33391fd4d4,2025-12-22,22,1,Mon,12,Dec,4,2025,FALSE
cd83526714034e32f1bd71b914455143,2025-12-23,23,2,Tue,12,Dec,4,2025,FALSE
3a726c105ae772d3525e9b88a7549fd5,2025-12-24,24,3,Wed,12,Dec,4,2025,FALSE
368bf757cf5626f3bd17d8a5fe39faf5,2025-12-25,25,4,Thu,12,Dec,4,2025,FALSE
63dcf88f3082d95c30a7c53b0fdaded3,2025-12-26,26,5,Fri,12,Dec,4,2025,FALSE
4e1e2c0741997f34e6c3d5acda1e3c86,2025-12-27,27,6,Sat,12,Dec,4,2025,TRUE
1db2dc3d8ceb487dde6315e8abcb0ca1,2025-12-28,28,0,Sun,12,Dec,4,2025,TRUE
946f28a1801b7ce5475fc866ec9385f9,2025-12-29,29,1,Mon,12,Dec,4,2025,FALSE
9d5496385f6b038d401fa57a6ce27b91,2025-12-30,30,2,Tue,12,Dec,4,2025,FALSE
d96ed5a77fddf049aa6ed12516d273d3,2025-12-31,31,3,Wed,12,Dec,4,2025,FALSE
d697b950ef08fda18f67d106fd4578b1,2026-01-01,1,4,Thu,1,Jan,1,2026,FALSE
ceecc796823a82d706e4cf955cd472b5,2026-01-02,2,5,Fri,1,Jan,1,2026,FALSE
148b9e96c518d383cce62177b95a48ed,2026-01-03,3,6,Sat,1,Jan,1,2026,TRUE
c074d2e7a9407d0d1a899b739a616c61,2026-01-04,4,0,Sun,1,Jan,1,2026,TRUE
d327a0e364d1ce88dfdbe930bdbd9a82,2026-01-05,5,1,Mon,1,Jan,1,2026,FALSE
7e494bdc41ed888938aef441e5748ae2,2026-01-06,6,2,Tue,1,Jan,1,2026,FALSE
6c6e321ee316f845aeb0047ae6b27f38,2026-01-07,7,3,Wed,1,Jan,1,2026,FALSE
51912c39cf89f3ee812720cd37401c9b,2026-01-08,8,4,Thu,1,Jan,1,2026,FALSE
c8b0b382891111361eccd87ce8196d6e,2026-01-09,9,5,Fri,1,Jan,1,2026,FALSE
5439ad1e68e939e027095898d1c7f108,2026-01-10,10,6,Sat,1,Jan,1,2026,TRUE
fef8f6a2cc91b0ca369a529e9669795d,2026-01-11,11,0,Sun,1,Jan,1,2026,TRUE
079d7bdb45bde85c72acdc202c9f557e,2026-01-12,12,1,Mon,1,Jan,1,2026,FALSE
fd515e30992bbe8c5eac2d9c7a56c995,2026-01-13,13,2,Tue,1,Jan,1,2026,FALSE
0e200df03a0b5fd968fecb9dfd1c4da4,2026-01-14,14,3,Wed,1,Jan,1,2026,FALSE
2fe8165ed9c275b2fb77aab3cc7662fe,2026-01-15,15,4,Thu,1,Jan,1,2026,FALSE
50aacbfe52c7d046e7915cdbfb765530,2026-01-16,16,5,Fri,1,Jan,1,2026,FALSE
a59d2e5867de1a7152a758d4420160e4,2026-01-17,17,6,Sat,1,Jan,1,2026,TRUE
0e23c4b023838db04c3a375cad7ec558,2026-01-18,18,0,Sun,1,Jan,1,2026,TRUE
5e13ddfac5f1f81b4f3e8a276a90dd4c,2026-01-19,19,1,Mon,1,Jan,1,2026,FALSE
e20bca9bc1a078daf835a0d7b4c35708,2026-01-20,20,2,Tue,1,Jan,1,2026,FALSE
b4a8c096ca78d9eff2569857e3532618,2026-01-21,21,3,Wed,1,Jan,1,2026,FALSE
8e0845f4221285e6d597612f316b9c65,2026-01-22,22,4,Thu,1,Jan,1,2026,FALSE
408a5f84bf3bb5b0b3fbd316d1cb4670,2026-01-23,23,5,Fri,1,Jan,1,2026,FALSE
1246dff698207bb91f36f56b7313e6f3,2026-01-24,24,6,Sat,1,Jan,1,2026,TRUE
7f88202ebf074776263e50cb6fbc9abb,2026-01-25,25,0,Sun,1,Jan,1,2026,TRUE
64a3191ce7f060dd4f0abc1361f3d53f,2026-01-26,26,1,Mon,1,Jan,1,2026,FALSE
406a9e7907a297ae499e9d6396e2e85d,2026-01-27,27,2,Tue,1,Jan,1,2026,FALSE
cf27846043d224911077f1a83de4f046,2026-01-28,28,3,Wed,1,Jan,1,2026,FALSE
53e6a257967af52f40451a3b5a528e30,2026-01-29,29,4,Thu,1,Jan,1,2026,FALSE
8a7279a1757e2696dabeedea761ecc8f,2026-01-30,30,5,Fri,1,Jan,1,2026,FALSE
43b28c9316fe0b98820e813db83773bd,2026-01-31,31,6,Sat,1,Jan,1,2026,TRUE
1b17b86a851e28de6b5055986e958758,2026-02-01,1,0,Sun,2,Feb,1,2026,TRUE
593ad490acf2ab7e8e9af9a90032881b,2026-02-02,2,1,Mon,2,Feb,1,2026,FALSE
776c1af85e3a937060bc57f8d07947aa,2026-02-03,3,2,Tue,2,Feb,1,2026,FALSE
b9990b6f69a32ce27390fec6f360c201,2026-02-04,4,3,Wed,2,Feb,1,2026,FALSE
3fe365709743aae20340b54dff915082,2026-02-05,5,4,Thu,2,Feb,1,2026,FALSE
4f4672ecce977db428d1ebfd78bb00e8,2026-02-06,6,5,Fri,2,Feb,1,2026,FALSE
c5c04ddfc367d257942841969dc3f477,2026-02-07,7,6,Sat,2,Feb,1,2026,TRUE
0e28a637b8c8aefd9031d05429bc4297,2026-02-08,8,0,Sun,2,Feb,1,2026,TRUE
e95f39d6773557146474232ebfe6d7df,2026-02-09,9,1,Mon,2,Feb,1,2026,FALSE
e713232bfb0aaeb3697249cf6b928488,2026-02-10,10,2,Tue,2,Feb,1,2026,FALSE
31745b25e17872797414c8362d069c1b,2026-02-11,11,3,Wed,2,Feb,1,2026,FALSE
cef63e90a9cb8fd660c730931ca1e05c,2026-02-12,12,4,Thu,2,Feb,1,2026,FALSE
cf515801c130770d7037ef8c017317c5,2026-02-13,13,5,Fri,2,Feb,1,2026,FALSE
bda698bc1ca3d2324b804ae0a8541c2e,2026-02-14,14,6,Sat,2,Feb,1,2026,TRUE
a89be003d80673bb165b5425ec12cf18,2026-02-15,15,0,Sun,2,Feb,1,2026,TRUE
48f766151c6322f3af783b1e97cc5331,2026-02-16,16,1,Mon,2,Feb,1,2026,FALSE
af0fb528c54ffb61503168bdf15e558d,2026-02-17,17,2,Tue,2,Feb,1,2026,FALSE
ebac974d3a78b8d800c6cffebd183cf2,2026-02-18,18,3,Wed,2,Feb,1,2026,FALSE
3bf6a692777a69b665e8a28515d15aa7,2026-02-19,19,4,Thu,2,Feb,1,2026,FALSE
d0cc5bb6f27434f22d9dfb758f825e0b,2026-02-20,20,5,Fri,2,Feb,1,2026,FALSE
752cdd164cd8f52928f88904f2ff8338,2026-02-21,21,6,Sat,2,Feb,1,2026,TRUE
c37689313982d49ffb3ad1413279fb79,2026-02-22,22,0,Sun,2,Feb,1,2026,TRUE
ff5656f3058d98f09dbd17e7967b72e7,2026-02-23,23,1,Mon,2,Feb,1,2026,FALSE
37101464cab071a90e657d58ffe80657,2026-02-24,24,2,Tue,2,Feb,1,2026,FALSE
b6ac0d4942dd01963c118e089639b4f6,2026-02-25,25,3,Wed,2,Feb,1,2026,FALSE
40101526bfeb6f95bd7ee528cc8bffe0,2026-02-26,26,4,Thu,2,Feb,1,2026,FALSE
b2add945edcd288f70d7e00fcb9f37d8,2026-02-27,27,5,Fri,2,Feb,1,2026,FALSE
0ce084c049cf183a6a20c7ac51a15def,2026-02-28,28,6,Sat,2,Feb,1,2026,TRUE
c2280a340e4d80b7a1dd4d19dd243468,2026-03-01,1,0,Sun,3,Mar,1,2026,TRUE
afe1349f98808bfb85fa6dbe9af9f673,2026-03-02,2,1,Mon,3,Mar,1,2026,FALSE
fb96360051d2006756d23bea87597579,2026-03-03,3,2,Tue,3,Mar,1,2026,FALSE
ec6793b8ca4c89b69b38d22974e52c7c,2026-03-04,4,3,Wed,3,Mar,1,2026,FALSE
83494985ed099a7468388cdb9d33da13,2026-03-05,5,4,Thu,3,Mar,1,2026,FALSE
27c973b7f5d6db92a46eefc7604300e1,2026-03-06,6,5,Fri,3,Mar,1,2026,FALSE
2a4220cbbdcaf089dcef046a6a97e20a,2026-03-07,7,6,Sat,3,Mar,1,2026,TRUE
03179497efceee767d32aa9ad8ad0d59,2026-03-08,8,0,Sun,3,Mar,1,2026,TRUE
9c4a5b6146253cd99b5657a569fb49c9,2026-03-09,9,1,Mon,3,Mar,1,2026,FALSE
3fa724a0996b19d3ff775f2d69b4d4f3,2026-03-10,10,2,Tue,3,Mar,1,2026,FALSE
b25478fba10d957c707736f7b9dd2c2b,2026-03-11,11,3,Wed,3,Mar,1,2026,FALSE
6cda19e850366a32eecb7cf2ca55de02,2026-03-12,12,4,Thu,3,Mar,1,2026,FALSE
edc7cc88843b7e4b3190959679476b2f,2026-03-13,13,5,Fri,3,Mar,1,2026,FALSE
418e47d9069e4eeee483e9617006f843,2026-03-14,14,6,Sat,3,Mar,1,2026,TRUE
79ba246e272f5d7c7c05846bdf9ca4b9,2026-03-15,15,0,Sun,3,Mar,1,2026,TRUE
71fd1198f175f4185c0acdb622c4827f,2026-03-16,16,1,Mon,3,Mar,1,2026,FALSE
348bcba05886de1a151b74970d45fd7c,2026-03-17,17,2,Tue,3,Mar,1,2026,FALSE
cad0b38b4184238b4620b6703f0a32c0,2026-03-18,18,3,Wed,3,Mar,1,2026,FALSE
f80405b5b8e1938c1a66d3728cabef8a,2026-03-19,19,4,Thu,3,Mar,1,2026,FALSE
1f38efefbcf019abef4f382bf538de3d,2026-03-20,20,5,Fri,3,Mar,1,2026,FALSE
62c7e98d65a1069be3a0667752af7458,2026-03-21,21,6,Sat,3,Mar,1,2026,TRUE
ebc4229a4efe3c1e7ef5cff1e503b385,2026-03-22,22,0,Sun,3,Mar,1,2026,TRUE
c36b7194ad9f7f4bbb2535e7f7768d8f,2026-03-23,23,1,Mon,3,Mar,1,2026,FALSE
f19942371e5a0b30f225d6c0caf0853e,2026-03-24,24,2,Tue,3,Mar,1,2026,FALSE
f3220887c07d7c5bc5ed9b016541d127,2026-03-25,25,3,Wed,3,Mar,1,2026,FALSE
ab1ff4eb93b72eb75f2afa2418d486d0,2026-03-26,26,4,Thu,3,Mar,1,2026,FALSE
51edc13c6dafabcd331bd3d9f16a544f,2026-03-27,27,5,Fri,3,Mar,1,2026,FALSE
9c2b346b548eaf34fcec1d470e4926bf,2026-03-28,28,6,Sat,3,Mar,1,2026,TRUE
1ef8da68987297e36abfe7b79e48ca2f,2026-03-29,29,0,Sun,3,Mar,1,2026,TRUE
d7914467c9185ba5be42e108c00a83f9,2026-03-30,30,1,Mon,3,Mar,1,2026,FALSE
2cba1ee16811e888b7ff54c4bd94265b,2026-03-31,31,2,Tue,3,Mar,1,2026,FALSE
b6407620336ab48e16e1aff862e033b9,2026-04-01,1,3,Wed,4,Apr,2,2026,FALSE
48db4eba8cf7855f8b0a12c43f397582,2026-04-02,2,4,Thu,4,Apr,2,2026,FALSE
f64238e15003a89cd484c338f34d21b8,2026-04-03,3,5,Fri,4,Apr,2,2026,FALSE
4c949f544080391662eeba1eda4ac590,2026-04-04,4,6,Sat,4,Apr,2,2026,TRUE
5da2ffc528fa51e3e500b79a89175aaa,2026-04-05,5,0,Sun,4,Apr,2,2026,TRUE
942f00ccfa703e111a5b2b24c357758d,2026-04-06,6,1,Mon,4,Apr,2,2026,FALSE
d7431b6dd465e000937ff8ece439488e,2026-04-07,7,2,Tue,4,Apr,2,2026,FALSE
7867c816a4782ac6cdccc729c7ddf6c1,2026-04-08,8,3,Wed,4,Apr,2,2026,FALSE
1a78d3e6cf833fde627a8cc443e0eca6,2026-04-09,9,4,Thu,4,Apr,2,2026,FALSE
b853c3142b031e496054880e3912aa1b,2026-04-10,10,5,Fri,4,Apr,2,2026,FALSE
7e8a86961fd1ee4f6f671c6cd33ea5b8,2026-04-11,11,6,Sat,4,Apr,2,2026,TRUE
76aaffe7cf7b8d0b487ded0a700e93cd,2026-04-12,12,0,Sun,4,Apr,2,2026,TRUE
4158b202244f39becd011a0333d89343,2026-04-13,13,1,Mon,4,Apr,2,2026,FALSE
51d990247521645cad78960e814293ac,2026-04-14,14,2,Tue,4,Apr,2,2026,FALSE
c1ba76476c25772828bbdacf37075037,2026-04-15,15,3,Wed,4,Apr,2,2026,FALSE
3829d4a3a1a7d5d7f465120490feb166,2026-04-16,16,4,Thu,4,Apr,2,2026,FALSE
5e8f11e596b212b0732d73ac3887f72f,2026-04-17,17,5,Fri,4,Apr,2,2026,FALSE
3a4b763ae82326e5705a1fc4608972a2,2026-04-18,18,6,Sat,4,Apr,2,2026,TRUE
e249d85473ddf9f48507e41679f114a3,2026-04-19,19,0,Sun,4,Apr,2,2026,TRUE
a203967af7016cb3623ab5d56cd9a138,2026-04-20,20,1,Mon,4,Apr,2,2026,FALSE
8f8e8a3a8961e6558321bcf277e214cd,2026-04-21,21,2,Tue,4,Apr,2,2026,FALSE
7e86524fc1652bf100e9e58543b8365a,2026-04-22,22,3,Wed,4,Apr,2,2026,FALSE
289a63d1b925cdbbb087c77256d88bc1,2026-04-23,23,4,Thu,4,Apr,2,2026,FALSE
223f07b74bbe84b1df3833619907ab12,2026-04-24,24,5,Fri,4,Apr,2,2026,FALSE
0399a26fec4d35e21b8ecbb8751470da,2026-04-25,25,6,Sat,4,Apr,2,2026,TRUE
6fa144e83faeb52647e015290bee7471,2026-04-26,26,0,Sun,4,Apr,2,2026,TRUE
25421f4cd02f14858375cab41960690e,2026-04-27,27,1,Mon,4,Apr,2,2026,FALSE
93965885d3f765b50668c00159f38599,2026-04-28,28,2,Tue,4,Apr,2,2026,FALSE
ec71f98f4fc549460f0f1d996dcbc039,2026-04-29,29,3,Wed,4,Apr,2,2026,FALSE
2893471865603a83acbb4d04a07509b8,2026-04-30,30,4,Thu,4,Apr,2,2026,FALSE
db29c2d8eff523020d38056466d97551,2026-05-01,1,5,Fri,5,May,2,2026,FALSE
9d2c741b2bd001928ffb4179f232d732,2026-05-02,2,6,Sat,5,May,2,2026,TRUE
bec70d8e48ee1df507fa0eb9e897ee9d,2026-05-03,3,0,Sun,5,May,2,2026,TRUE
5004f45bea8dc1a3b6276d3b08cafe2a,2026-05-04,4,1,Mon,5,May,2,2026,FALSE
5081a3087404ddce57edfc9fe4f3c545,2026-05-05,5,2,Tue,5,May,2,2026,FALSE
51244d8e320e47890e474e71b189f045,2026-05-06,6,3,Wed,5,May,2,2026,FALSE
68a2622aa1df4047b5bf4d70338f73ee,2026-05-07,7,4,Thu,5,May,2,2026,FALSE
eff81aa38418504866890a29cc560d1a,2026-05-08,8,5,Fri,5,May,2,2026,FALSE
d6a790ee3ca000b44b13bb6175866459,2026-05-09,9,6,Sat,5,May,2,2026,TRUE
460272151cec86213a4d18cffdd61373,2026-05-10,10,0,Sun,5,May,2,2026,TRUE
e1fc1478943112a42717cec0f7dacbef,2026-05-11,11,1,Mon,5,May,2,2026,FALSE
71ad64bc92aa187e5c988f88b6805f95,2026-05-12,12,2,Tue,5,May,2,2026,FALSE
f367c701fa853fd50e5488fdd4ec2a99,2026-05-13,13,3,Wed,5,May,2,2026,FALSE
33136a96e9bc3dc6b8eb26e468436406,2026-05-14,14,4,Thu,5,May,2,2026,FALSE
4c39a797dfd390c5826f0d326b8dbe12,2026-05-15,15,5,Fri,5,May,2,2026,FALSE
95627d408e4b9ecaf6a37a02f0a49a44,2026-05-16,16,6,Sat,5,May,2,2026,TRUE
7ca35aeb262e153a9ad1aea1ee54bfcd,2026-05-17,17,0,Sun,5,May,2,2026,TRUE
5ec71773bcb47c5a4123c792138b36a5,2026-05-18,18,1,Mon,5,May,2,2026,FALSE
f1822335ff412c7a983e0bdf90610475,2026-05-19,19,2,Tue,5,May,2,2026,FALSE
4501b66a9db1c101051504c0051914f2,2026-05-20,20,3,Wed,5,May,2,2026,FALSE
ac64f7f1587ccadc02bd34470b31e4a1,2026-05-21,21,4,Thu,5,May,2,2026,FALSE
0a252983009287b9b98f5500ef32aac8,2026-05-22,22,5,Fri,5,May,2,2026,FALSE
355f9de883046011ccac161e1f74b3cf,2026-05-23,23,6,Sat,5,May,2,2026,TRUE
e56209a352c09243d7a86d53e611db86,2026-05-24,24,0,Sun,5,May,2,2026,TRUE
d082487c78210ef38042ea6b6ecac90b,2026-05-25,25,1,Mon,5,May,2,2026,FALSE
c74277de27fced1666660ddb6a69246e,2026-05-26,26,2,Tue,5,May,2,2026,FALSE
30fa32f0380f95a03c766f2d47e7c626,2026-05-27,27,3,Wed,5,May,2,2026,FALSE
2ff4d6367d0bc4983d26d868f60ba852,2026-05-28,28,4,Thu,5,May,2,2026,FALSE
fc6e68c9c2dc224ddd58c504af408f97,2026-05-29,29,5,Fri,5,May,2,2026,FALSE
7f8168b53b514241b3788a3f5cd7237f,2026-05-30,30,6,Sat,5,May,2,2026,TRUE
9db5da64063ebf85a6ea67d2a4f4d24c,2026-05-31,31,0,Sun,5,May,2,2026,TRUE
0774034411ed423d22776a377fd233b1,2026-06-01,1,1,Mon,6,Jun,2,2026,FALSE
54e4012e5e9f7ad7c313f9c7e68a158b,2026-06-02,2,2,Tue,6,Jun,2,2026,FALSE
014a69d38497f23affa183b60d3f1af5,2026-06-03,3,3,Wed,6,Jun,2,2026,FALSE
ecf9badb0c96e1af5faed8278eb6ab3c,2026-06-04,4,4,Thu,6,Jun,2,2026,FALSE
d44bcadddfe9b02e782b2486b75b9cc8,2026-06-05,5,5,Fri,6,Jun,2,2026,FALSE
b03bedb3449a65e533230fd82b0c09c3,2026-06-06,6,6,Sat,6,Jun,2,2026,TRUE
4f44311cabca43f74f8b0946aacdb026,2026-06-07,7,0,Sun,6,Jun,2,2026,TRUE
adcc35f05ca2ced812ea6ab40e289120,2026-06-08,8,1,Mon,6,Jun,2,2026,FALSE
d3658c6a06f283739173ab38651547a0,2026-06-09,9,2,Tue,6,Jun,2,2026,FALSE
28473c75b545703a61880dd525cd0ec2,2026-06-10,10,3,Wed,6,Jun,2,2026,FALSE
afe9f0c49794d70aef7eedf970c30e04,2026-06-11,11,4,Thu,6,Jun,2,2026,FALSE
fc611f7bd3e52674a349e174589405e0,2026-06-12,12,5,Fri,6,Jun,2,2026,FALSE
2f6ff3c281316a712dce079f778054f0,2026-06-13,13,6,Sat,6,Jun,2,2026,TRUE
f5da30cbdb48b90cb63472a0616d87c5,2026-06-14,14,0,Sun,6,Jun,2,2026,TRUE
65c53bb2ec94c54c4801762c6816f8f4,2026-06-15,15,1,Mon,6,Jun,2,2026,FALSE
6ab6759cd8833f9f56093a0bba03095e,2026-06-16,16,2,Tue,6,Jun,2,2026,FALSE
0819342506644a38d250f84c8f0d48c1,2026-06-17,17,3,Wed,6,Jun,2,2026,FALSE
0788ba91c043757dd93b23fffdeb4a3e,2026-06-18,18,4,Thu,6,Jun,2,2026,FALSE
f6a93bcb219a42f5dd457b5578a9e79c,2026-06-19,19,5,Fri,6,Jun,2,2026,FALSE
4dc51fff7901f91a023d41435f5fc451,2026-06-20,20,6,Sat,6,Jun,2,2026,TRUE
8014343f4e7df937551052d2d68d09ea,2026-06-21,21,0,Sun,6,Jun,2,2026,TRUE
9c396a2330257ea2928ec98eae65793a,2026-06-22,22,1,Mon,6,Jun,2,2026,FALSE
7da6941e7e73b8aeed5e72f2ed6c06bb,2026-06-23,23,2,Tue,6,Jun,2,2026,FALSE
97c32ae610d3f37ee8b7e2de1070fd2d,2026-06-24,24,3,Wed,6,Jun,2,2026,FALSE
975be3ca4ed67c792e4887e1dea0fea6,2026-06-25,25,4,Thu,6,Jun,2,2026,FALSE
674dd687e0956894444f92541b5af061,2026-06-26,26,5,Fri,6,Jun,2,2026,FALSE
461943f9ad5c565f94fa63346184e772,2026-06-27,27,6,Sat,6,Jun,2,2026,TRUE
35b20acbc5264b77db20690e3d849bf7,2026-06-28,28,0,Sun,6,Jun,2,2026,TRUE
ab92cbd997f7d434d9c6f023068e673e,2026-06-29,29,1,Mon,6,Jun,2,2026,FALSE
f91980cb4ff4d2990923d08ed1d79db9,2026-06-30,30,2,Tue,6,Jun,2,2026,FALSE
21d59bae000591ab27f5170ee9ba76b7,2026-07-01,1,3,Wed,7,Jul,3,2026,FALSE
105728981f784ea0eff0011d39e0276a,2026-07-02,2,4,Thu,7,Jul,3,2026,FALSE
ec2493ed899d63d2784f1b3bd729f6ae,2026-07-03,3,5,Fri,7,Jul,3,2026,FALSE
8c422a890bdb5721681a2b13f6e0bfa7,2026-07-04,4,6,Sat,7,Jul,3,2026,TRUE
a84561efe5f4841da944ee9f147bde91,2026-07-05,5,0,Sun,7,Jul,3,2026,TRUE
a6679e2a2e0420a122a8776adc47bde3,2026-07-06,6,1,Mon,7,Jul,3,2026,FALSE
4bae7bf3d5a3ffe5d566014b077bb096,2026-07-07,7,2,Tue,7,Jul,3,2026,FALSE
332a96be47dc7928f2562a3cf863e245,2026-07-08,8,3,Wed,7,Jul,3,2026,FALSE
a68c99afc68ff56d8c10286c3bb6a97f,2026-07-09,9,4,Thu,7,Jul,3,2026,FALSE
d77fd27b7410c6853a2580b6dfd6255d,2026-07-10,10,5,Fri,7,Jul,3,2026,FALSE
2a33916f4112c660130996060600e03e,2026-07-11,11,6,Sat,7,Jul,3,2026,TRUE
937e79b51b4dc6a2e86374d9299bceef,2026-07-12,12,0,Sun,7,Jul,3,2026,TRUE
9818a9650a9c06f607f24d8ba097bbc5,2026-07-13,13,1,Mon,7,Jul,3,2026,FALSE
8b180bd36e6265e8fa8e4d3575391702,2026-07-14,14,2,Tue,7,Jul,3,2026,FALSE
323b1fe06e02889217b68f9376061dff,2026-07-15,15,3,Wed,7,Jul,3,2026,FALSE
4678208758249ea5de474757e212a3b1,2026-07-16,16,4,Thu,7,Jul,3,2026,FALSE
6fa42dabcfd8435b40bc17e5b914bcfc,2026-07-17,17,5,Fri,7,Jul,3,2026,FALSE
415fb3d3cd8dbeb567ed48840d7e74e1,2026-07-18,18,6,Sat,7,Jul,3,2026,TRUE
0f5fdaf685dbcb5a9859d3e31ecff1ff,2026-07-19,19,0,Sun,7,Jul,3,2026,TRUE
a0329906383471798d4e5f633c66a848,2026-07-20,20,1,Mon,7,Jul,3,2026,FALSE
fecd4ceea8b67336754a33966116f596,2026-07-21,21,2,Tue,7,Jul,3,2026,FALSE
0350237772b51e137e56afcc8545fb28,2026-07-22,22,3,Wed,7,Jul,3,2026,FALSE
f2bf5d8aa385cbb0a51a31d56306d132,2026-07-23,23,4,Thu,7,Jul,3,2026,FALSE
05652fdb3b403eea26aac0bc3bc0f505,2026-07-24,24,5,Fri,7,Jul,3,2026,FALSE
89ec005cf3adea377c27a33ef72072e1,2026-07-25,25,6,Sat,7,Jul,3,2026,TRUE
23626d71e14dc13408ca4dea36dfca79,2026-07-26,26,0,Sun,7,Jul,3,2026,TRUE
18bfb18068307c16c9a1478bc29cd9f3,2026-07-27,27,1,Mon,7,Jul,3,2026,FALSE
11a55379f6c6ed8ea607ad719ac906a3,2026-07-28,28,2,Tue,7,Jul,3,2026,FALSE
d66099a1e0df7c3c315cc6b0109f6cc5,2026-07-29,29,3,Wed,7,Jul,3,2026,FALSE
5842c5b323389b1973e35aaa851bc2dc,2026-07-30,30,4,Thu,7,Jul,3,2026,FALSE
ffed2e42417825d0315ed5c27b9eeade,2026-07-31,31,5,Fri,7,Jul,3,2026,FALSE
a6991f64ab302415d870bb460c3fd048,2026-08-01,1,6,Sat,8,Aug,3,2026,TRUE
db88430e463b709d37e3a21fbdeada4c,2026-08-02,2,0,Sun,8,Aug,3,2026,TRUE
0854014404444ebcb52f84d6b2ffcce4,2026-08-03,3,1,Mon,8,Aug,3,2026,FALSE
13fb9cce692a2a5d3abee1565e74fe98,2026-08-04,4,2,Tue,8,Aug,3,2026,FALSE
c5a16f96b336202b9e36b69761615616,2026-08-05,5,3,Wed,8,Aug,3,2026,FALSE
f79a76fb9f6c50d3e8b62c2211effb79,2026-08-06,6,4,Thu,8,Aug,3,2026,FALSE
2f60925469a3eb822cc683aca467f226,2026-08-07,7,5,Fri,8,Aug,3,2026,FALSE
b8d5e45727a040e9ac4175ecd1223cbf,2026-08-08,8,6,Sat,8,Aug,3,2026,TRUE
e968af3d9c7cbb4632a776552db940e4,2026-08-09,9,0,Sun,8,Aug,3,2026,TRUE
34b550a9d919e90c000f88a2199fc62c,2026-08-10,10,1,Mon,8,Aug,3,2026,FALSE
ecf9a4884331ef77f77724c3162f9953,2026-08-11,11,2,Tue,8,Aug,3,2026,FALSE
faa3edd3ef0a96a9883e52f8d1bd14fd,2026-08-12,12,3,Wed,8,Aug,3,2026,FALSE
10fa0d573d632725421808674378f487,2026-08-13,13,4,Thu,8,Aug,3,2026,FALSE
b385979152750471818cc5d071d4f6e7,2026-08-14,14,5,Fri,8,Aug,3,2026,FALSE
470ce245739266d1a62b88085db41636,2026-08-15,15,6,Sat,8,Aug,3,2026,TRUE
44f6a392833394c8ea93794418bad8af,2026-08-16,16,0,Sun,8,Aug,3,2026,TRUE
401e71ae951e42e208004757d3f3175f,2026-08-17,17,1,Mon,8,Aug,3,2026,FALSE
15e5433e6eb1f5b83c72d85ec798635f,2026-08-18,18,2,Tue,8,Aug,3,2026,FALSE
c95e161f9301c10bd721f8a973c94db0,2026-08-19,19,3,Wed,8,Aug,3,2026,FALSE
d8540df3cf540dbcb561d4625cd7abb9,2026-08-20,20,4,Thu,8,Aug,3,2026,FALSE
f60582ee49e5d44bc9a719ab23a026db,2026-08-21,21,5,Fri,8,Aug,3,2026,FALSE
4cc07e56be1ca67d7c11b740cd6ffc08,2026-08-22,22,6,Sat,8,Aug,3,2026,TRUE
9a156d633e49da73a546f890961861dd,2026-08-23,23,0,Sun,8,Aug,3,2026,TRUE
220ca908ce85caf104814f3d77867b5c,2026-08-24,24,1,Mon,8,Aug,3,2026,FALSE
81795545610c5eaa7922dbdf3e64516e,2026-08-25,25,2,Tue,8,Aug,3,2026,FALSE
d557a99c5a2c130956021cd4e1bdd18f,2026-08-26,26,3,Wed,8,Aug,3,2026,FALSE
82347fe834cbdd54ae50f6e790b97296,2026-08-27,27,4,Thu,8,Aug,3,2026,FALSE
de0797d3a18f388374620c58fafbec2e,2026-08-28,28,5,Fri,8,Aug,3,2026,FALSE
5dbc2bbcfa2c2ab726b8f9ac786f2258,2026-08-29,29,6,Sat,8,Aug,3,2026,TRUE
6167ab9390137272046d62240db4ee61,2026-08-30,30,0,Sun,8,Aug,3,2026,TRUE
08df6d4ff68729b9d2b5d2d186f39eca,2026-08-31,31,1,Mon,8,Aug,3,2026,FALSE
4422f3776893cba6d18e8f258c63716f,2026-09-01,1,2,Tue,9,Sep,3,2026,FALSE
fc80b6d5af5f41d5fe35d95b7078b1fb,2026-09-02,2,3,Wed,9,Sep,3,2026,FALSE
43dd108f99eba4da0293ca2ed211b87a,2026-09-03,3,4,Thu,9,Sep,3,2026,FALSE
ac100498b3d3694d524d4b87e1fc7e3c,2026-09-04,4,5,Fri,9,Sep,3,2026,FALSE
0612ca51886fcb5bbc99df78ceded484,2026-09-05,5,6,Sat,9,Sep,3,2026,TRUE
11166d23a407490809bc5b1fe5231d99,2026-09-06,6,0,Sun,9,Sep,3,2026,TRUE
08ae0a83a27deec7658e9ad951b803c7,2026-09-07,7,1,Mon,9,Sep,3,2026,FALSE
cf0f8a6ddd8506becb9939c9edb86039,2026-09-08,8,2,Tue,9,Sep,3,2026,FALSE
76a7a00bc1008ca4036103662dcbd297,2026-09-09,9,3,Wed,9,Sep,3,2026,FALSE
219e3dfddc927539fcce8ff99b73f012,2026-09-10,10,4,Thu,9,Sep,3,2026,FALSE
a5f78aedefc93c72e18880849bb06461,2026-09-11,11,5,Fri,9,Sep,3,2026,FALSE
d88e2f97719ad0ae424945ad60d61f9f,2026-09-12,12,6,Sat,9,Sep,3,2026,TRUE
5bd9356d753f1fd99468ef4b1c1df52b,2026-09-13,13,0,Sun,9,Sep,3,2026,TRUE
ce4f5baa48cd135ee14b7625e51d9dca,2026-09-14,14,1,Mon,9,Sep,3,2026,FALSE
f9f0b181b93f616e1b2fd13a7eb68819,2026-09-15,15,2,Tue,9,Sep,3,2026,FALSE
0cdf73ff2b30ed7aa6206fde112bee77,2026-09-16,16,3,Wed,9,Sep,3,2026,FALSE
6c2a675559f7caa08b73359ccb75a22d,2026-09-17,17,4,Thu,9,Sep,3,2026,FALSE
cc84a9cd4e85ac79309601f98124b0a8,2026-09-18,18,5,Fri,9,Sep,3,2026,FALSE
ac801ea38d61b8f3e71e0f7d88cbe23a,2026-09-19,19,6,Sat,9,Sep,3,2026,TRUE
dcf52c9819dbea4ed680c1f89dccd1f8,2026-09-20,20,0,Sun,9,Sep,3,2026,TRUE
a2bd0075ead2d77cc9b4f5c65b14c7ab,2026-09-21,21,1,Mon,9,Sep,3,2026,FALSE
f5a598237c0a22e9eaf5900285b144bf,2026-09-22,22,2,Tue,9,Sep,3,2026,FALSE
5a63f84fa90537fdf1baea854664e409,2026-09-23,23,3,Wed,9,Sep,3,2026,FALSE
320647b35889a5d848b5334befcdf051,2026-09-24,24,4,Thu,9,Sep,3,2026,FALSE
26a5abe47da5900b0ae882a6aec4b9be,2026-09-25,25,5,Fri,9,Sep,3,2026,FALSE
9e95f7f9b2aa3090fc326c60c25857b0,2026-09-26,26,6,Sat,9,Sep,3,2026,TRUE
55941bbc63dffa79aa08d8ee4cb8cd19,2026-09-27,27,0,Sun,9,Sep,3,2026,TRUE
e9065e224fbd21cdcb1ce492b1e915a9,2026-09-28,28,1,Mon,9,Sep,3,2026,FALSE
bcf7fbb50cc35a50091f58f1e545206a,2026-09-29,29,2,Tue,9,Sep,3,2026,FALSE
333ca4c9cf2ff14aad01c547e10303a8,2026-09-30,30,3,Wed,9,Sep,3,2026,FALSE
5455751da1576fcd44fcad0afaf5651a,2026-10-01,1,4,Thu,10,Oct,4,2026,FALSE
31882d3a9a99d96f61fa3842af099410,2026-10-02,2,5,Fri,10,Oct,4,2026,FALSE
0f9a31ec608836e40fc44bb0c87d87f8,2026-10-03,3,6,Sat,10,Oct,4,2026,TRUE
f2c67b859866df09f5dba12a29f29330,2026-10-04,4,0,Sun,10,Oct,4,2026,TRUE
a0feca5de78ead9d1af7600781cf7364,2026-10-05,5,1,Mon,10,Oct,4,2026,FALSE
73a017eaa1bb2a452b5bcc92acd54acb,2026-10-06,6,2,Tue,10,Oct,4,2026,FALSE
10f18b75904684c545285cfa0d4bd93f,2026-10-07,7,3,Wed,10,Oct,4,2026,FALSE
aaa8f033a92bf10d854ce205403fabe1,2026-10-08,8,4,Thu,10,Oct,4,2026,FALSE
ff31a6aa978368a0d5990e1c2ecc1fc2,2026-10-09,9,5,Fri,10,Oct,4,2026,FALSE
4195488d7439fad618a1dcb3329f4b20,2026-10-10,10,6,Sat,10,Oct,4,2026,TRUE
6ee5870ba06e9d97cfe34398a1625e0f,2026-10-11,11,0,Sun,10,Oct,4,2026,TRUE
40bbd8a95d080fec59c9dbaa31e4f533,2026-10-12,12,1,Mon,10,Oct,4,2026,FALSE
5e1e49b129a0e2a9ab14999f49219f82,2026-10-13,13,2,Tue,10,Oct,4,2026,FALSE
77e234bed854e2db79e8e97865a83877,2026-10-14,14,3,Wed,10,Oct,4,2026,FALSE
7e81efda814711904acd3dfccfd1c824,2026-10-15,15,4,Thu,10,Oct,4,2026,FALSE
40cc3e0132e6a41c724a0e2612b1577f,2026-10-16,16,5,Fri,10,Oct,4,2026,FALSE
46617050a2bee037300477eb37fbe029,2026-10-17,17,6,Sat,10,Oct,4,2026,TRUE
86eb89e9b94c94323705944a729cf618,2026-10-18,18,0,Sun,10,Oct,4,2026,TRUE
ce9a86695921835f053a92ab01fff737,2026-10-19,19,1,Mon,10,Oct,4,2026,FALSE
deba72f99ee2133175f587fde5f947ac,2026-10-20,20,2,Tue,10,Oct,4,2026,FALSE
f7d04ec14f04abc1f3b7ed67859f34f7,2026-10-21,21,3,Wed,10,Oct,4,2026,FALSE
594577752697a3d11692875a9f24b9ae,2026-10-22,22,4,Thu,10,Oct,4,2026,FALSE
ddb2c31ee37226cd131c19d7d87ace78,2026-10-23,23,5,Fri,10,Oct,4,2026,FALSE
3bc67cf2d38648a38469cdf68a6f965f,2026-10-24,24,6,Sat,10,Oct,4,2026,TRUE
cc7236b4a15f49019dede45097586a02,2026-10-25,25,0,Sun,10,Oct,4,2026,TRUE
dbcd70beab56963578d70df985879ec7,2026-10-26,26,1,Mon,10,Oct,4,2026,FALSE
de0d6aa7bdb37f9e0728cdc87ce80833,2026-10-27,27,2,Tue,10,Oct,4,2026,FALSE
8cc92f775b4063fd8bfd2577376b0698,2026-10-28,28,3,Wed,10,Oct,4,2026,FALSE
8f246fdcdd11e03e7750ed4f8e050161,2026-10-29,29,4,Thu,10,Oct,4,2026,FALSE
f4c20443c57178866623ce24f099a272,2026-10-30,30,5,Fri,10,Oct,4,2026,FALSE
70658e728e6e4d41997cf0cbe94ee41e,2026-10-31,31,6,Sat,10,Oct,4,2026,TRUE
090962706ddaf124e10f22ed54380e7f,2026-11-01,1,0,Sun,11,Nov,4,2026,TRUE
5eae58763dcbe2a0584afac0ef91415a,2026-11-02,2,1,Mon,11,Nov,4,2026,FALSE
92ef03b0a53c20499bcde22fe03440c5,2026-11-03,3,2,Tue,11,Nov,4,2026,FALSE
82bab43b2c8839fdc6d7e7412433babc,2026-11-04,4,3,Wed,11,Nov,4,2026,FALSE
804d60c4f9bced6aed1ac3bbc5130622,2026-11-05,5,4,Thu,11,Nov,4,2026,FALSE
bae9594a4d0d760fe6d16dda7acf737a,2026-11-06,6,5,Fri,11,Nov,4,2026,FALSE
dc32bc170e63d50c6a529b8ac5040db2,2026-11-07,7,6,Sat,11,Nov,4,2026,TRUE
cd1a27fdaa7f501800b8d990e3f616f7,2026-11-08,8,0,Sun,11,Nov,4,2026,TRUE
efa3f4dc6d48e9dc2f1f35f6b6724160,2026-11-09,9,1,Mon,11,Nov,4,2026,FALSE
7ae83f3f44a4356a36ec9bbe6af7fa9b,2026-11-10,10,2,Tue,11,Nov,4,2026,FALSE
b703917e5499310fff6c94ac59a4b3c4,2026-11-11,11,3,Wed,11,Nov,4,2026,FALSE
908485dfcfcc6d43ee34661e0249105e,2026-11-12,12,4,Thu,11,Nov,4,2026,FALSE
bd9f69d6a4bfd52af946bb714fcb45bd,2026-11-13,13,5,Fri,11,Nov,4,2026,FALSE
4a45b142a0bc6322e2cdd01438aa50b4,2026-11-14,14,6,Sat,11,Nov,4,2026,TRUE
ddca4e7778959bd0b117ff21710edf02,2026-11-15,15,0,Sun,11,Nov,4,2026,TRUE
8082b6e2113420e4c4f714d5b2223041,2026-11-16,16,1,Mon,11,Nov,4,2026,FALSE
cf18e89d28ecce77816ea5e8da228253,2026-11-17,17,2,Tue,11,Nov,4,2026,FALSE
db6c4cade573fef1ca8123646522199f,2026-11-18,18,3,Wed,11,Nov,4,2026,FALSE
d1fef5dd7e4357116a4a09ec1bbffcaa,2026-11-19,19,4,Thu,11,Nov,4,2026,FALSE
fc7f73766a95e91da91658aadf69e55f,2026-11-20,20,5,Fri,11,Nov,4,2026,FALSE
486eeef84e28db8110bdb6de125e5deb,2026-11-21,21,6,Sat,11,Nov,4,2026,TRUE
d6d267009e3689204a37cc699b652d32,2026-11-22,22,0,Sun,11,Nov,4,2026,TRUE
c904ee7a49338de077316979cdfab07a,2026-11-23,23,1,Mon,11,Nov,4,2026,FALSE
45ea5aa4b933eece04c04cef9780baab,2026-11-24,24,2,Tue,11,Nov,4,2026,FALSE
e8d009afe4d01e7c84830c60fbfe5ec6,2026-11-25,25,3,Wed,11,Nov,4,2026,FALSE
dd9c1c2bd72dd9834b3df05b49dfbf56,2026-11-26,26,4,Thu,11,Nov,4,2026,FALSE
73d54345af28613d11b1e12b809e682e,2026-11-27,27,5,Fri,11,Nov,4,2026,FALSE
a49fc0a50af4962dc188a3a82d8fd7ce,2026-11-28,28,6,Sat,11,Nov,4,2026,TRUE
a317d37c68d2f42595f57508ce6732ca,2026-11-29,29,0,Sun,11,Nov,4,2026,TRUE
e209b026374bc08bb5bbd2bd3453e759,2026-11-30,30,1,Mon,11,Nov,4,2026,FALSE
e61ff09175b02682e33223ed6542f225,2026-12-01,1,2,Tue,12,Dec,4,2026,FALSE
fa4ea2f3d3bc91341cd229fad15e0488,2026-12-02,2,3,Wed,12,Dec,4,2026,FALSE
83bd6be8efcaa9e14801e99e469801a4,2026-12-03,3,4,Thu,12,Dec,4,2026,FALSE
2f3a245a08ee57f703dd40024c79cccb,2026-12-04,4,5,Fri,12,Dec,4,2026,FALSE
788c2503c996e5096a9ad442b5f9e678,2026-12-05,5,6,Sat,12,Dec,4,2026,TRUE
74f2eb0e615e4a8c7ab241ec4916cf74,2026-12-06,6,0,Sun,12,Dec,4,2026,TRUE
76d11e884e2ee6bd4497e5aea6fd73a0,2026-12-07,7,1,Mon,12,Dec,4,2026,FALSE
b46dacea40682f3a9934c8f38a409c39,2026-12-08,8,2,Tue,12,Dec,4,2026,FALSE
0ab775c56bd60f6f9839112b4e65837a,2026-12-09,9,3,Wed,12,Dec,4,2026,FALSE
f509b27b83a6a7c132c51b6ae914ff1f,2026-12-10,10,4,Thu,12,Dec,4,2026,FALSE
ed7e0629f99122d9f38c8033b2b023dd,2026-12-11,11,5,Fri,12,Dec,4,2026,FALSE
369aaf6de1e312b34944f6fdb6622b0f,2026-12-12,12,6,Sat,12,Dec,4,2026,TRUE
9ebf0b4052748b425384ed021a143203,2026-12-13,13,0,Sun,12,Dec,4,2026,TRUE
18c304456d483981f29d036661925bf5,2026-12-14,14,1,Mon,12,Dec,4,2026,FALSE
de003518256a670ccb88009e22e74c10,2026-12-15,15,2,Tue,12,Dec,4,2026,FALSE
075be83acc04ea2ae3190dc7a55428a8,2026-12-16,16,3,Wed,12,Dec,4,2026,FALSE
ead4b3c9fdc3e9249a77d85b02335735,2026-12-17,17,4,Thu,12,Dec,4,2026,FALSE
879dbfe3a7d15d845fc3426c009281a8,2026-12-18,18,5,Fri,12,Dec,4,2026,FALSE
0690a26e296bed4ee5cc2243f23a81c0,2026-12-19,19,6,Sat,12,Dec,4,2026,TRUE
35bbd3b6052cf2f23317ac24e7511d6a,2026-12-20,20,0,Sun,12,Dec,4,2026,TRUE
b993ffa3358e2e0cfd4f4e13437e5507,2026-12-21,21,1,Mon,12,Dec,4,2026,FALSE
d1411f1cc486d354cbd5ded4c274b62e,2026-12-22,22,2,Tue,12,Dec,4,2026,FALSE
0269b988d2514a6a91b1fd8013785bef,2026-12-23,23,3,Wed,12,Dec,4,2026,FALSE
669eb8a221a90805eebf695c7dc38eb7,2026-12-24,24,4,Thu,12,Dec,4,2026,FALSE
c3c1a54dc410fdd012c7f9d3be9ef12a,2026-12-25,25,5,Fri,12,Dec,4,2026,FALSE
455e675323b0e9946013423580ce42a6,2026-12-26,26,6,Sat,12,Dec,4,2026,TRUE
d05f6731dfb7c5bfaf28037ea4787987,2026-12-27,27,0,Sun,12,Dec,4,2026,TRUE
84f5909f907956eb7445692e9d86489c,2026-12-28,28,1,Mon,12,Dec,4,2026,FALSE
a4b05b00928fa2350082ce755b9c1c98,2026-12-29,29,2,Tue,12,Dec,4,2026,FALSE
59c48d8f9cdacabb9c6897fc507b6970,2026-12-30,30,3,Wed,12,Dec,4,2026,FALSE
103b1b3a0c89794e166505da0a4b4ea3,2026-12-31,31,4,Thu,12,Dec,4,2026,FALSE
e84e2bae996247ab7efbb63afb993fd5,2027-01-01,1,5,Fri,1,Jan,1,2027,FALSE
8ac1a1afd9a2635001246be023101b6c,2027-01-02,2,6,Sat,1,Jan,1,2027,TRUE
7a39de1348f112aa10e2cfaa4498dbfe,2027-01-03,3,0,Sun,1,Jan,1,2027,TRUE
f494a71d302736aaa50d18e4beda219e,2027-01-04,4,1,Mon,1,Jan,1,2027,FALSE
d27168ae3a2c89bb3a41c6d83b17ef20,2027-01-05,5,2,Tue,1,Jan,1,2027,FALSE
475ded5a054c0418c2e328a7d96dd3f5,2027-01-06,6,3,Wed,1,Jan,1,2027,FALSE
0e0e15144cb0f17577a137eeb99f7b4d,2027-01-07,7,4,Thu,1,Jan,1,2027,FALSE
c8b95ec64301033f7d24800730b8e91d,2027-01-08,8,5,Fri,1,Jan,1,2027,FALSE
b1b10ce7bdf062fbfcfa0bd80c6308b0,2027-01-09,9,6,Sat,1,Jan,1,2027,TRUE
da52e52424751fb55b7952e7abdb7d8c,2027-01-10,10,0,Sun,1,Jan,1,2027,TRUE
0c3d4f012ff4b7777ab1f5cd6a222855,2027-01-11,11,1,Mon,1,Jan,1,2027,FALSE
3c35055e4466ba41688770f2bb3c0bff,2027-01-12,12,2,Tue,1,Jan,1,2027,FALSE
4cd22dd07fc66ea8a5879bb65af88a1d,2027-01-13,13,3,Wed,1,Jan,1,2027,FALSE
097f8d61f1bd46e34e7d3551bd7d3c08,2027-01-14,14,4,Thu,1,Jan,1,2027,FALSE
3aa780afe1b255fb4f7001e3cd95bf8c,2027-01-15,15,5,Fri,1,Jan,1,2027,FALSE
0999b90745be5d9c2f7dbe6320ca2f85,2027-01-16,16,6,Sat,1,Jan,1,2027,TRUE
3cb8f58869c1aabf9a64918e211506bf,2027-01-17,17,0,Sun,1,Jan,1,2027,TRUE
eb267f69cfae5ea3e1cc361f723f7e6a,2027-01-18,18,1,Mon,1,Jan,1,2027,FALSE
37e6f4d67f47ffcd3d7f6c4789bac8f2,2027-01-19,19,2,Tue,1,Jan,1,2027,FALSE
a73584576416942cc703f9404911fb44,2027-01-20,20,3,Wed,1,Jan,1,2027,FALSE
6bc8d998005f00930243aae808ea892d,2027-01-21,21,4,Thu,1,Jan,1,2027,FALSE
b1492eeb87e5bb48a2379756f374dc3b,2027-01-22,22,5,Fri,1,Jan,1,2027,FALSE
0d98c3ae2117ed284e94b882daef976b,2027-01-23,23,6,Sat,1,Jan,1,2027,TRUE
4c66fe57ab520be4f5a7a05eeff77554,2027-01-24,24,0,Sun,1,Jan,1,2027,TRUE
66eb797b8910e8b7171b1c815cd737ba,2027-01-25,25,1,Mon,1,Jan,1,2027,FALSE
b0a297681265ce6cdd3fcc78e7eb9dc3,2027-01-26,26,2,Tue,1,Jan,1,2027,FALSE
a001ad83e3013735912a035c7f1db881,2027-01-27,27,3,Wed,1,Jan,1,2027,FALSE
2409fb2a4f0a3e024539b4667bcc7312,2027-01-28,28,4,Thu,1,Jan,1,2027,FALSE
e5207053a632e728cb5bdda754fb9701,2027-01-29,29,5,Fri,1,Jan,1,2027,FALSE
f30793ca20b8c27fa32f8a26aa34872a,2027-01-30,30,6,Sat,1,Jan,1,2027,TRUE
7086babb12ec626b90458c00a68d9dac,2027-01-31,31,0,Sun,1,Jan,1,2027,TRUE
45a9cf3666f5ddd210110053d44190cf,2027-02-01,1,1,Mon,2,Feb,1,2027,FALSE
3353d31af08bb945003627b351cf53fe,2027-02-02,2,2,Tue,2,Feb,1,2027,FALSE
3ab5da3bb5c3891b2bc4f8cab33bd5ad,2027-02-03,3,3,Wed,2,Feb,1,2027,FALSE
626d4837bfd17f84068d679c56510dfa,2027-02-04,4,4,Thu,2,Feb,1,2027,FALSE
7d73491f40b21634d8f83a35738dcd81,2027-02-05,5,5,Fri,2,Feb,1,2027,FALSE
2b1098bda714ead0ffbb321cf918606c,2027-02-06,6,6,Sat,2,Feb,1,2027,TRUE
38529d66f2ad8c855544f73ed8669101,2027-02-07,7,0,Sun,2,Feb,1,2027,TRUE
9b31a68d7226efc77045c030bbe2c837,2027-02-08,8,1,Mon,2,Feb,1,2027,FALSE
c6b58e189eac80a862f58cd10199f72a,2027-02-09,9,2,Tue,2,Feb,1,2027,FALSE
741b57cafc6c89fd7d1d6f6f62babf61,2027-02-10,10,3,Wed,2,Feb,1,2027,FALSE
2c2d583c59ac2b38ff5dec23a23b66c4,2027-02-11,11,4,Thu,2,Feb,1,2027,FALSE
bc247fe7d5155608720a16cd3236ca54,2027-02-12,12,5,Fri,2,Feb,1,2027,FALSE
3d6d06cae3af07b9602045e843186a3c,2027-02-13,13,6,Sat,2,Feb,1,2027,TRUE
22f96cf7f1504638b76dfb27ae12d657,2027-02-14,14,0,Sun,2,Feb,1,2027,TRUE
db24f7546521f007586ff841d2d7a136,2027-02-15,15,1,Mon,2,Feb,1,2027,FALSE
7b749f430a77bfcf4f183cf55db62d77,2027-02-16,16,2,Tue,2,Feb,1,2027,FALSE
9d75c13323e24829ff15789334bf641c,2027-02-17,17,3,Wed,2,Feb,1,2027,FALSE
0609a697f7e03d5bcea456a80a1bfa40,2027-02-18,18,4,Thu,2,Feb,1,2027,FALSE
54c5aff92e4425d88cb458a6f86032a7,2027-02-19,19,5,Fri,2,Feb,1,2027,FALSE
8d8a46c83bb42b7c2b21deaf8ca904ee,2027-02-20,20,6,Sat,2,Feb,1,2027,TRUE
e6dfaba5cd0ebb4d7c2f1facf5a08453,2027-02-21,21,0,Sun,2,Feb,1,2027,TRUE
10d1b80a2075daaf92baf9ae2c18d62c,2027-02-22,22,1,Mon,2,Feb,1,2027,FALSE
6fa79896eabcbe6f1efbc2aba365350f,2027-02-23,23,2,Tue,2,Feb,1,2027,FALSE
75e1cb32b5d1113451965d0dd4908444,2027-02-24,24,3,Wed,2,Feb,1,2027,FALSE
368997e25533ccd8dd74368f9ae8b3fe,2027-02-25,25,4,Thu,2,Feb,1,2027,FALSE
3db8fe8ec0ca51d6bda27720a9b887b7,2027-02-26,26,5,Fri,2,Feb,1,2027,FALSE
5d37c1194ff4bfed7ec296a00b0c2ba6,2027-02-27,27,6,Sat,2,Feb,1,2027,TRUE
3110abf4a6c08ddd722575c7fb5b6190,2027-02-28,28,0,Sun,2,Feb,1,2027,TRUE
eeff4306fdddff6634c21ba0158b2c30,2027-03-01,1,1,Mon,3,Mar,1,2027,FALSE
c00ae552bff71540d9a735de47ec124b,2027-03-02,2,2,Tue,3,Mar,1,2027,FALSE
dca085db01ee069243ee0df07cf619d2,2027-03-03,3,3,Wed,3,Mar,1,2027,FALSE
bea384216222891b38f52aa1216b96bc,2027-03-04,4,4,Thu,3,Mar,1,2027,FALSE
9b32c53174e1257f76361cbddc420c9e,2027-03-05,5,5,Fri,3,Mar,1,2027,FALSE
338968ee30b53bfe8a26c2e68527345e,2027-03-06,6,6,Sat,3,Mar,1,2027,TRUE
781c7a843033b24f5860e929042a113a,2027-03-07,7,0,Sun,3,Mar,1,2027,TRUE
580b7f3aaf2446b3053f6b0c501bef2c,2027-03-08,8,1,Mon,3,Mar,1,2027,FALSE
e5d7a63d6301851ef6b75b0e7e46d095,2027-03-09,9,2,Tue,3,Mar,1,2027,FALSE
5065921e1769984c679022a4f53ff675,2027-03-10,10,3,Wed,3,Mar,1,2027,FALSE
af29bb46bc1d77902e13806d6c91b875,2027-03-11,11,4,Thu,3,Mar,1,2027,FALSE
2a2860c1dc5df1909f787482659171e5,2027-03-12,12,5,Fri,3,Mar,1,2027,FALSE
ecbfb282a88da8d5eb3a5a5ce956922c,2027-03-13,13,6,Sat,3,Mar,1,2027,TRUE
b95ab8703687180ec0b4d733d407c130,2027-03-14,14,0,Sun,3,Mar,1,2027,TRUE
e118f16104478a4751bf70499b184a3a,2027-03-15,15,1,Mon,3,Mar,1,2027,FALSE
82cfedd1585fac6f8949e545774adf9d,2027-03-16,16,2,Tue,3,Mar,1,2027,FALSE
967baf5f23375b5007d08c9377542265,2027-03-17,17,3,Wed,3,Mar,1,2027,FALSE
7762ea7e0ae632575e64afb8c46a5444,2027-03-18,18,4,Thu,3,Mar,1,2027,FALSE
6761f6161a75b94bf6751be062e1ecda,2027-03-19,19,5,Fri,3,Mar,1,2027,FALSE
cf11d73657c221328dbb9f2fe2028820,2027-03-20,20,6,Sat,3,Mar,1,2027,TRUE
317bb78b27c87da83f4e3205958ada49,2027-03-21,21,0,Sun,3,Mar,1,2027,TRUE
d37f73014776121ede86ce0fd596080e,2027-03-22,22,1,Mon,3,Mar,1,2027,FALSE
eddef3615ea7d65007c8d2e257b3ea2b,2027-03-23,23,2,Tue,3,Mar,1,2027,FALSE
ace42887347df5df82500fc8bf163a2f,2027-03-24,24,3,Wed,3,Mar,1,2027,FALSE
3b242d913da98296b83207aa0360ae79,2027-03-25,25,4,Thu,3,Mar,1,2027,FALSE
b5e3c48c6d4101a09429642eec9069f6,2027-03-26,26,5,Fri,3,Mar,1,2027,FALSE
49618d17880cac8a55ae6973cc307495,2027-03-27,27,6,Sat,3,Mar,1,2027,TRUE
5474c65ae2f414b73a887c03837e4239,2027-03-28,28,0,Sun,3,Mar,1,2027,TRUE
e6653c196727c760b107e728527b628d,2027-03-29,29,1,Mon,3,Mar,1,2027,FALSE
a3fd01a6ad64b577ad89cc01f5bd0276,2027-03-30,30,2,Tue,3,Mar,1,2027,FALSE
3b9896c04f84579df12ca95e0f2caeb4,2027-03-31,31,3,Wed,3,Mar,1,2027,FALSE
9c0fb3ece15c2d984b18586daea5f552,2027-04-01,1,4,Thu,4,Apr,2,2027,FALSE
14f62283030d50c2c7fa7056f0f20b4b,2027-04-02,2,5,Fri,4,Apr,2,2027,FALSE
c5c95a148fd9acd25e298d4bd5f2d77e,2027-04-03,3,6,Sat,4,Apr,2,2027,TRUE
9c36fd91aff5c70c3c99a0bdeab8a94e,2027-04-04,4,0,Sun,4,Apr,2,2027,TRUE
b3416ea45715a943604ea77fa26094f2,2027-04-05,5,1,Mon,4,Apr,2,2027,FALSE
44d125705944ab93007c953bf7c9c940,2027-04-06,6,2,Tue,4,Apr,2,2027,FALSE
c000fccce66aedc8694fe2607538ead0,2027-04-07,7,3,Wed,4,Apr,2,2027,FALSE
6223a67225f9fa8d1617d1d32712b23c,2027-04-08,8,4,Thu,4,Apr,2,2027,FALSE
0d8cab81fd5ee1685e2f7ac712ec77c2,2027-04-09,9,5,Fri,4,Apr,2,2027,FALSE
633820e29d83fdd3dcaf9248a5b56b64,2027-04-10,10,6,Sat,4,Apr,2,2027,TRUE
b039379d19e03d04c72471cc73a1aefa,2027-04-11,11,0,Sun,4,Apr,2,2027,TRUE
6ce5523d09b215bc9dd4d7cdb6adefe1,2027-04-12,12,1,Mon,4,Apr,2,2027,FALSE
7825856c5e692e8e3d84ff4f84311bf0,2027-04-13,13,2,Tue,4,Apr,2,2027,FALSE
f0cdeb488dc67671f9b4cdfa6cd035f1,2027-04-14,14,3,Wed,4,Apr,2,2027,FALSE
d2f0860d183d14acdf3387c268284d3a,2027-04-15,15,4,Thu,4,Apr,2,2027,FALSE
1c0bd446e52f793fca78b837179decf3,2027-04-16,16,5,Fri,4,Apr,2,2027,FALSE
4390f1a762b7ed67300817dc8e4910f9,2027-04-17,17,6,Sat,4,Apr,2,2027,TRUE
6ca4b4e6c2562a7ef51b8af75b87633d,2027-04-18,18,0,Sun,4,Apr,2,2027,TRUE
80726bd18b20a7d0a8e0f212e89129cf,2027-04-19,19,1,Mon,4,Apr,2,2027,FALSE
f28a2c0df509eb4c28f022204fd650f9,2027-04-20,20,2,Tue,4,Apr,2,2027,FALSE
76d28ab23bc4d7d27a3f30ab3003bf7c,2027-04-21,21,3,Wed,4,Apr,2,2027,FALSE
0ce433df392bba4c1f4902bb3fbf042a,2027-04-22,22,4,Thu,4,Apr,2,2027,FALSE
09e7c283dc82af611f2c4366320f9f2e,2027-04-23,23,5,Fri,4,Apr,2,2027,FALSE
4b3dfdfa887ec49c282a29d30c798627,2027-04-24,24,6,Sat,4,Apr,2,2027,TRUE
707679d802516ede315d8cefaae50a78,2027-04-25,25,0,Sun,4,Apr,2,2027,TRUE
dc8a4de4cd8c87d706ebd33fb7964e10,2027-04-26,26,1,Mon,4,Apr,2,2027,FALSE
c2c4bb4b25158165e007c3d10269113f,2027-04-27,27,2,Tue,4,Apr,2,2027,FALSE
342c88655945d138e3d6e341cafb860f,2027-04-28,28,3,Wed,4,Apr,2,2027,FALSE
6c7fd1174eb6154a5810147f2a645288,2027-04-29,29,4,Thu,4,Apr,2,2027,FALSE
296bae4edcb0db4deeb315f42760be98,2027-04-30,30,5,Fri,4,Apr,2,2027,FALSE
372364830d40eb274893e150c422bb26,2027-05-01,1,6,Sat,5,May,2,2027,TRUE
76b79e99473db5b76c219499ca2cd032,2027-05-02,2,0,Sun,5,May,2,2027,TRUE
7930fbd3e42b4de0ff773bc641ece08f,2027-05-03,3,1,Mon,5,May,2,2027,FALSE
c2fdd4f6231d69e98e3e1572a9129ce5,2027-05-04,4,2,Tue,5,May,2,2027,FALSE
63cd23e17830f37b55922feb52db9f3e,2027-05-05,5,3,Wed,5,May,2,2027,FALSE
6e47ef62565e1d8334e4be53aae943b5,2027-05-06,6,4,Thu,5,May,2,2027,FALSE
02d1c1672a7c931728a5a63032a6032e,2027-05-07,7,5,Fri,5,May,2,2027,FALSE
f99bc847bee8883a84a47082baf61437,2027-05-08,8,6,Sat,5,May,2,2027,TRUE
f45c9c2f9d698e01730259408ddc5aa7,2027-05-09,9,0,Sun,5,May,2,2027,TRUE
f8f0be48e62bc5bea65369c693ec282d,2027-05-10,10,1,Mon,5,May,2,2027,FALSE
0b108f719f46c7c02b61a401f3c4907e,2027-05-11,11,2,Tue,5,May,2,2027,FALSE
0cbf646e2f2b080e65cc2a5d4e062e50,2027-05-12,12,3,Wed,5,May,2,2027,FALSE
401d7179b2da3ce0d058f603699460e3,2027-05-13,13,4,Thu,5,May,2,2027,FALSE
1a4485d80335ce7808aa839574158cd1,2027-05-14,14,5,Fri,5,May,2,2027,FALSE
26d21e04f32e0f5c76f72bb6208a5401,2027-05-15,15,6,Sat,5,May,2,2027,TRUE
5c1f8c13d4ec49ef0f0cd869cf5bc524,2027-05-16,16,0,Sun,5,May,2,2027,TRUE
ecf9dca98330810b2cfb8619c4d15994,2027-05-17,17,1,Mon,5,May,2,2027,FALSE
f2bc9a4a2d646fca52844b3a4c82a963,2027-05-18,18,2,Tue,5,May,2,2027,FALSE
c88c1613479fdcb46ce95159693cb5a6,2027-05-19,19,3,Wed,5,May,2,2027,FALSE
405ada1a9a9ddff256b02629ab4c0b7b,2027-05-20,20,4,Thu,5,May,2,2027,FALSE
f7b3825d62ac404f2b163ed41081b832,2027-05-21,21,5,Fri,5,May,2,2027,FALSE
c2091063179a3c3491307fcbe55d52f6,2027-05-22,22,6,Sat,5,May,2,2027,TRUE
29f3579098242f19f5404f248c57432f,2027-05-23,23,0,Sun,5,May,2,2027,TRUE
5bf8b2c5c64056cf5388c9c30cc26e20,2027-05-24,24,1,Mon,5,May,2,2027,FALSE
404f9b20e39210965682e6928cffb54d,2027-05-25,25,2,Tue,5,May,2,2027,FALSE
dcfd677d5526d54cb6b9929f6ef932de,2027-05-26,26,3,Wed,5,May,2,2027,FALSE
3f44cf064b228723df8dabb3bb35fd1e,2027-05-27,27,4,Thu,5,May,2,2027,FALSE
ec12296fbea60208ca42cc84c685b727,2027-05-28,28,5,Fri,5,May,2,2027,FALSE
e50bf502ea113b0249dc1d1c4584d667,2027-05-29,29,6,Sat,5,May,2,2027,TRUE
4a3671c802fbe1db8048ad9e34e5d9d9,2027-05-30,30,0,Sun,5,May,2,2027,TRUE
c185d746525dcb1b68e3020639799835,2027-05-31,31,1,Mon,5,May,2,2027,FALSE
ad68075b2ff7434960766b1a62195a03,2027-06-01,1,2,Tue,6,Jun,2,2027,FALSE
19f943b6951689543a3e17b5d03262ce,2027-06-02,2,3,Wed,6,Jun,2,2027,FALSE
6125ad294f710b4388a666dc7420ba3e,2027-06-03,3,4,Thu,6,Jun,2,2027,FALSE
dedc6a58f07d72392984bd8947bda48b,2027-06-04,4,5,Fri,6,Jun,2,2027,FALSE
4bb2d703d63909746d3c6e7b26dde4e3,2027-06-05,5,6,Sat,6,Jun,2,2027,TRUE
62efe9e40621324deaae74a4570fe54f,2027-06-06,6,0,Sun,6,Jun,2,2027,TRUE
182a04882ae98a1b47743b85aae49cca,2027-06-07,7,1,Mon,6,Jun,2,2027,FALSE
57345247625a88e92d6bb96a9ae664cc,2027-06-08,8,2,Tue,6,Jun,2,2027,FALSE
f1c6fea60be4138cc9edb061cd487f45,2027-06-09,9,3,Wed,6,Jun,2,2027,FALSE
db896b42f6b97dff2fec3d636e6162da,2027-06-10,10,4,Thu,6,Jun,2,2027,FALSE
8397cd950463e05b382767d92f09ecd0,2027-06-11,11,5,Fri,6,Jun,2,2027,FALSE
cdcd6cd67a05491cc88ba51a9f2e2820,2027-06-12,12,6,Sat,6,Jun,2,2027,TRUE
7e1fdf19c39c2823e2ce0c1291abc9f9,2027-06-13,13,0,Sun,6,Jun,2,2027,TRUE
7a74808dd0367efe792145fbb2c33080,2027-06-14,14,1,Mon,6,Jun,2,2027,FALSE
7a156e417442dc2ed60b835b7d6c82a7,2027-06-15,15,2,Tue,6,Jun,2,2027,FALSE
5a88421804dcd8909b5482cb74a005b9,2027-06-16,16,3,Wed,6,Jun,2,2027,FALSE
eb8a3237232cd04fd60ad33e0b51dab6,2027-06-17,17,4,Thu,6,Jun,2,2027,FALSE
605f5dafe77cef48ff3fbd43a70831a9,2027-06-18,18,5,Fri,6,Jun,2,2027,FALSE
13ab4a4602ae0cd47cd03f8149ec2bd3,2027-06-19,19,6,Sat,6,Jun,2,2027,TRUE
fc7e9c5d6f4d795d4e348847b5f42fc3,2027-06-20,20,0,Sun,6,Jun,2,2027,TRUE
9df18107e56235a1057a1afe1939018a,2027-06-21,21,1,Mon,6,Jun,2,2027,FALSE
6f2c4373c64932ea6428e977ed59e9fe,2027-06-22,22,2,Tue,6,Jun,2,2027,FALSE
c23eed13aac05f8f5ebddeea6939ab72,2027-06-23,23,3,Wed,6,Jun,2,2027,FALSE
a9789107b51ed61ce146e206cd82ec8c,2027-06-24,24,4,Thu,6,Jun,2,2027,FALSE
b09abbc2c36c1eb344422c42f84037c1,2027-06-25,25,5,Fri,6,Jun,2,2027,FALSE
3c5b4e2d31821943868dc6cb6027d589,2027-06-26,26,6,Sat,6,Jun,2,2027,TRUE
d26894c1eeeafe3c99a195a5c5074fdd,2027-06-27,27,0,Sun,6,Jun,2,2027,TRUE
8d45b60ec2439f8ab8753cabcc72c292,2027-06-28,28,1,Mon,6,Jun,2,2027,FALSE
facafd24e0d2295c439bd6341ac4657f,2027-06-29,29,2,Tue,6,Jun,2,2027,FALSE
27df80af1bf9ddcf35694e6728d618fb,2027-06-30,30,3,Wed,6,Jun,2,2027,FALSE
cd0bd0793e5ea12195bd4e4238fe1d4a,2027-07-01,1,4,Thu,7,Jul,3,2027,FALSE
1c7c27b47a6fd5f28c58871db77c202b,2027-07-02,2,5,Fri,7,Jul,3,2027,FALSE
64228f47b390e0a45e8bd28a801faa45,2027-07-03,3,6,Sat,7,Jul,3,2027,TRUE
7e8ca38c630024a6ee8be65780d30a69,2027-07-04,4,0,Sun,7,Jul,3,2027,TRUE
5c6b6bc82870afd798b5ed9a0948a78b,2027-07-05,5,1,Mon,7,Jul,3,2027,FALSE
405b8dc769fab8b92c00f64b41ebd4ae,2027-07-06,6,2,Tue,7,Jul,3,2027,FALSE
c32bc0035059f1fefef291665d2e272d,2027-07-07,7,3,Wed,7,Jul,3,2027,FALSE
0dd98f1f56eec8c4869113159478a130,2027-07-08,8,4,Thu,7,Jul,3,2027,FALSE
c97d08ce3be06a2fc408a56d82178170,2027-07-09,9,5,Fri,7,Jul,3,2027,FALSE
a8e5faff43f95984a8eec44673dc7f3a,2027-07-10,10,6,Sat,7,Jul,3,2027,TRUE
9af112f633578ab528b5de3c9bf1edbb,2027-07-11,11,0,Sun,7,Jul,3,2027,TRUE
aa6897340282334d67d071ae99c2389f,2027-07-12,12,1,Mon,7,Jul,3,2027,FALSE
c35eafbfd13c37d5827bfdaee32efb80,2027-07-13,13,2,Tue,7,Jul,3,2027,FALSE
4c3f4f6fd3ba482296844b95c12b2ed3,2027-07-14,14,3,Wed,7,Jul,3,2027,FALSE
9400ddb150327ef4496ee66290e482e6,2027-07-15,15,4,Thu,7,Jul,3,2027,FALSE
0358bc518ac6fa06f1126f7fe709df5d,2027-07-16,16,5,Fri,7,Jul,3,2027,FALSE
20e59cb67e8f2ca968a6282d9ddcf003,2027-07-17,17,6,Sat,7,Jul,3,2027,TRUE
39c2f256c916226efd86fdf8f3b47978,2027-07-18,18,0,Sun,7,Jul,3,2027,TRUE
7806a6284ef6af8744f5f7b28728041a,2027-07-19,19,1,Mon,7,Jul,3,2027,FALSE
1bcadfb7d52c20633700186fa805d312,2027-07-20,20,2,Tue,7,Jul,3,2027,FALSE
ff30288db65efdf2421d4662e0fc60cf,2027-07-21,21,3,Wed,7,Jul,3,2027,FALSE
6c836756c0d0318320090c1116ab6a51,2027-07-22,22,4,Thu,7,Jul,3,2027,FALSE
fbfe87a9eb756581d7045da4ffda3f2f,2027-07-23,23,5,Fri,7,Jul,3,2027,FALSE
66d21a4345924f219ca79dd3aeb30182,2027-07-24,24,6,Sat,7,Jul,3,2027,TRUE
34cfdd8ac94ac536a1f8528fccb619ad,2027-07-25,25,0,Sun,7,Jul,3,2027,TRUE
79c63c47221d374c0e018f2b9d6890ff,2027-07-26,26,1,Mon,7,Jul,3,2027,FALSE
d6c0ff28ed970f9c4d5ad239d5eec42b,2027-07-27,27,2,Tue,7,Jul,3,2027,FALSE
9d8a4ce9551df5bb962bd63edcb380b5,2027-07-28,28,3,Wed,7,Jul,3,2027,FALSE
7ba3010189aa02d53212ad909ee8b0b4,2027-07-29,29,4,Thu,7,Jul,3,2027,FALSE
317deb9fa5fb47f4c5cef57eaf43c0dd,2027-07-30,30,5,Fri,7,Jul,3,2027,FALSE
80c01b74049ba459f90eeffe11bac3a6,2027-07-31,31,6,Sat,7,Jul,3,2027,TRUE
ea6e286d72fd64fd9a56e99f380a1840,2027-08-01,1,0,Sun,8,Aug,3,2027,TRUE
cf52a0e9a0d2b520b08b59c80ccb0ce7,2027-08-02,2,1,Mon,8,Aug,3,2027,FALSE
ea2ba50053c48c1402536ad21ebe3e97,2027-08-03,3,2,Tue,8,Aug,3,2027,FALSE
cd1af035b8430d22f724c427ebbdfe31,2027-08-04,4,3,Wed,8,Aug,3,2027,FALSE
aa854836ac3e4bd24a3a474808f58758,2027-08-05,5,4,Thu,8,Aug,3,2027,FALSE
e1900a8d0b7cc26e79d51cf586303c64,2027-08-06,6,5,Fri,8,Aug,3,2027,FALSE
bc1fa78c7960cbe5fe916562b67dabd3,2027-08-07,7,6,Sat,8,Aug,3,2027,TRUE
dd05ad0d237b8aed8db75260dadd94fb,2027-08-08,8,0,Sun,8,Aug,3,2027,TRUE
0a9d0773662c611ee35a5a9dd9ad823d,2027-08-09,9,1,Mon,8,Aug,3,2027,FALSE
329c0b64a24dc4ae33df050e8dc6fc19,2027-08-10,10,2,Tue,8,Aug,3,2027,FALSE
e48119f91bf2db942ee6feb8559096e8,2027-08-11,11,3,Wed,8,Aug,3,2027,FALSE
3a6bf83f77135123d4c12772f81c3cbc,2027-08-12,12,4,Thu,8,Aug,3,2027,FALSE
1993b53277e8a2d25d97dab9fd883e52,2027-08-13,13,5,Fri,8,Aug,3,2027,FALSE
7d924caf205b465cebd4af33faa5f51d,2027-08-14,14,6,Sat,8,Aug,3,2027,TRUE
3383e232df0c822de09295090cb774a1,2027-08-15,15,0,Sun,8,Aug,3,2027,TRUE
8dc4a249273007956747769b1d64612d,2027-08-16,16,1,Mon,8,Aug,3,2027,FALSE
532421c50982436be06f8985f1ff33c0,2027-08-17,17,2,Tue,8,Aug,3,2027,FALSE
485c1b1a3c9266eb946c1feb3faadaa6,2027-08-18,18,3,Wed,8,Aug,3,2027,FALSE
02693c3b962d2044d2af72a5572085d4,2027-08-19,19,4,Thu,8,Aug,3,2027,FALSE
07f03ce86444bc87141e32147a8b2f0f,2027-08-20,20,5,Fri,8,Aug,3,2027,FALSE
c48a079f66e728f1614651f8fa42cb74,2027-08-21,21,6,Sat,8,Aug,3,2027,TRUE
c3402a6b2793522c2425a085afd2d877,2027-08-22,22,0,Sun,8,Aug,3,2027,TRUE
9499caac4cc7035a2c83dd9e8db58471,2027-08-23,23,1,Mon,8,Aug,3,2027,FALSE
2e30b62a07e3ef8fc51b7f13c43d19fd,2027-08-24,24,2,Tue,8,Aug,3,2027,FALSE
35b62e207542d4eb8aa2af787614a599,2027-08-25,25,3,Wed,8,Aug,3,2027,FALSE
75443e348019f176ea069d289caaf2bf,2027-08-26,26,4,Thu,8,Aug,3,2027,FALSE
8b7d4a8447dca75a95de536645347d21,2027-08-27,27,5,Fri,8,Aug,3,2027,FALSE
d8537d7e94314606b1f0eacaf60f1bdf,2027-08-28,28,6,Sat,8,Aug,3,2027,TRUE
cb5b2a4cdd0174c501c0e8206e4bc3e7,2027-08-29,29,0,Sun,8,Aug,3,2027,TRUE
3bee48e2be24107fdf74787d460700a0,2027-08-30,30,1,Mon,8,Aug,3,2027,FALSE
524839af3796d5d6f977338bbbe54f7c,2027-08-31,31,2,Tue,8,Aug,3,2027,FALSE
ae4a82d7b5b86f3a1875bd253fdbb99e,2027-09-01,1,3,Wed,9,Sep,3,2027,FALSE
0ba983abef53a216746534eb4cb8f275,2027-09-02,2,4,Thu,9,Sep,3,2027,FALSE
d8048cac5397fb4c2d8cf4801eb6aa1f,2027-09-03,3,5,Fri,9,Sep,3,2027,FALSE
40fca2939422eb0c2d1f6c2eb0da9b2c,2027-09-04,4,6,Sat,9,Sep,3,2027,TRUE
94c3e6844abc5c092641b4af5854d583,2027-09-05,5,0,Sun,9,Sep,3,2027,TRUE
021aa7302f543353693701ba65725828,2027-09-06,6,1,Mon,9,Sep,3,2027,FALSE
f05aa4ecadc541b4a1e83032844b2b78,2027-09-07,7,2,Tue,9,Sep,3,2027,FALSE
52e4493c18a45dc506f20e9ce85bc2de,2027-09-08,8,3,Wed,9,Sep,3,2027,FALSE
2cfd77b2de11dc1bd758c4efa59480b8,2027-09-09,9,4,Thu,9,Sep,3,2027,FALSE
d0b8153345c8028155bd82f6305b7d69,2027-09-10,10,5,Fri,9,Sep,3,2027,FALSE
cf319fa1c8fe3be4f729ba0734545740,2027-09-11,11,6,Sat,9,Sep,3,2027,TRUE
4828e661b82803b8f79a80f060696a78,2027-09-12,12,0,Sun,9,Sep,3,2027,TRUE
f03a56baae6c94219f84b489d193f7d3,2027-09-13,13,1,Mon,9,Sep,3,2027,FALSE
772f4cd5fff2f7e90340b9f356513faf,2027-09-14,14,2,Tue,9,Sep,3,2027,FALSE
0d7f65fa32d5fc013e6ffb1a2b7405d6,2027-09-15,15,3,Wed,9,Sep,3,2027,FALSE
8a278c66c86876965a4dead17b10b241,2027-09-16,16,4,Thu,9,Sep,3,2027,FALSE
c8e88937b12d7f5e7300d67948bbc186,2027-09-17,17,5,Fri,9,Sep,3,2027,FALSE
59a7bc595face571a954631b05657818,2027-09-18,18,6,Sat,9,Sep,3,2027,TRUE
0a41dd87fe7295ae7a757f9a664ea233,2027-09-19,19,0,Sun,9,Sep,3,2027,TRUE
6f1e44eb918e95781876a4c12e18f2f9,2027-09-20,20,1,Mon,9,Sep,3,2027,FALSE
351bb4044f996d1a745c6137e6a8a9fd,2027-09-21,21,2,Tue,9,Sep,3,2027,FALSE
28eb6380137fa4099289bd9be399c70d,2027-09-22,22,3,Wed,9,Sep,3,2027,FALSE
66307bad19fb06c800b550b549721112,2027-09-23,23,4,Thu,9,Sep,3,2027,FALSE
636a4658db60caa710c4c20ad497e4f1,2027-09-24,24,5,Fri,9,Sep,3,2027,FALSE
7f00c33dd93eb24d6cd84e5ba18566ed,2027-09-25,25,6,Sat,9,Sep,3,2027,TRUE
4d23aaa719cb21312b629840f019004f,2027-09-26,26,0,Sun,9,Sep,3,2027,TRUE
5317919fc9e8250d280b904a37b28caf,2027-09-27,27,1,Mon,9,Sep,3,2027,FALSE
99907789b946d85ddddbd6f0a498864f,2027-09-28,28,2,Tue,9,Sep,3,2027,FALSE
9ff731cf2b0ce66a467b9f79ba8d2955,2027-09-29,29,3,Wed,9,Sep,3,2027,FALSE
a9e009c71eb8ed92b7f110fc6bef6f67,2027-09-30,30,4,Thu,9,Sep,3,2027,FALSE
65c4092b8a9734298da80d6277512e4c,2027-10-01,1,5,Fri,10,Oct,4,2027,FALSE
76a261ddd77d6bbfa3a3e3cc06e6cef1,2027-10-02,2,6,Sat,10,Oct,4,2027,TRUE
64896897bbda89787ddc03d5eecf8002,2027-10-03,3,0,Sun,10,Oct,4,2027,TRUE
6a79b9f1e2c50483e3a0624d67d573d4,2027-10-04,4,1,Mon,10,Oct,4,2027,FALSE
0435086602384b6c7048e9d1c6ff72b3,2027-10-05,5,2,Tue,10,Oct,4,2027,FALSE
481834ca0676436dd0194fdc93b1d606,2027-10-06,6,3,Wed,10,Oct,4,2027,FALSE
7772d7cfd03d83c29cd367fe83ccc253,2027-10-07,7,4,Thu,10,Oct,4,2027,FALSE
a763d8130d34db9c2ff564a7b117a796,2027-10-08,8,5,Fri,10,Oct,4,2027,FALSE
c54f7d52bdd899faa776bf35db18d474,2027-10-09,9,6,Sat,10,Oct,4,2027,TRUE
4ff37b8d7be942bb387c2e93ed9a40aa,2027-10-10,10,0,Sun,10,Oct,4,2027,TRUE
9353e847e5603ea6ccb9d44898527350,2027-10-11,11,1,Mon,10,Oct,4,2027,FALSE
179281504c3126b7f8c3ac14e4f1a545,2027-10-12,12,2,Tue,10,Oct,4,2027,FALSE
1856bc81484d37ef107160bdd1a7be06,2027-10-13,13,3,Wed,10,Oct,4,2027,FALSE
11a2933c44ad47d6615fbebb50426e20,2027-10-14,14,4,Thu,10,Oct,4,2027,FALSE
49b463a93ec69e18f13dab22e2fe01af,2027-10-15,15,5,Fri,10,Oct,4,2027,FALSE
0a5ba7976bcd4cc4510f3bd7c8b4393d,2027-10-16,16,6,Sat,10,Oct,4,2027,TRUE
97508a3657da5634891448d50e068d58,2027-10-17,17,0,Sun,10,Oct,4,2027,TRUE
1194b501ead10d8c88d1d9d291571e48,2027-10-18,18,1,Mon,10,Oct,4,2027,FALSE
06de07d464b6739bc5d661f185d7789c,2027-10-19,19,2,Tue,10,Oct,4,2027,FALSE
c6fb37b560c58df83ed7b77399176936,2027-10-20,20,3,Wed,10,Oct,4,2027,FALSE
c2f96fcf9e00f9ee6e3313438171d8ac,2027-10-21,21,4,Thu,10,Oct,4,2027,FALSE
286c4161a758d2b87c251e5ea2117a2e,2027-10-22,22,5,Fri,10,Oct,4,2027,FALSE
7835ca27519d342ee7a108fdb9b22f18,2027-10-23,23,6,Sat,10,Oct,4,2027,TRUE
e1f877edef99d9c79f5d817295c810ad,2027-10-24,24,0,Sun,10,Oct,4,2027,TRUE
e8f01c4cf1e0d4d69c11a6f548c0f016,2027-10-25,25,1,Mon,10,Oct,4,2027,FALSE
da2e5f3ed596f2c1ae68fed97383bc98,2027-10-26,26,2,Tue,10,Oct,4,2027,FALSE
9d8476ed6a85dc53b90ff354fac5d5de,2027-10-27,27,3,Wed,10,Oct,4,2027,FALSE
f9de5a97b12e8fa265ecb35f76ae4745,2027-10-28,28,4,Thu,10,Oct,4,2027,FALSE
4a14f9a59984dcb162ca264bf98b1299,2027-10-29,29,5,Fri,10,Oct,4,2027,FALSE
d9f05a5fb603751054282d7046148e19,2027-10-30,30,6,Sat,10,Oct,4,2027,TRUE
f510fa236024c4aacd0843dfd781256e,2027-10-31,31,0,Sun,10,Oct,4,2027,TRUE
7560f0111b232a6494f6d4f854b33443,2027-11-01,1,1,Mon,11,Nov,4,2027,FALSE
1d0963ffbcb0c6e072a12ef331173bcb,2027-11-02,2,2,Tue,11,Nov,4,2027,FALSE
46074ee7fa12cfb30d47ff2c2e18eb41,2027-11-03,3,3,Wed,11,Nov,4,2027,FALSE
5bae7d110a5f6f98624c26bafb203d0a,2027-11-04,4,4,Thu,11,Nov,4,2027,FALSE
a87002fb530a91762a5d64cb795578db,2027-11-05,5,5,Fri,11,Nov,4,2027,FALSE
35752913131764ff0d9c0dcc183a833e,2027-11-06,6,6,Sat,11,Nov,4,2027,TRUE
5d3b759f2d8e1d6ada48d92b90317eb2,2027-11-07,7,0,Sun,11,Nov,4,2027,TRUE
7dbf52ba6a4c1d905860096a29ad0bf2,2027-11-08,8,1,Mon,11,Nov,4,2027,FALSE
1a3cfe1740be825291bb755abd46994b,2027-11-09,9,2,Tue,11,Nov,4,2027,FALSE
4f87237c49695c85ecdc7a0b0ddd6fb4,2027-11-10,10,3,Wed,11,Nov,4,2027,FALSE
d56f46daa40d63a00c89c1f53d91ff14,2027-11-11,11,4,Thu,11,Nov,4,2027,FALSE
c3ef2b0e53c6a5f4bb04c4b6154c8b89,2027-11-12,12,5,Fri,11,Nov,4,2027,FALSE
1e220b9281b9e1cc6ccaded085dedc9e,2027-11-13,13,6,Sat,11,Nov,4,2027,TRUE
3628dc33d6a1a5cfd98ae0f91585ba34,2027-11-14,14,0,Sun,11,Nov,4,2027,TRUE
5edfc628821943297e21027fe4a988b4,2027-11-15,15,1,Mon,11,Nov,4,2027,FALSE
ccddbd839b2dd39699c467fb12d7b14f,2027-11-16,16,2,Tue,11,Nov,4,2027,FALSE
a910efca193da1aab0eb481ecc2195df,2027-11-17,17,3,Wed,11,Nov,4,2027,FALSE
f6a65e2a732735bc2baee67025300090,2027-11-18,18,4,Thu,11,Nov,4,2027,FALSE
6efa221cf3c452d2c2ec93586806be27,2027-11-19,19,5,Fri,11,Nov,4,2027,FALSE
95993a696c4ec96dfc818f6c94ae7202,2027-11-20,20,6,Sat,11,Nov,4,2027,TRUE
35e738f4a8f25305313cefcf22b79630,2027-11-21,21,0,Sun,11,Nov,4,2027,TRUE
b8d0430dd51e0dd579cc5d493a453d9b,2027-11-22,22,1,Mon,11,Nov,4,2027,FALSE
bafde35c01f28dc92926b5e2fb28235b,2027-11-23,23,2,Tue,11,Nov,4,2027,FALSE
0a5efa5c441a2a08029ae4b21f205835,2027-11-24,24,3,Wed,11,Nov,4,2027,FALSE
67fe845ab990f3577efdb37df7890045,2027-11-25,25,4,Thu,11,Nov,4,2027,FALSE
f1e959232da16240f2b615867c5fd219,2027-11-26,26,5,Fri,11,Nov,4,2027,FALSE
f94792e0884686b9c7958cd8a197b6a3,2027-11-27,27,6,Sat,11,Nov,4,2027,TRUE
033ab36773071e91173ab2b98767b187,2027-11-28,28,0,Sun,11,Nov,4,2027,TRUE
e61b231631801abcb69a75501487c75d,2027-11-29,29,1,Mon,11,Nov,4,2027,FALSE
aeb4844f3ab2d571e4c1c11ac53566ac,2027-11-30,30,2,Tue,11,Nov,4,2027,FALSE
0fcea50a38ea9db88cdfab1c485bfe8c,2027-12-01,1,3,Wed,12,Dec,4,2027,FALSE
2f3a59c939eb628ec2cb7bbba0dd016d,2027-12-02,2,4,Thu,12,Dec,4,2027,FALSE
dd0df54a0046f98a7fa04d64bdd0a3c7,2027-12-03,3,5,Fri,12,Dec,4,2027,FALSE
d7e0f91e5c4d2f3310162c95541ac59e,2027-12-04,4,6,Sat,12,Dec,4,2027,TRUE
a5bf4bf6c5575cde773d6fcbafc6905d,2027-12-05,5,0,Sun,12,Dec,4,2027,TRUE
44453182bd1287ddd9e435beadceedd2,2027-12-06,6,1,Mon,12,Dec,4,2027,FALSE
bf44300af82457bad29f5b25adc88200,2027-12-07,7,2,Tue,12,Dec,4,2027,FALSE
aa93d9509d5d0da0d667ed667b8e0c50,2027-12-08,8,3,Wed,12,Dec,4,2027,FALSE
731b31be61c3df83bfad92aababfe353,2027-12-09,9,4,Thu,12,Dec,4,2027,FALSE
17554da5da5ca80e6767da53c7e61e26,2027-12-10,10,5,Fri,12,Dec,4,2027,FALSE
e1f757f4789dad8efb001b851becd160,2027-12-11,11,6,Sat,12,Dec,4,2027,TRUE
6713bcdd16083306ffb39a373207c5ad,2027-12-12,12,0,Sun,12,Dec,4,2027,TRUE
4cb1f8a8756b7452672e4f3583f3b94f,2027-12-13,13,1,Mon,12,Dec,4,2027,FALSE
c5742b2c637786610ad1a91503a51e54,2027-12-14,14,2,Tue,12,Dec,4,2027,FALSE
9c2987e6a9bfd17b6620715fbbd19efe,2027-12-15,15,3,Wed,12,Dec,4,2027,FALSE
18fac33a97efbc92df3491750748e0be,2027-12-16,16,4,Thu,12,Dec,4,2027,FALSE
9e4fc0f8b1613b5e0ba8d57028b781fb,2027-12-17,17,5,Fri,12,Dec,4,2027,FALSE
4d7a4d7f35c0316e9b839ad6f7b5f766,2027-12-18,18,6,Sat,12,Dec,4,2027,TRUE
471dd209bdc0b9afc79cb14b0fc4a5a5,2027-12-19,19,0,Sun,12,Dec,4,2027,TRUE
3c335d4fb94eefabadb1f32eaeb77e67,2027-12-20,20,1,Mon,12,Dec,4,2027,FALSE
c8de17c2f93f2c973870beb6dfbe3525,2027-12-21,21,2,Tue,12,Dec,4,2027,FALSE
84a2da60aec509a75d78cc4cbb4e44a9,2027-12-22,22,3,Wed,12,Dec,4,2027,FALSE
57012bdde77e21da211df9dc405a0b9d,2027-12-23,23,4,Thu,12,Dec,4,2027,FALSE
b8d00c2ba2da365315e637b494affecb,2027-12-24,24,5,Fri,12,Dec,4,2027,FALSE
ae50e71062520bb55b91962822e7e884,2027-12-25,25,6,Sat,12,Dec,4,2027,TRUE
3cf7678ba9a3a4ff4df7084b479f94e5,2027-12-26,26,0,Sun,12,Dec,4,2027,TRUE
76dda9acece696978ea1388a11bcf4be,2027-12-27,27,1,Mon,12,Dec,4,2027,FALSE
9614f55cfe884bef0b930ef2e8585440,2027-12-28,28,2,Tue,12,Dec,4,2027,FALSE
346777ee48255547592be9615b76d75a,2027-12-29,29,3,Wed,12,Dec,4,2027,FALSE
b520d780ab1b8398918be5cd488413d6,2027-12-30,30,4,Thu,12,Dec,4,2027,FALSE
f14cc5cdce0420f4a5a6b6d9d7b85f39,,,,Unknown,,Unknown,,,
