JOB_POSTING_KEY,COMPANY_KEY,LOCATION_KEY,JOB_ATTRIBUTES_KEY,DATE_KEY,TITLE,URL,SEEN_ON_SOURCES,SOURCE_COUNT,JOB_POSTING_COUNT
66eb2aa1bcc09905f8eeee92acbf9333,efe95cdac531d989dc6c59c7f357ff96,1c9c73d943b626d282f1cfce6686fbbf,c29b49aa853f995537042f2bd3233a4e,c5a16f96b336202b9e36b69761615616,Engineering Manager - Deployment Engineering,https://jooble.org/jdp/-4289022229007846954,jooble,1,1
64e5389ac62bf9279c3f0bae3ae217a7,6f4a1a62b3b402b850bf337fd919d869,1c9c73d943b626d282f1cfce6686fbbf,0eacea33ffb217a026117e87966304ec,0ce084c049cf183a6a20c7ac51a15def,"Senior Software Engineer, Windows/Desktop Applications - Montgomery, USA",https://jooble.org/jdp/5797590897864132569,jooble,1,1
6044903279d16c24e13ee0ec0d00d932,7c9c161ba1a4f7d9f586868a758d8f36,1c9c73d943b626d282f1cfce6686fbbf,6dd46c444d5b991c5c8bf6ee6a9ee751,6c2a675559f7caa08b73359ccb75a22d,AI/ML Computational Scientist Manager,https://www.naukrigulf.com/ai-ml-computational-scientist-manager-jobs-in-saudi-arabia-in-accenture-middle-east-1-to-6-years-n-cd-10001186-jid-030926500813,jsearch,1,1
1608346046f25f4a3fa71797ed80e008,590554384a794df957f0fa7eb1db966f,f0c21a35f5fd8a30ed8aa2627b766ada,0365542d9b0428dce6dd3fa472392d17,6c2a675559f7caa08b73359ccb75a22d,React JS Developer,https://bebee.com/sa/jobs/react-js-developer-capital-numbers--techmap_sa_4437984164,jsearch,1,1
6fb3531f6ac01a746912118be2e0fe96,9d5bdc4871320ab85a8a48e4742978d9,f0c21a35f5fd8a30ed8aa2627b766ada,318e05aba5a0571d2d69255d7308b0eb,6c2a675559f7caa08b73359ccb75a22d,AFC Data Analyst,https://careers.atkinsrealis.com/en/jobs/afc-data-analyst-r-157245,jsearch,1,1
87929965c5196b9c243558afe8f9b8ba,1193b43d61243259cdbbe014aa0082f9,1c9c73d943b626d282f1cfce6686fbbf,0365542d9b0428dce6dd3fa472392d17,6c2a675559f7caa08b73359ccb75a22d,Full Stack Developer,https://www.gulftalent.com/saudi-arabia/jobs/full-stack-developer-601445,jsearch,1,1
e959ec6968ae05408821bd651740c961,81ac8a9ab977c4d3bed21664a75c0336,f0c21a35f5fd8a30ed8aa2627b766ada,ba14683fd133aedb627983c7a5b14b68,6c2a675559f7caa08b73359ccb75a22d,Data Analyst.,https://jobs.workable.com/view/6CedQkmPLziNuScknunXUz/data-analyst.-in-riyadh-at-master-works,jsearch,1,1
ef5588315cce4ad59f4dcdc8c8c6bb03,b7c22dc76cc302604e7bc642f66932a6,f0c21a35f5fd8a30ed8aa2627b766ada,0eacea33ffb217a026117e87966304ec,6c2a675559f7caa08b73359ccb75a22d,Senior AI Engineer,https://careers.sulavamea.com/jobs/7988470-senior-ai-engineer,jsearch,1,1
a06d384ebbec33014c944ef89637dfe7,f7f6bac97b725c416b126561d26487f8,1c9c73d943b626d282f1cfce6686fbbf,0365542d9b0428dce6dd3fa472392d17,4422f3776893cba6d18e8f258c63716f,2026-08-A Software Engineer,https://jooble.org/jdp/-6169002440798218671,jooble,1,1
ad987783ebcced5f0597add336012681,09ad3d4f54798ff70406e77ec7804179,1c9c73d943b626d282f1cfce6686fbbf,0365542d9b0428dce6dd3fa472392d17,6c2a675559f7caa08b73359ccb75a22d,Application Developer,https://www.bayt.com/ar/saudi-arabia/jobs/application-developer-saudi-arabia-74938870/,jsearch,1,1
3219d5cce47c51b6a039bb4bdf33fe78,60402906c1c736e07d53b43d06aaf88e,1c9c73d943b626d282f1cfce6686fbbf,318e05aba5a0571d2d69255d7308b0eb,6c2a675559f7caa08b73359ccb75a22d,Offshore Data Scientist: Time-Series & Anomaly Analytics,https://bebee.com/sa/jobs/offshore-data-scientist-time-series-anomaly-analytics-hermes-corporate--bs-sa-dc906675-a0ab-460d-8989-4f5da330c459,jsearch,1,1
9ccf45202292c4916740f6aaaadc6224,9ac2da1906d62f4b7ccac18b27746567,1c9c73d943b626d282f1cfce6686fbbf,cb917c6b8f21aa05bd123b6b3ddb9d39,6c2a675559f7caa08b73359ccb75a22d,Senior Data Engineering Consultant - AI & Cloud Analytics,https://www.jobleads.com/sa/job/senior-data-engineering-consultant-ai-cloud-analytics--riyadh--e7a6f6b86008ee775244612ec7cdc8bdf,jsearch,1,1
cc24791bbe167177225c94306ad62b1c,9b047a1478fe2d8287875261b7fa49d1,1c9c73d943b626d282f1cfce6686fbbf,a74683d6d303bc41f6726bd8c6f681b5,6c2a675559f7caa08b73359ccb75a22d,Sr. Cloud Platform Engineer,https://sa.linkedin.com/jobs/view/sr-cloud-platform-engineer-at-masdr-%D9%85%D8%B5%D8%AF%D8%B1-4455375413,jsearch,1,1
59ed7bca508f5cbc5015dc1741457f5a,befda4b5d2a48dc71596d33726a85210,1c9c73d943b626d282f1cfce6686fbbf,0fef93c3b93fe307b2b61b8dd7ef34e0,6c2a675559f7caa08b73359ccb75a22d,"Analyst, Business Development",https://www.founditgulf.com/job/analyst-business-development-star-services-llc-saudi-arabia-62531977,jsearch,1,1
b184103b9d9901d420a4beccbdd9a765,f975b265e8978765045319006164b39b,1c9c73d943b626d282f1cfce6686fbbf,d6671ff37a9c08b76f2dd0fa70e46282,6c2a675559f7caa08b73359ccb75a22d,Senior Manager Business Intelligence,https://sa.linkedin.com/jobs/view/senior-manager-business-intelligence-at-basamh-group-4454272607,jsearch,1,1
f980899c39a7c70321873dd15a78c273,09ad3d4f54798ff70406e77ec7804179,f713c14731e8318994a7731b6fe5f413,318e05aba5a0571d2d69255d7308b0eb,6c2a675559f7caa08b73359ccb75a22d,Associate IT Systems Analyst,https://apply.workable.com/eramtalent-1/j/8F69B78A38/,jsearch,1,1
60448758d3fe0d664064422f1ae051cf,0d21b0e4588efec427738fbfb39a71f4,1c9c73d943b626d282f1cfce6686fbbf,318e05aba5a0571d2d69255d7308b0eb,6c2a675559f7caa08b73359ccb75a22d,IT Support Analyst,https://sa.linkedin.com/jobs/view/it-support-analyst-at-folk-maritime-4449449707,jsearch,1,1
78cb51d15cac1b28038104dd415f1faa,c9b0cb53646238b8c03fb69b8f331220,1c9c73d943b626d282f1cfce6686fbbf,0365542d9b0428dce6dd3fa472392d17,6c2a675559f7caa08b73359ccb75a22d,"Machine Learning Engineer, Staff level",https://sa.linkedin.com/jobs/view/machine-learning-engineer-staff-level-datacentre-ai-engineering-riyadh-ksa-at-qualcomm-4392401954,jsearch,1,1
7b2e1f8e0fb017ee457ae0c605b2c01f,12c169084b9a67167bc1dcea49aae63e,1c9c73d943b626d282f1cfce6686fbbf,d6671ff37a9c08b76f2dd0fa70e46282,6c2a675559f7caa08b73359ccb75a22d,Senior QA/QC Manager - High Rise Towers,https://sa.linkedin.com/jobs/view/senior-qa-qc-manager-high-rise-towers-saudi-national-at-cornerstone-global-partners-cgp-group-4457490124,jsearch,1,1
9dcf5db9b8b29134529d5781f1f076c8,09ad3d4f54798ff70406e77ec7804179,1c9c73d943b626d282f1cfce6686fbbf,87b1933db1b3bc75ac2bd7e51147e919,6c2a675559f7caa08b73359ccb75a22d,Ui/Ux Developer,https://www.gulftalent.com/saudi-arabia/jobs/ui-ux-developer-601808,jsearch,1,1
95c750f3e5eeec3fd6b6d3c4ce834f60,306467de5f65618962a2086abbe1b6ac,1c9c73d943b626d282f1cfce6686fbbf,318e05aba5a0571d2d69255d7308b0eb,a2bd0075ead2d77cc9b4f5c65b14c7ab,Data Scientist,https://sabbar.com/ar/jobs/r-data-scientist/id-b0a70c12-a47f-4f90-8de7-7aed967c5142,jsearch,1,1
22a41139265c2ff71316c1ec9161398c,4f61e310d1f7936834f316dfe8e7fb8d,1c9c73d943b626d282f1cfce6686fbbf,0365542d9b0428dce6dd3fa472392d17,dcf52c9819dbea4ed680c1f89dccd1f8,Technical Support Engineer,https://sabbar.com/ar/jobs/c-%D8%A8%D9%8A%D8%B4%D8%A9-r-technical-support-engineer-protection-engineering/id-49bad3b6-17c9-4d4f-b981-e4057443e084,jsearch,1,1
ae69bc57c19fc8d5a077e7d12311a384,efe54638391ad92f0c7bf09389a41e16,6d90b93e2e06bed76b003b975aaa26de,318e05aba5a0571d2d69255d7308b0eb,6c2a675559f7caa08b73359ccb75a22d,Coop - Business Analyst,https://careers.bupa.com.sa/en/saudi-arabia/jobs/coop-business-analyst-1100088834/,jsearch,1,1
8b163d70fd38057352c75d9dffcab1b5,1f28e6d3b511371aa77c9aee12d1ce52,1c9c73d943b626d282f1cfce6686fbbf,a74683d6d303bc41f6726bd8c6f681b5,6c2a675559f7caa08b73359ccb75a22d,GCP Cloud DevOps Engineer,https://bebee.com/sa/jobs/gcp-cloud-devops-engineer-halian-managed-services-recruitment-agency-contract-staffing-al-khobar-eas--t7xk-812149992,jsearch,1,1
2afa428550e83a72ea50027934d56cbd,0c44b23805857a8146f46a9b0da6d650,f0c21a35f5fd8a30ed8aa2627b766ada,0eacea33ffb217a026117e87966304ec,6c2a675559f7caa08b73359ccb75a22d,Senior Software Engineer - Backend,https://careers.deliveryhero.com/job/senior-software-engineer-backend-in-riyadh-saudi-arabia-jid-7417,jsearch,1,1
1fe4d7b5217739990c68af2e11ebffa4,33d2ae8f337812ddef21142d2e168536,f0c21a35f5fd8a30ed8aa2627b766ada,a74683d6d303bc41f6726bd8c6f681b5,6c2a675559f7caa08b73359ccb75a22d,DevOps Engineer,https://apply.workable.com/webook/j/0E31576A95,jsearch,1,1
7139f3004383f22979c1516b512d8813,ea3f6f34e2ce9f0c43da29234181a068,1c9c73d943b626d282f1cfce6686fbbf,33592aca294d19473e45d745e5716a19,6c2a675559f7caa08b73359ccb75a22d,Network Specialist,https://sa.linkedin.com/jobs/view/network-specialist-at-site-%D8%B3%D8%A7%D9%8A%D8%AA-4455274780,jsearch,1,1
b5a932d7fd234e9c8d65e3ac87a587f0,4ddf944b3f4c8c935fb5ff580ab4ca98,1c9c73d943b626d282f1cfce6686fbbf,318e05aba5a0571d2d69255d7308b0eb,6c2a675559f7caa08b73359ccb75a22d,Business Analyst,https://www.gulftalent.com/saudi-arabia/jobs/business-analyst-data-warehouse-and-analytics-609950,jsearch,1,1
6885e343fb084cc46256ccdf70c3f3c8,ecd17ec4bd2662e0e9980d8efaa6c35e,1c9c73d943b626d282f1cfce6686fbbf,318e05aba5a0571d2d69255d7308b0eb,6c2a675559f7caa08b73359ccb75a22d,Flexible Media Search Analyst,https://www.jobleads.com/sa/job/flexible-media-search-analyst-arabic-english-saudi-arabia--makkah-region--e02a50c84093c10b8e1acab10457108f1,jsearch,1,1
f67c1a6efbb73a9cd00f41d5f697234d,24eb51896a5bcb810468a08f2a3ac48d,1c9c73d943b626d282f1cfce6686fbbf,fa5cfdad163303202288b317478c431f,6c2a675559f7caa08b73359ccb75a22d,DevOps Engineer,https://sa.linkedin.com/jobs/view/devops-engineer-at-arengy-4446580307,jsearch,1,1
977af66f2a21bad785c0d16a0cd6ac9e,39e14dbd863521ac19a71f357037bb87,1c9c73d943b626d282f1cfce6686fbbf,0eacea33ffb217a026117e87966304ec,f60582ee49e5d44bc9a719ab23a026db,Senior AWS Full Stack Software Engineer,https://jooble.org/jdp/-6826259086705899295,jooble,1,1
13f17f1aa8c6a91b58c441a6ffcf19be,7a0a79601f7c4f4d3ee064a1135fa746,1c9c73d943b626d282f1cfce6686fbbf,e86d3956d9c8df67f83ca031f8ae081c,6c2a675559f7caa08b73359ccb75a22d,AI Engineer - Remote,https://sa.linkedin.com/jobs/view/ai-engineer-remote-at-yo-it-consulting-4440623333,jsearch,1,1
babce73ab12a2aff68b1b47b575c8780,cc050073a8133825ca32dbd16a3033dd,f0c21a35f5fd8a30ed8aa2627b766ada,6dd46c444d5b991c5c8bf6ee6a9ee751,6c2a675559f7caa08b73359ccb75a22d,Database Manager,https://jobs.workable.com/view/224SSex88CH1tNY4PqrkQH/database-manager-in-riyadh-at-arabic-computer-systems,jsearch,1,1
ae3ba13f537e72d33a9e5d7a0235bd5a,d6e8bf32d840a9df33c10c393c26a1f8,1c9c73d943b626d282f1cfce6686fbbf,0365542d9b0428dce6dd3fa472392d17,a2bd0075ead2d77cc9b4f5c65b14c7ab,Front-End Developer,https://www.founditgulf.com/job/front-end-developer-datamatics-global-service-saudi-arabia-62556108,jsearch,1,1
59ed9275bc885267e0137336a2992b16,09ad3d4f54798ff70406e77ec7804179,1c9c73d943b626d282f1cfce6686fbbf,318e05aba5a0571d2d69255d7308b0eb,6c2a675559f7caa08b73359ccb75a22d,Data Quality Business Analyst,https://www.bayt.com/en/saudi-arabia/jobs/data-quality-business-analyst-74518073/,jsearch,1,1
b2afadb6a8c767135802967ce774bc33,3e6912d9edf078375c9e015fb05851d4,1c9c73d943b626d282f1cfce6686fbbf,0365542d9b0428dce6dd3fa472392d17,a2bd0075ead2d77cc9b4f5c65b14c7ab,Django Backend Developer,https://has.sa/jobs/175,jsearch,1,1
54515eebc32ba62134fbca5748ebdba2,25178c86548053c1bc50676198f64251,1c9c73d943b626d282f1cfce6686fbbf,0365542d9b0428dce6dd3fa472392d17,6c2a675559f7caa08b73359ccb75a22d,Laravel Developer,https://www.naukrigulf.com/laravel-developer-jobs-in-saudi-arabia-in-hayhom-company-for-information-technology-pvt-ltd-4-to-5-years-n-cd-20010126-jid-050826500124,jsearch,1,1
76de60b282770a7c7e109505fc9db759,5636e7b3c7ec6eb0c9f9eb97b8560657,1c9c73d943b626d282f1cfce6686fbbf,cb917c6b8f21aa05bd123b6b3ddb9d39,6c2a675559f7caa08b73359ccb75a22d,Senior Data Center Technician,https://sa.linkedin.com/jobs/view/senior-data-center-technician-at-hcltech-4463819865,jsearch,1,1
67b6d21a97e77fca05f76cd32a82ea23,523f00b4098256953a7fe28ca07f2c9d,1c9c73d943b626d282f1cfce6686fbbf,318e05aba5a0571d2d69255d7308b0eb,6c2a675559f7caa08b73359ccb75a22d,STRATEGY ANALYST,https://www.bayt.com/en/saudi-arabia/jobs/strategy-analyst-5482152/,jsearch,1,1
2ad2168d4c5b7809e1b0c4a821b71fa1,d871e45cb59ef7ca5263be04152d72d1,f713c14731e8318994a7731b6fe5f413,318e05aba5a0571d2d69255d7308b0eb,6c2a675559f7caa08b73359ccb75a22d,Data Scientist Specialist,https://sa.jooble.org/jdp/5979646456723293900,jsearch,1,1
97259e4b537da92332350f8b69a227d7,63071bfac87ec07c63de59638818f687,1c9c73d943b626d282f1cfce6686fbbf,cb917c6b8f21aa05bd123b6b3ddb9d39,6c2a675559f7caa08b73359ccb75a22d,Senior / Staff Data Scientist - Recommendations / Personalization Systems,https://www.founditgulf.com/job/senior-staff-data-scientist-recommendations-personalization-systems-salla-saudi-arabia-39059772,jsearch,1,1
a54cea9b0bb3041e7e806c7cdf59ef2e,10bb9084b86bb0215a2900f26c066823,f0c21a35f5fd8a30ed8aa2627b766ada,d6671ff37a9c08b76f2dd0fa70e46282,dcf52c9819dbea4ed680c1f89dccd1f8,Senior Specialist - Business Intelligence,https://riyadh.sa.expertini.com/job/senior-specialist-business-intelligence-riyadh-qiddiya-investment-company-608644892249697979/,jsearch,1,1
35930a72c5aa7cacaf03294332c481d1,ad0a53742ab06a3f4ad3b854b15a1b3c,f0c21a35f5fd8a30ed8aa2627b766ada,0eacea33ffb217a026117e87966304ec,dcf52c9819dbea4ed680c1f89dccd1f8,Senior Systems Engineer,https://jobs.saic.com/jobs/18191362-senior-systems-engineer,"jsearch, freehire",2,1
ea31165672260d792a0de85355a50c04,7ac9a609f64c2a787c45035f150e7f97,1c9c73d943b626d282f1cfce6686fbbf,33592aca294d19473e45d745e5716a19,dcf52c9819dbea4ed680c1f89dccd1f8,Executive Tech Support for Web & E‑Commerce Platforms,https://sa.jooble.org/jdp/2603907105099202509,jsearch,1,1
637aaf2831c290ba19576e63be8b881f,81ac8a9ab977c4d3bed21664a75c0336,1c9c73d943b626d282f1cfce6686fbbf,d0d36c42d78d923b3dafa605a4c9f4f3,dcf52c9819dbea4ed680c1f89dccd1f8,Finance Tech Support & ERP Enablement — Onsite,https://www.jobleads.com/sa/job/finance-tech-support-erp-enablement-onsite--riyadh--ea8d010d1ef8ee93033a0da5d9c035c5f,jsearch,1,1
aae1b9d1c2e3307e4f875f5cd8636344,feffdf1c1dc634978831e1f7097cea9e,f0c21a35f5fd8a30ed8aa2627b766ada,0eacea33ffb217a026117e87966304ec,a2bd0075ead2d77cc9b4f5c65b14c7ab,"Senior Full-Stack Software Engineer; Forward deployed), GPS",https://www.learn4good.com/jobs/riyadh/saudiarabia/software_development/5466718050/e/,jsearch,1,1
c5857ea83eb7723e152a692225426527,f3048227c9de9af525ef966779b9bcd1,f0c21a35f5fd8a30ed8aa2627b766ada,0eacea33ffb217a026117e87966304ec,a2bd0075ead2d77cc9b4f5c65b14c7ab,Senior frontend developer: turn designs into fast web,https://sa.jobrapido.com/jobpreview/2865276241265557504,jsearch,1,1
4840fc7fe82ed89279c0f2402aa3b873,d5dab5b2c7ec936dc2b5f446c70d421e,f0c21a35f5fd8a30ed8aa2627b766ada,0eacea33ffb217a026117e87966304ec,a2bd0075ead2d77cc9b4f5c65b14c7ab,Senior Frontend Engineer — React/Next.js for Impact,https://sa.jooble.org/jdp/4331080041318152513,jsearch,1,1
eced14fe523462faed5ecc3bdd146565,9dbcfccee097a6c940715219125c3027,1c9c73d943b626d282f1cfce6686fbbf,cb917c6b8f21aa05bd123b6b3ddb9d39,a2bd0075ead2d77cc9b4f5c65b14c7ab,Senior Data Science Specialist,https://www.naukrigulf.com/senior-data-science-specialist-jobs-in-saudi-arabia-in-paytech-group-8-to-18-years-n-cd-40001878-jid-240826500351,jsearch,1,1
0c1c23de5eb6d7f5a3a039b99685fbae,58786ed581776280fefaae195076a533,f0c21a35f5fd8a30ed8aa2627b766ada,cb917c6b8f21aa05bd123b6b3ddb9d39,a5f78aedefc93c72e18880849bb06461,Senior Data Engineer: Lakehouse & AI Platform Lead,https://en-sa.whatjobs.com/pub_api__cpl__10734456__7118?utm_campaign=publisher&utm_medium=api&utm_source=freehire.me,freehire,1,1
ffdcafb453d44baf0549ad58085bc2a1,75e80bb4f0a4021a3532335251841c1c,f0c21a35f5fd8a30ed8aa2627b766ada,0365542d9b0428dce6dd3fa472392d17,a5f78aedefc93c72e18880849bb06461,Software Engineer - District Cooling Systems,https://en-sa.whatjobs.com/pub_api__cpl__10733726__7118?geoID=12&utm_campaign=publisher&utm_medium=api&utm_source=freehire.me,freehire,1,1
7104972c7863d34a78b6f1389361cdd3,de9b370a0b1c44a960ea4131b0669890,f0c21a35f5fd8a30ed8aa2627b766ada,318e05aba5a0571d2d69255d7308b0eb,a5f78aedefc93c72e18880849bb06461,"Staff Software Engineer: Microservices, Kafka & Data Systems",https://en-sa.whatjobs.com/pub_api__cpl__10734089__7118?geoID=12&utm_campaign=publisher&utm_medium=api&utm_source=freehire.me,freehire,1,1
d2fdbb693e0114805147d6e3d3c908ea,504d5a0c0a7ef0b043e5c005caf07734,1c9c73d943b626d282f1cfce6686fbbf,0365542d9b0428dce6dd3fa472392d17,a5f78aedefc93c72e18880849bb06461,QA Engineer | Workshop | Saudi Arabia,https://hudsonmanpower.recruitee.com/o/qa-engineer-workshop-saudi-arabia-1?utm_source=freehire.me,freehire,1,1
8cfa10bb5edb742e7dfa94f6ffa9ad89,6753bc25a600dd703206c8da63ec72b0,1c9c73d943b626d282f1cfce6686fbbf,63b8678eb2a0462a441f30d3a7d0ea58,ce4f5baa48cd135ee14b7625e51d9dca,Data Platform Engineer Intern,https://en-sa.whatjobs.com/pub_api__cpl__10736547__7118?utm_campaign=publisher&utm_medium=api&utm_source=freehire.me,freehire,1,1
e3973c311bde11709c5114f15d173219,2dd1234ade1443728314db92c211172a,f0c21a35f5fd8a30ed8aa2627b766ada,0eacea33ffb217a026117e87966304ec,219e3dfddc927539fcce8ff99b73f012,Principal Forward-Deployed Engineer,https://www.thoughtworks.com/careers/jobs/8184778?gh_jid=8184778&utm_source=freehire.me,freehire,1,1
1f9661b5166a5aba24b0f6bba42bf82f,59f9e79c3e7cad9def01c3f65d9b665a,1c9c73d943b626d282f1cfce6686fbbf,33592aca294d19473e45d745e5716a19,ce4f5baa48cd135ee14b7625e51d9dca,Desktop Support Administrator,https://www.careers-page.com/arsenault/job/L7X3346X?utm_source=freehire.me,freehire,1,1
c243787a1559bdff1d1189870158e103,4805a8403d72d27123574e49a1987a07,1c9c73d943b626d282f1cfce6686fbbf,0365542d9b0428dce6dd3fa472392d17,5bd9356d753f1fd99468ef4b1c1df52b,QA Engineer,https://eghj.fa.em2.oraclecloud.com/hcmUI/CandidateExperience/en/sites/CX_6001/job/321?utm_source=freehire.me,freehire,1,1
e6c5af7198bf234eea179df81f11a1d3,f26cdd5562ce539ecb08827aada8b649,6d90b93e2e06bed76b003b975aaa26de,cb917c6b8f21aa05bd123b6b3ddb9d39,ac801ea38d61b8f3e71e0f7d88cbe23a,Senior Technology & OT Infrastructure Analyst,https://talents.mbrf.com/job/Jeddah-Corp_-Senior-Technology-&-OT-Infrastructure-Analyst-Jeddah-Jedd-Jeddah-C/1336339962/?utm_source=freehire.me,freehire,1,1
e3e2f6be6117e3e0aebefd634f93eace,c711700f3334da14f3daea0868e90272,1c9c73d943b626d282f1cfce6686fbbf,8f55ffa788f0fa4c7b39e1382e97ccbc,219e3dfddc927539fcce8ff99b73f012,Enterprise Project Manager,https://jobs.dayforcehcm.com/en-US/vocus/candidateportal/jobs/6515?utm_source=freehire.me,freehire,1,1
b0e02605fede834fcf15afd2d9b48407,03b78e125adc5612c0c9d5d96700bd4c,6d90b93e2e06bed76b003b975aaa26de,4ac87bb113bcb1db57944374f9e6543c,0cdf73ff2b30ed7aa6206fde112bee77,Senior UI/UX Designer,https://coorb.zohorecruit.com/jobs/Careers/788027000007425008?utm_source=freehire.me,freehire,1,1
4cd73e9ee8589951d7e87319cfa9c302,39cd0d4b40a50d750719328aafaaf7f6,6d90b93e2e06bed76b003b975aaa26de,0365542d9b0428dce6dd3fa472392d17,0cdf73ff2b30ed7aa6206fde112bee77,ERP Developer,https://bmc.zohorecruit.com/jobs/Careers/621371000033861531?utm_source=freehire.me,freehire,1,1
67f2131d395846b6275d7dfa727a250e,1f25b8a9986a2e7a04ee9538c462e578,f0c21a35f5fd8a30ed8aa2627b766ada,0365542d9b0428dce6dd3fa472392d17,f9f0b181b93f616e1b2fd13a7eb68819,Systems Engineer - Riyadh,https://edel.fa.us2.oraclecloud.com/hcmUI/CandidateExperience/en/sites/CX_2001/job/23417?utm_source=freehire.me,freehire,1,1
0fa9892b9fb544d62b35553913d67706,10bb9084b86bb0215a2900f26c066823,f0c21a35f5fd8a30ed8aa2627b766ada,9271781a32ce297cc26f9c3ae484921f,f9f0b181b93f616e1b2fd13a7eb68819,Assistant Manager - Cybersecurity Threat Management,https://apply.workable.com/j/0ED976408C?utm_source=freehire.me,freehire,1,1
46b842efd027498badf691c936cc2ab5,ec61b2dff45b37242d61636bdcebac33,f0c21a35f5fd8a30ed8aa2627b766ada,33592aca294d19473e45d745e5716a19,6c2a675559f7caa08b73359ccb75a22d,IT Support,https://apply.workable.com/j/2345DB5A46?utm_source=freehire.me,freehire,1,1
fefd085163da3844322256c329ce81ca,59f47694f19e4612ba96f8b8ad534414,f0c21a35f5fd8a30ed8aa2627b766ada,318e05aba5a0571d2d69255d7308b0eb,6c2a675559f7caa08b73359ccb75a22d,Data Scientist,https://job-boards.greenhouse.io/artefact/jobs/8729502002?utm_source=freehire.me,freehire,1,1
047d48dd89d12bdb9d2c56b57a793969,c9b0cb53646238b8c03fb69b8f331220,1c9c73d943b626d282f1cfce6686fbbf,318e05aba5a0571d2d69255d7308b0eb,08df6d4ff68729b9d2b5d2d186f39eca,AI Infra & SRE Engineer - Data Center Scale,https://en-sa.whatjobs.com/pub_api__cpl__10688221__7118?utm_campaign=publisher&utm_medium=api&utm_source=freehire.me,freehire,1,1
e5f37806045865be4134bf1af42d6815,0b300488054e92c28fc2c077e5107eb4,f0c21a35f5fd8a30ed8aa2627b766ada,4c85301ade7733a784893329b083a98f,08df6d4ff68729b9d2b5d2d186f39eca,Software Engineer Intern,https://en-sa.whatjobs.com/pub_api__cpl__10694049__7118?geoID=12&utm_campaign=publisher&utm_medium=api&utm_source=freehire.me,freehire,1,1
7e1d95f58dc0e73b916e0c14a3b7e03d,4f3acdc8d7d2e7d214d02373a5ea6d87,f0c21a35f5fd8a30ed8aa2627b766ada,31e833930843cd0564e063ad6d8f31a5,08df6d4ff68729b9d2b5d2d186f39eca,Senior DevOps Engineer,https://en-sa.whatjobs.com/pub_api__cpl__10691079__7118?geoID=12&utm_campaign=publisher&utm_medium=api&utm_source=freehire.me,freehire,1,1
3c5c8740b52964b084168e8e2e12f43b,3553d71b4e23a040724f8fb7fab0a2ec,f0c21a35f5fd8a30ed8aa2627b766ada,318e05aba5a0571d2d69255d7308b0eb,82347fe834cbdd54ae50f6e790b97296,Data Analyst – Business & Data Mapping,https://powertofly.com/jobs/detail/2581049?utm_source=freehire.me,freehire,1,1
1407ac4fdc7552da3b9737cc02e9ee22,1193b43d61243259cdbbe014aa0082f9,6d90b93e2e06bed76b003b975aaa26de,33592aca294d19473e45d745e5716a19,82347fe834cbdd54ae50f6e790b97296,SAP FICO Consultant,https://apply.workable.com/j/1BAAF48482?utm_source=freehire.me,freehire,1,1
aae581a97eae8228b012be48009ff500,c3939e8e5e9ff31b4512f91be96c0e60,6d90b93e2e06bed76b003b975aaa26de,6292dd31ed918f0cf6f8bb0ab26d6181,d557a99c5a2c130956021cd4e1bdd18f,Cybersecurity Operations Expert,https://apply.workable.com/j/D40ED58703?utm_source=freehire.me,freehire,1,1
9b2e26e89e82016105e0bc522aecb0b4,c3939e8e5e9ff31b4512f91be96c0e60,f0c21a35f5fd8a30ed8aa2627b766ada,c6f3cdee1f1d7bffbc93424feb6b5588,d557a99c5a2c130956021cd4e1bdd18f,Senior Security Engineer,https://apply.workable.com/j/E1B0974DD5?utm_source=freehire.me,freehire,1,1
7e6f988685745fb8dd8e22a08cd48281,c3939e8e5e9ff31b4512f91be96c0e60,f0c21a35f5fd8a30ed8aa2627b766ada,c6f3cdee1f1d7bffbc93424feb6b5588,d557a99c5a2c130956021cd4e1bdd18f,Senior IT Security Operation,https://apply.workable.com/j/67A5A6E8CE?utm_source=freehire.me,freehire,1,1
741c1d39860bee77ed5d8eef89751b32,d8e87c0927539672f54462c837be0b7f,6d90b93e2e06bed76b003b975aaa26de,0eacea33ffb217a026117e87966304ec,08df6d4ff68729b9d2b5d2d186f39eca,Senior Backend Engineer for AI-Powered Home Marketplace,https://en-sa.whatjobs.com/pub_api__cpl__10683318__7118?geoID=18992&utm_campaign=publisher&utm_medium=api&utm_source=freehire.me,freehire,1,1
587e6f1acafa5fb9a252daca7c1d3504,16e64897f9f0a094e8523a87beede11a,f0c21a35f5fd8a30ed8aa2627b766ada,d7838c27eb8edd2545575ee454783c2a,f14cc5cdce0420f4a5a6b6d9d7b85f39,IT Specialist,https://saudi.tanqeeb.com/jobs-in-saudi/all/jobs/021116885.html,tanqeeb,1,1
6f9a5c61bd870efe8e2642bb21ebbf3b,b5685bbdeb615e61deae9e82028e2ef4,6d90b93e2e06bed76b003b975aaa26de,f15eb97161735b5df1b437fc7ff3ad20,ce4f5baa48cd135ee14b7625e51d9dca,ICTS/ELV Inspector,https://saudi.tanqeeb.com/jobs-in-middle-east/all/jobs/021232439.html,tanqeeb,1,1
1d8572ac45b0d79e70d8b397e7e44f16,c9b0cb53646238b8c03fb69b8f331220,1c9c73d943b626d282f1cfce6686fbbf,87b1933db1b3bc75ac2bd7e51147e919,51d990247521645cad78960e814293ac,Software Engineer,,tapneo,1,1
759fe661fca44921a22a8ada406f8c86,f033237bac690685dec4ac2e1cbc33bc,1c9c73d943b626d282f1cfce6686fbbf,0fef93c3b93fe307b2b61b8dd7ef34e0,ff5656f3058d98f09dbd17e7967b72e7,Data Strategist,,tapneo,1,1
f405b7550c2fc1db77f933cb30885c60,0645f775abc48eec7321083171646afb,1c9c73d943b626d282f1cfce6686fbbf,e86d3956d9c8df67f83ca031f8ae081c,4158b202244f39becd011a0333d89343,Backend Developer,,tapneo,1,1
b3e6b0d147d96b5719ef7ab003526279,af334c7b6ef89b42a94f7932a1ee9ffe,1c9c73d943b626d282f1cfce6686fbbf,36342576b66b21f59333da16ca84323f,6c2a675559f7caa08b73359ccb75a22d,Information Technology Operations Manager,https://www.founditgulf.com/job/information-technology-operations-manager-salt-saudi-arabia-42556797,jsearch,1,1
3eb4bf37a52f2183f7ec97258781ca81,0645f775abc48eec7321083171646afb,1c9c73d943b626d282f1cfce6686fbbf,0eacea33ffb217a026117e87966304ec,a2bd0075ead2d77cc9b4f5c65b14c7ab,Senior Frontend Engineer - React & React Native,https://www.jobleads.com/sa/job/senior-frontend-engineer-react-react-native-remote--saudi-arabia--e15712a8f97d87cd415a147abf54ca261,jsearch,1,1
617d133835036a0be05cb08ecc3b7d9d,c4d5bf88d005a6f9667aff171cb0180f,1c9c73d943b626d282f1cfce6686fbbf,318e05aba5a0571d2d69255d7308b0eb,6c2a675559f7caa08b73359ccb75a22d,Real-Time Analyst,"https://www.glassdoor.co.uk/job-listing/real-time-analyst-rta-tamara-JV_IC3110290_KO0,21_KE22,28.htm?jl=1010229544422",jsearch,1,1
e2a8f86f049bdb306bc66b66a0669f56,bfe5ca48d5d7916eaa869972cfcfd761,1c9c73d943b626d282f1cfce6686fbbf,cb917c6b8f21aa05bd123b6b3ddb9d39,6c2a675559f7caa08b73359ccb75a22d,Senior System Analyst,https://www.bayt.com/en/saudi-arabia/jobs/senior-system-analyst-74951640/,jsearch,1,1
be191fa3c23fab6ba9d7b35a4293f80d,45dd16c6f7ddcb6ef2b3f0f82affb305,1c9c73d943b626d282f1cfce6686fbbf,d6671ff37a9c08b76f2dd0fa70e46282,dcf52c9819dbea4ed680c1f89dccd1f8,Senior .NET Application Support Specialist - Riyadh - Onsite,https://sa.linkedin.com/jobs/view/senior-net-application-support-specialist-l2-l3-riyadh-onsite-at-jari-solutions-4421952055,jsearch,1,1
76f02ad26be4ceb6cf53daffa276bac1,b0527ac3072b527a80814615c240ac1d,f0c21a35f5fd8a30ed8aa2627b766ada,0365542d9b0428dce6dd3fa472392d17,a2bd0075ead2d77cc9b4f5c65b14c7ab,Net Full Stack Developer and Angular Developer,https://www.getsaudijobs.com/jobs/view/net-full-stack-developer-angular-developer,jsearch,1,1
75a6dcaf75ffd5bafced405c46fb8f67,0b84a8fcb4f8458bfb52b23d8e6ae9c3,1c9c73d943b626d282f1cfce6686fbbf,0eacea33ffb217a026117e87966304ec,a2bd0075ead2d77cc9b4f5c65b14c7ab,Senior Frontend Developer,https://www.naukrigulf.com/senior-frontend-developer-jobs-in-al-madina-al-munawarah-saudi-arabia-in-norconsult-telematics-4-to-9-years-n-cd-10003388-jid-180926500914,jsearch,1,1
acd28e715572e3222b681cf9218e9648,838e000e87fadf6923cdc47195378dab,1c9c73d943b626d282f1cfce6686fbbf,0eacea33ffb217a026117e87966304ec,a2bd0075ead2d77cc9b4f5c65b14c7ab,Senior Backend Engineer - Crypto Custody Platform,https://sa.jooble.org/jdp/6605236800411661933,jsearch,1,1
0aa75770063c000fef378dec1f404af2,03b78e125adc5612c0c9d5d96700bd4c,1c9c73d943b626d282f1cfce6686fbbf,cb917c6b8f21aa05bd123b6b3ddb9d39,a2bd0075ead2d77cc9b4f5c65b14c7ab,Technical Data Lead,https://www.naukrigulf.com/technical-data-lead-jobs-in-saudi-arabia-in-coorb-1-to-6-years-n-cd-40004327-jid-070826500982,jsearch,1,1
496fe5f259b5641cdf986306ad622138,c16778fdeb7ee6e0df57dd9bbe8e9f72,e3d84c82507d974ff8564a5dae31e755,0365542d9b0428dce6dd3fa472392d17,dcf52c9819dbea4ed680c1f89dccd1f8,System Engineer,https://bebee.com/sa/jobs/system-engineer-join-solutions-khobar--ss-sa-13pz6sh,jsearch,1,1
e465c7813864e7ab5a5da83014d279f1,2429fda017a193faa70d67ea0f595ec8,1c9c73d943b626d282f1cfce6686fbbf,33592aca294d19473e45d745e5716a19,dcf52c9819dbea4ed680c1f89dccd1f8,IT Service Desk Support Specialist,https://www.bayt.com/en/saudi-arabia/jobs/it-service-desk-support-specialist-75164862/,"jsearch, freehire",2,1
a6c91a687aadac4b78425461503f2042,d8fee6edaf370f5280fef8f56e353031,826161723f8719527bfa31fe132a5cad,318e05aba5a0571d2d69255d7308b0eb,219e3dfddc927539fcce8ff99b73f012,Cloud Data Engineer: Azure & Databricks Pipelines,https://en-sa.whatjobs.com/pub_api__cpl__10730960__7118?utm_campaign=publisher&utm_medium=api&utm_source=freehire.me,freehire,1,1
d275e59a8669fd26eae31ecbce8bf060,0645f775abc48eec7321083171646afb,1c9c73d943b626d282f1cfce6686fbbf,f15eb97161735b5df1b437fc7ff3ad20,f9f0b181b93f616e1b2fd13a7eb68819,Freelance Software Tester With Apple Vision Pro,https://jobs.lever.co/jobgether/20694a58-87e3-4672-b545-875bdfae8e84?utm_source=freehire.me,freehire,1,1
68ab4927ef013920c990c5302c39e166,a5fc7f7a8bf57b533119bac3b8d83447,826161723f8719527bfa31fe132a5cad,2f5f613f428077e0cf00a584c89878d8,ce4f5baa48cd135ee14b7625e51d9dca,Project manager,https://www.careers-page.com/menaconsultant/job/QW8Y36R6?utm_source=freehire.me,freehire,1,1
18524dfa6ab8247bf8c7853710db92e7,a5734424887783d782c4136b7aff71c5,f0c21a35f5fd8a30ed8aa2627b766ada,0eacea33ffb217a026117e87966304ec,d88e2f97719ad0ae424945ad60d61f9f,Forward Deployed AI Engineer Expert / Senior,https://jobs.sap.com/job/Garching-bei-M%C3%BCnchen-%28Munich%29-Forward-Deployed-AI-Engineer-Expert-Senior-%28fmd%29-85748/1421698133/?utm_source=freehire.me,freehire,1,1
b0e38507026fd871efec1120812e696c,5c0738f65aa2efcd2bcc60fa1244309f,e3d84c82507d974ff8564a5dae31e755,f15eb97161735b5df1b437fc7ff3ad20,ac801ea38d61b8f3e71e0f7d88cbe23a,Project Coordinator,https://jobs.halliburton.com/job/Al-Khobar-Project-Coordinator-04-31952/1419002300/?utm_source=freehire.me,freehire,1,1
126dd7dcffe6be9c9ce82274d9d5d0b2,0d7fd51250c5b1880f49c9c3b82a03ec,f0c21a35f5fd8a30ed8aa2627b766ada,33592aca294d19473e45d745e5716a19,76a7a00bc1008ca4036103662dcbd297,Project Coordinator,https://job-boards.greenhouse.io/decimainternational/jobs/4709461006?utm_source=freehire.me,freehire,1,1
9efc8fd60d61cf68ea60d2404ec26351,c16778fdeb7ee6e0df57dd9bbe8e9f72,1c9c73d943b626d282f1cfce6686fbbf,87b1933db1b3bc75ac2bd7e51147e919,6c2a675559f7caa08b73359ccb75a22d,Application Developer,https://en-sa.whatjobs.com/pub_api__cpl__10750153__7118?utm_campaign=publisher&utm_medium=api&utm_source=freehire.me,freehire,1,1
04671c3f92e6b8cabaa33c6d27c62d7f,37d8bd72c4e69744cedd7f11ca2da987,f0c21a35f5fd8a30ed8aa2627b766ada,8f55ffa788f0fa4c7b39e1382e97ccbc,6c2a675559f7caa08b73359ccb75a22d,Oracle Fusion ERP Project Manager,https://jobs.smartrecruiters.com/Devoteam/744000150067439-oracle-fusion-erp-project-manager-?utm_source=freehire.me,freehire,1,1
0dbd0f840ce09f38b518b7c0e8b4c2b0,5bc8b1d029a30fd99c04f79ec2c6d099,1c9c73d943b626d282f1cfce6686fbbf,0365542d9b0428dce6dd3fa472392d17,219e3dfddc927539fcce8ff99b73f012,Solution Engineer,https://www.avepoint.com/careers/job-detail?gh_jid=8121241&utm_source=freehire.me,freehire,1,1
aa65a0e4bb7333173554c0373d1a7cdb,4c44f783515677cb01d36a9058259e1d,f0c21a35f5fd8a30ed8aa2627b766ada,8f55ffa788f0fa4c7b39e1382e97ccbc,4422f3776893cba6d18e8f258c63716f,Delivery Manager - Business Systems and Applications Changes,https://apply.workable.com/j/8E3CFDA44A?utm_source=freehire.me,freehire,1,1
eed8096bc2d6a583ce7480786ab194c9,1aaa886c1db7978fe2d3454db05d5e5d,f0c21a35f5fd8a30ed8aa2627b766ada,318e05aba5a0571d2d69255d7308b0eb,08df6d4ff68729b9d2b5d2d186f39eca,Data engineer,https://en-sa.whatjobs.com/pub_api__cpl__10687565__7118?geoID=12&utm_campaign=publisher&utm_medium=api&utm_source=freehire.me,freehire,1,1
49e5b2eaa79630137b43529397e68d43,8628dc51ce2b951aecb9abe1aac936be,f0c21a35f5fd8a30ed8aa2627b766ada,318e05aba5a0571d2d69255d7308b0eb,08df6d4ff68729b9d2b5d2d186f39eca,Data Engineer,https://en-sa.whatjobs.com/pub_api__cpl__10687900__7118?geoID=12&utm_campaign=publisher&utm_medium=api&utm_source=freehire.me,freehire,1,1
9ffe6be8aa2788e353a1c18a03d3ba44,581efa873817738de0b22803f83b9c12,f0c21a35f5fd8a30ed8aa2627b766ada,0365542d9b0428dce6dd3fa472392d17,08df6d4ff68729b9d2b5d2d186f39eca,Software Engineer II - Android,https://en-sa.whatjobs.com/pub_api__cpl__10685050__7118?geoID=12&utm_campaign=publisher&utm_medium=api&utm_source=freehire.me,freehire,1,1
08050753d20cfb53f4c4c0f03be5d4a6,714a3fdd65c94061bcf9789fdfab840f,f0c21a35f5fd8a30ed8aa2627b766ada,a2f799e1db48b2afb51278cbd8ba4fbc,08df6d4ff68729b9d2b5d2d186f39eca,Product Manager Enterprise Systems,https://careers-riyadhair.icims.com/jobs/5252/product-manager-enterprise-systems/job?utm_source=freehire.me,freehire,1,1
ed2c6e9cb5a11242e25f0b1ec64cd4e0,10bb9084b86bb0215a2900f26c066823,f0c21a35f5fd8a30ed8aa2627b766ada,fca857a72dbfa89a848ef885da79ab2f,82347fe834cbdd54ae50f6e790b97296,Director - Design Standards - Facades & Structures,https://apply.workable.com/j/FCF66D68D4?utm_source=freehire.me,freehire,1,1
5591284293da0dfb5a537a7ff0fee913,bfe5ca48d5d7916eaa869972cfcfd761,1c9c73d943b626d282f1cfce6686fbbf,318e05aba5a0571d2d69255d7308b0eb,82347fe834cbdd54ae50f6e790b97296,IBM DataPower Integration Designer,https://apply.workable.com/j/253620BBAE?utm_source=freehire.me,freehire,1,1
53a65e7eef375b47708437c83fedd577,d0ee5cef15b4e32ef5c817f2cb6eddd8,f0c21a35f5fd8a30ed8aa2627b766ada,4bc88fd2b8bb9462fdadfdaabe442cc9,a2bd0075ead2d77cc9b4f5c65b14c7ab,Associate Director - Senior Project Manager,https://emit.fa.ca3.oraclecloud.com/hcmUI/CandidateExperience/en/sites/jobsearch/job/95594?utm_source=freehire.me,freehire,1,1
930fd9ddf6634b75b91dd143bb4d8c9e,10bb9084b86bb0215a2900f26c066823,f0c21a35f5fd8a30ed8aa2627b766ada,318e05aba5a0571d2d69255d7308b0eb,a2bd0075ead2d77cc9b4f5c65b14c7ab,Analyst - Data & AI Product Owner,https://apply.workable.com/j/45B90CECB5?utm_source=freehire.me,freehire,1,1
5d4e4cb1164cdeebbabbe14cac43ddf3,8afe4051a350748e42084f6576281794,1c9c73d943b626d282f1cfce6686fbbf,33592aca294d19473e45d745e5716a19,d557a99c5a2c130956021cd4e1bdd18f,Sr Solution Consultant,https://ebwg.fa.us2.oraclecloud.com/hcmUI/CandidateExperience/en/sites/jobsearch/job/19819?utm_source=freehire.me,freehire,1,1
ddaf364b93213974b6da55a5df019add,0a90cb80a65de0bfbc293e6b9822cea7,6d90b93e2e06bed76b003b975aaa26de,2f5f613f428077e0cf00a584c89878d8,08ae0a83a27deec7658e9ad951b803c7,Information Technology Director,https://saudi.tanqeeb.com/jobs-in-saudi/all/jobs/021216983.html,tanqeeb,1,1
91178e085d7ae56a0937d7439708ddbe,c16778fdeb7ee6e0df57dd9bbe8e9f72,354d7fd84f7b8b771fce9e5e1d9d2621,0365542d9b0428dce6dd3fa472392d17,08df6d4ff68729b9d2b5d2d186f39eca,Java developer,https://en-sa.whatjobs.com/pub_api__cpl__10694077__7118?geoID=17353&utm_campaign=publisher&utm_medium=api&utm_source=freehire.me,freehire,1,1
b8a7c5d65b614b59c300ab282ba5568a,05bd78e31ddec97be540e09fd07ba550,f0c21a35f5fd8a30ed8aa2627b766ada,87b1933db1b3bc75ac2bd7e51147e919,a2bd0075ead2d77cc9b4f5c65b14c7ab,Software Engineer,https://en-sa.whatjobs.com/pub_api__cpl__10754445__7118?geoID=12&utm_campaign=publisher&utm_medium=api&utm_source=freehire.me,freehire,1,1
4b88fc52edf73fda6771739af897cd5d,c39d48bbed953bf71c03e3a668eacbf3,1c9c73d943b626d282f1cfce6686fbbf,c2f8c8066d85d9194e00d154391f2483,76a7a00bc1008ca4036103662dcbd297,Information Technology Specialist,https://saudi.tanqeeb.com/jobs-in-middle-east/all/jobs/021222579.html,tanqeeb,1,1
4b04ced1287174c98712758494663506,2c7fde98dcab71b2511488d3095c0251,1c9c73d943b626d282f1cfce6686fbbf,2f5f613f428077e0cf00a584c89878d8,f14cc5cdce0420f4a5a6b6d9d7b85f39,Assistant IT Manager,https://saudi.tanqeeb.com/jobs-in-saudi/all/jobs/021041567.html,tanqeeb,1,1
4447105f53c3c01023a907b57b30e24c,b1acaef5b07f33f7860da329b7d82bf6,6d90b93e2e06bed76b003b975aaa26de,d7838c27eb8edd2545575ee454783c2a,d557a99c5a2c130956021cd4e1bdd18f,Technical Support Specialist,https://saudi.tanqeeb.com/jobs-in-saudi/all/jobs/021188244.html,tanqeeb,1,1
63000670e23f2493e2c7d77fb7f71f7d,df78285c68ae983361b1cb0e3ac3dc91,1c9c73d943b626d282f1cfce6686fbbf,0fc5b4e9c9d3d7b80733e6e9280a7639,4158b202244f39becd011a0333d89343,Software Engineer,,tapneo,1,1
8da5c30a332b6b3664ef22ee83094701,c4d5bf88d005a6f9667aff171cb0180f,1c9c73d943b626d282f1cfce6686fbbf,318e05aba5a0571d2d69255d7308b0eb,9c2b346b548eaf34fcec1d470e4926bf,Data Platform Engineer,,tapneo,1,1
2f8195e6c1d2d269854c2c8dfc11c0b2,1240983d2acce86556fee95e028b2657,1c9c73d943b626d282f1cfce6686fbbf,87b1933db1b3bc75ac2bd7e51147e919,1a78d3e6cf833fde627a8cc443e0eca6,Qa Engineer,,tapneo,1,1
c6010239ad8e7c7131ed9eea8897a938,9eb912020bb36f9b096c5d3cbc460605,1c9c73d943b626d282f1cfce6686fbbf,a2a7a118ec3036466fdf100b7d8fd573,4158b202244f39becd011a0333d89343,Senior Data Engineer,,tapneo,1,1
db12fb8969ec773169555926439432ce,1bac3aca5e7d5020323ce3c80cc2e061,1c9c73d943b626d282f1cfce6686fbbf,fea7f34b128c62e570fb0b6441c0dc52,942f00ccfa703e111a5b2b24c357758d,Security Engineer,,tapneo,1,1
b3c4ffa382e08b3482e837282d5b6aca,37d8bd72c4e69744cedd7f11ca2da987,1c9c73d943b626d282f1cfce6686fbbf,318e05aba5a0571d2d69255d7308b0eb,4158b202244f39becd011a0333d89343,Business Data Analyst,,tapneo,1,1
cf25456ea9a1f801481512b1e3261802,f0ba1b8eccc5ca0aea35a6158493d2da,1c9c73d943b626d282f1cfce6686fbbf,87b1933db1b3bc75ac2bd7e51147e919,7867c816a4782ac6cdccc729c7ddf6c1,Software Engineer,,tapneo,1,1
a94a762dcc2a8d6729025cc486680a16,aa56a2e65d8106aef3c61e4f6bf94fdb,1c9c73d943b626d282f1cfce6686fbbf,0eacea33ffb217a026117e87966304ec,408a5f84bf3bb5b0b3fbd316d1cb4670,Senior Software Engineer,,tapneo,1,1
91bae0e75bb5efdf81059b08890bc0a5,f033237bac690685dec4ac2e1cbc33bc,1c9c73d943b626d282f1cfce6686fbbf,a38de38b42b1fccfd1ee4011ca6442d3,5da2ffc528fa51e3e500b79a89175aaa,Business Analyst,,tapneo,1,1
4eb46461ddc8f04086259c9a8c28ef82,49f99b7a121754bd66aec19f580bdcd5,1c9c73d943b626d282f1cfce6686fbbf,87b1933db1b3bc75ac2bd7e51147e919,942f00ccfa703e111a5b2b24c357758d,Software Engineer,,tapneo,1,1
e7b101efa320f880177e7533b182bf95,0f962ed737e19379ca477348317f84d0,1c9c73d943b626d282f1cfce6686fbbf,3643430fa0396fad0d0d4cec65ff80cb,b6ac0d4942dd01963c118e089639b4f6,Software Engineer,,tapneo,1,1
ffc2338a6a082bc96121f6475cfb801d,f544e69f1ea8f2e590fb23e985d9b6ca,1c9c73d943b626d282f1cfce6686fbbf,0365542d9b0428dce6dd3fa472392d17,f64238e15003a89cd484c338f34d21b8,Solutions Engineer,,tapneo,1,1
eb622e645018a4b9b579168aec17365e,c80ca209ce3d57110451a8d1a912ab76,1c9c73d943b626d282f1cfce6686fbbf,0365542d9b0428dce6dd3fa472392d17,5e8f11e596b212b0732d73ac3887f72f,Software Engineer,,tapneo,1,1
afcc7b3ab484632ede3c20506b6c3c3b,f2f540f574b79c6e8c3a589d6f6fe071,1c9c73d943b626d282f1cfce6686fbbf,21069c033967b1b2dff8053758441a61,76aaffe7cf7b8d0b487ded0a700e93cd,Data Engineer,,tapneo,1,1
d279ec5d4b5429f2b15ef5e89e80216b,09e3e1267295b09b4997a4d08d2b3425,1c9c73d943b626d282f1cfce6686fbbf,d2fe5edfb5268065cab53c29c7b5d672,4f8b1b5279413887271344e270b52bce,Senior Data Scientist,,tapneo,1,1
071fdb8b4b64b1e3e11836c40d437478,4f9c350d108918fa18306c06ac5c957b,1c9c73d943b626d282f1cfce6686fbbf,318e05aba5a0571d2d69255d7308b0eb,2cba1ee16811e888b7ff54c4bd94265b,Data Analyst,,tapneo,1,1
a51e336640ba6d831e70b0b2d1d2b007,2dccacb26bd19bf713f7d065a306229e,1c9c73d943b626d282f1cfce6686fbbf,0fc5b4e9c9d3d7b80733e6e9280a7639,3829d4a3a1a7d5d7f465120490feb166,Solutions Engineer,,tapneo,1,1
16d576c31f4bb79ee2195d130e60a47b,c9b0cb53646238b8c03fb69b8f331220,1c9c73d943b626d282f1cfce6686fbbf,0365542d9b0428dce6dd3fa472392d17,6c2a675559f7caa08b73359ccb75a22d,Full Stack Machine Learning Engineer,"https://www.glassdoor.co.uk/job-listing/full-stack-machine-learning-engineer-datacentre-ai-engineering-riyadh-ksa-qualcomm-JV_IC3110290_KO0,73_KE74,82.htm?jl=1010100331592",jsearch,1,1
73ef1e989c3e30087e682d3b4b5fe8cb,b919fb4ac10a1f6b17d9203c1354ced8,1c9c73d943b626d282f1cfce6686fbbf,c6f3cdee1f1d7bffbc93424feb6b5588,dcf52c9819dbea4ed680c1f89dccd1f8,"Senior Cloud Engineer: OpenShift, Automation & Security",https://www.jobleads.com/sa/job/senior-cloud-engineer-openshift-automation-security--riyadh--ef59766cb880d5b74870e571d38759892,jsearch,1,1
0b243bdd2cabe3a82775bc2d50b3a0b2,0feb54b11116ae3406404306ea4cf03d,eaf2a63c0b603ba5388368c7cce02cc3,0365542d9b0428dce6dd3fa472392d17,0cdf73ff2b30ed7aa6206fde112bee77,QA/QC Engineer,https://parsons.wd5.myworkdayjobs.com/Search/job/SA---Abha/QA-QC-Engineer--Civil---Infra-_R185777?utm_source=freehire.me,freehire,1,1
c82dab92a3367e34d5417d7e3f4a3c19,05bd78e31ddec97be540e09fd07ba550,f0c21a35f5fd8a30ed8aa2627b766ada,87b1933db1b3bc75ac2bd7e51147e919,a2bd0075ead2d77cc9b4f5c65b14c7ab,Software Engineer | Full Lifecycle,https://en-sa.whatjobs.com/pub_api__cpl__10756158__7118?geoID=12&utm_campaign=publisher&utm_medium=api&utm_source=freehire.me,freehire,1,1
809090cbcb7c127c604973b2421d5152,73d7ae5678ddaed8d0bfc1ae8c56e188,f0c21a35f5fd8a30ed8aa2627b766ada,36342576b66b21f59333da16ca84323f,cc84a9cd4e85ac79309601f98124b0a8,Project Manager,https://pae.wd1.myworkdayjobs.com/Amentum_Careers/job/OCONUS-Saudi-Arabia/Project-Manager_R0170910?utm_source=freehire.me,freehire,1,1
231878587673ca746b3225dffef7bc43,c3939e8e5e9ff31b4512f91be96c0e60,f0c21a35f5fd8a30ed8aa2627b766ada,31e833930843cd0564e063ad6d8f31a5,d557a99c5a2c130956021cd4e1bdd18f,Senior Infrastructure Engineer,https://apply.workable.com/j/55BEA387E9?utm_source=freehire.me,freehire,1,1
eed0d47ab587f793f88d6d84f7641f3f,e023385ecc024747b0ffe7f3d8d7a0d4,6d90b93e2e06bed76b003b975aaa26de,87b1933db1b3bc75ac2bd7e51147e919,f14cc5cdce0420f4a5a6b6d9d7b85f39,Information Technology Field Engineer,https://saudi.tanqeeb.com/jobs-in-saudi/all/jobs/021068721.html,tanqeeb,1,1
0edca560ae8a49799c28c03ce6943532,c9501e55971e87393e6b6cb37a5cdfc9,1c9c73d943b626d282f1cfce6686fbbf,035ae54e0f7668242109b880679feb98,a375e913d578e8644bc4ea162d861a3e,Junior Engineer,,tapneo,1,1
dc9f65fc427b2ec56d116956ef592e1e,f4b9624088afe09b7b7b6fdcc6fa613b,1c9c73d943b626d282f1cfce6686fbbf,d33592c263a2f4f982c5db4389969c4f,03179497efceee767d32aa9ad8ad0d59,Project Manager,,tapneo,1,1
58505ed8b8ab054be2fad74998f8ccc2,193c5998537a2b210cc1f85a2049c1c0,1c9c73d943b626d282f1cfce6686fbbf,d7838c27eb8edd2545575ee454783c2a,d7431b6dd465e000937ff8ece439488e,Business Analytics,,tapneo,1,1
e17aa405adf0742c23f03473774f4f80,b4d0c7b061a6b2749d7f3f008c31566d,1c9c73d943b626d282f1cfce6686fbbf,0365542d9b0428dce6dd3fa472392d17,401e71ae951e42e208004757d3f3175f,Forward Deployed Engineer - Software Engineer,https://jooble.org/jdp/3340566253261210746,jooble,1,1
4bfa5e39fb0f4b7d21629a1292abfa12,94e87d00ab5d91b3628339792264e0a6,1c9c73d943b626d282f1cfce6686fbbf,0365542d9b0428dce6dd3fa472392d17,a2bd0075ead2d77cc9b4f5c65b14c7ab,Full-Stack Developer - Immediate Start Only,https://www.founditgulf.com/job/full-stack-developer-blazor-net-immediate-start-only-whiteshield-partners-saudi-arabia-48764393,jsearch,1,1
bfa17e1aff7e2bf8577e80baf0d97256,7ba97046261eba5c607c0af03e7c75db,1c9c73d943b626d282f1cfce6686fbbf,0eacea33ffb217a026117e87966304ec,6c2a675559f7caa08b73359ccb75a22d,Senior Frontend Developer,https://www.founditgulf.com/job/senior-frontend-developer-javascript-typescript-astek-saudi-arabia-43740421,jsearch,1,1
aa801dd39562e0225eab509d06461a7b,d1164e8963232d06ac66adc3640fe6e3,f0c21a35f5fd8a30ed8aa2627b766ada,0365542d9b0428dce6dd3fa472392d17,6c2a675559f7caa08b73359ccb75a22d,AI​/ML Engineer – Industrial Analytics | Confidential,https://www.learn4good.com/jobs/riyadh/saudiarabia/info_technology/5466717917/e/,jsearch,1,1
9a14252b480de0bd56f4c01ca9ab26ad,45dd16c6f7ddcb6ef2b3f0f82affb305,1c9c73d943b626d282f1cfce6686fbbf,0eacea33ffb217a026117e87966304ec,6c2a675559f7caa08b73359ccb75a22d,Lead Software Engineer,https://www.founditgulf.com/job/lead-software-engineer-riyadh-saudi-national-jari-solutions-saudi-arabia-42721447,jsearch,1,1
c9dc1fd6b9dc8a44e1be04420e559a2e,fb9fb85671f139995e8fcbf1ecd4e0b1,1c9c73d943b626d282f1cfce6686fbbf,6292dd31ed918f0cf6f8bb0ab26d6181,6c2a675559f7caa08b73359ccb75a22d,ICS Cybersecurity Engineer,https://sa.linkedin.com/jobs/view/ics-cybersecurity-engineer-at-air-products-4416684883,jsearch,1,1
18b9443f1bb4b148306b1c7866e344b4,d291d784d41eaa3dbff8cdabba749712,1c9c73d943b626d282f1cfce6686fbbf,0eacea33ffb217a026117e87966304ec,6c2a675559f7caa08b73359ccb75a22d,Senior Full-Stack Engineer — Scalable Systems & CI,https://www.jobleads.com/sa/job/senior-full-stack-engineer-scalable-systems-ci--riyadh--e4687dadb7653589f9bab44b515abb67f,jsearch,1,1
dad54f3835b2d9133971b161f600df86,1193b43d61243259cdbbe014aa0082f9,f713c14731e8318994a7731b6fe5f413,0eacea33ffb217a026117e87966304ec,6c2a675559f7caa08b73359ccb75a22d,"Senior Full-Stack Developer — React, TypeScript, Node.js",https://sa.jooble.org/jdp/4158735067332053618,jsearch,1,1
9779935c69d849df866346405d7fcfca,75e256376c26aa83a6eafe94182f4cc6,1c9c73d943b626d282f1cfce6686fbbf,0365542d9b0428dce6dd3fa472392d17,6c2a675559f7caa08b73359ccb75a22d,Freelance Network Engineer,https://www.gulftalent.com/saudi-arabia/jobs/freelance-network-engineer-617447,jsearch,1,1
cb3f7e686262fa1e1f7db21aaf394eba,cf8ace16554084a950d8efda3d246295,1c9c73d943b626d282f1cfce6686fbbf,0a1fc1c68e97eda6a429ed76efff0f34,a2bd0075ead2d77cc9b4f5c65b14c7ab,Data Analyst,https://www.gulftalent.com/saudi-arabia/jobs/data-analyst-no-experience-required-611969,jsearch,1,1
96f80359449262705333c5d2549613e3,7cdd36a9c49fefb2a25eb839bff758a6,1c9c73d943b626d282f1cfce6686fbbf,a38de38b42b1fccfd1ee4011ca6442d3,6c2a675559f7caa08b73359ccb75a22d,Machine Learning Scientist,https://bebee.com/sa/jobs/machine-learning-scientist-silver-edge-arabia-eastern-province--techmap_sa_210726501082,jsearch,1,1
fad6994e49196e94df92f1d6467d9b9c,92943f80691f534ad3722f3282dd5566,6d90b93e2e06bed76b003b975aaa26de,0eacea33ffb217a026117e87966304ec,6c2a675559f7caa08b73359ccb75a22d,Senior Java Backend Engineer - Scalable Microservices,https://bebee.com/sa/jobs/senior-java-backend-engineer-scalable-microservices-alrawasi-co-jeddah--bs-sa-14888463-ea84-4de1-8b32-183648d7e37d,jsearch,1,1
78143369daad407fbae099a65fb116d8,0f962ed737e19379ca477348317f84d0,1c9c73d943b626d282f1cfce6686fbbf,cb917c6b8f21aa05bd123b6b3ddb9d39,6c2a675559f7caa08b73359ccb75a22d,Senior Data Scientist,https://www.gulftalent.com/saudi-arabia/jobs/senior-data-scientist-597014,jsearch,1,1
24008af72d4e4e573c989228c7da874d,db3ca0ce52511c11c910b4b7f1a8e6fa,1c9c73d943b626d282f1cfce6686fbbf,318e05aba5a0571d2d69255d7308b0eb,6c2a675559f7caa08b73359ccb75a22d,Expert Data Scientist,https://sa.jobrapido.com/jobpreview/1710452770521219072,jsearch,1,1
c46dcc497ea988530b81be2a63299880,c9ccbfc5c16b8f5a82b905fea3f5a800,1c9c73d943b626d282f1cfce6686fbbf,318e05aba5a0571d2d69255d7308b0eb,6c2a675559f7caa08b73359ccb75a22d,Data Analyst in Riyadh,https://www.jobleads.com/sa/job/data-analyst-in-riyadh-saudi-arabia--riyadh--e73c811b48f69ff75d9a6f2aa4da923a8,jsearch,1,1
4c81b9adc015b6b4903a3ffdfe183d4c,971d0404afdecb8d7b60b66b9a1d4376,f0c21a35f5fd8a30ed8aa2627b766ada,a74683d6d303bc41f6726bd8c6f681b5,6c2a675559f7caa08b73359ccb75a22d,DevOps & Cloud Engineer Jobs in Saudi Arabia | Full-Time,https://sa.jobrapido.com/jobpreview/5493253943846764544,jsearch,1,1
e81fdc1ae38240b5d9367cfe0d942d76,8a39fc153f7305b71b015eb4ed7ea12c,1c9c73d943b626d282f1cfce6686fbbf,33592aca294d19473e45d745e5716a19,6c2a675559f7caa08b73359ccb75a22d,System & Network Administrator,https://sa.linkedin.com/jobs/view/system-network-administrator-at-h-m-al-rugaib-sons-trading-co-%D8%B4%D8%B1%D9%83%D8%A9-%D8%AD%D9%85%D8%AF-%D9%85%D8%AD%D9%85%D8%AF-%D8%A7%D9%84%D8%B1%D9%82%D9%8A%D8%A8-%D9%88-%D8%A3%D9%88%D9%84%D8%A7%D8%AF%D9%87-%D8%A7%D9%84%D8%AA%D8%AC%D8%A7%D8%B1%D9%8A%D8%A9-4437049676,jsearch,1,1
08493c25fc638fb7f7ea019dc92c43b9,421c5bc933acf41ebceb1d4bc09dad11,6d90b93e2e06bed76b003b975aaa26de,4ae3da5ed67df20569811bda7edda3f4,6c2a675559f7caa08b73359ccb75a22d,Remote UI/UX Designer - Hybrid & Growth,https://sa.jooble.org/jdp/-6303879383873482478,jsearch,1,1
5acac1a8e89cd6787bdc814771d3182b,9ce3d9b7654690289bccbc4f8ff96546,b7e52b5b43f3e984c56b64b466aa6636,0eacea33ffb217a026117e87966304ec,6c2a675559f7caa08b73359ccb75a22d,Senior Backend Developer,https://sa.expertini.com/job/senior-backend-developer-php-al-jubail-squadio-593395288811316637/,jsearch,1,1
18649601a2fdf10dd0361b67a1b37c16,ee9c83968aec6f61eb61303cd07a7540,1c9c73d943b626d282f1cfce6686fbbf,318e05aba5a0571d2d69255d7308b0eb,6c2a675559f7caa08b73359ccb75a22d,Jr. Data Scientist,https://sabbar.com/en/jobs/r-jr-data-scientist/id-9965db07-eac5-475b-a504-c9215fdbaaa5,jsearch,1,1
e91d55d9acb2f28260ea9b2f8f170817,dab08bfcb34e087618c5223ce4b86b30,826161723f8719527bfa31fe132a5cad,318e05aba5a0571d2d69255d7308b0eb,6c2a675559f7caa08b73359ccb75a22d,Postdoc: Polymer Rheology & Processing Scientist,https://sa.jooble.org/jdp/7848697666247415609,jsearch,1,1
633198f51dfe522a548d2ceb17cf973f,4c44f783515677cb01d36a9058259e1d,1c9c73d943b626d282f1cfce6686fbbf,d6671ff37a9c08b76f2dd0fa70e46282,a2bd0075ead2d77cc9b4f5c65b14c7ab,Senior Development Lead - Full Stack Microservices,https://www.bayt.com/ar/saudi-arabia/jobs/senior-development-lead-full-stack-microservices-75171010/,jsearch,1,1
6ef5f09539377ca49bd9b0404ac32a79,dc440e11b7e380ecbb9c066764af2371,f0c21a35f5fd8a30ed8aa2627b766ada,4bc5bf1ab11783c31e022304f12500bd,ce4f5baa48cd135ee14b7625e51d9dca,IT Infrastructure Designer,https://jobs.smartrecruiters.com/EgisGroup/744000149269990-it-infrastructure-designer-airport-exp-preferred-?utm_source=freehire.me,freehire,1,1
42c0d08c51219f28dc86d1a5148377e9,c2e70fbae5f95506396162dab6617978,1c9c73d943b626d282f1cfce6686fbbf,0365542d9b0428dce6dd3fa472392d17,6c2a675559f7caa08b73359ccb75a22d,Software Developer,https://sa.linkedin.com/jobs/view/software-developer-backend-saas-at-canonical-4358990958,jsearch,1,1
930a3eb3e8d261fe68a546c70a970be3,1193b43d61243259cdbbe014aa0082f9,1c9c73d943b626d282f1cfce6686fbbf,33592aca294d19473e45d745e5716a19,6c2a675559f7caa08b73359ccb75a22d,User Experience and User Interface Expert,https://www.gulftalent.com/saudi-arabia/jobs/user-experience-and-user-interface-expert-601425,jsearch,1,1
ca01416a867cfdbc53b3ca088f4d5d25,709b457d2283f7e40415a5e9e077c415,f0c21a35f5fd8a30ed8aa2627b766ada,d6671ff37a9c08b76f2dd0fa70e46282,6c2a675559f7caa08b73359ccb75a22d,Senior Specialist – Business Intelligence,https://mawahebna.com/job/senior-specialist-business-intelligence-qiddiya-riyadh/,jsearch,1,1
21b477fcf4ab34b654fd7552f422c093,2429fda017a193faa70d67ea0f595ec8,1c9c73d943b626d282f1cfce6686fbbf,318e05aba5a0571d2d69255d7308b0eb,6c2a675559f7caa08b73359ccb75a22d,Associate Data Scientist,https://www.gulftalent.com/saudi-arabia/jobs/associate-data-scientist-618046,jsearch,1,1
fc2132736b18f440ffbcd9f2d6571af7,5c3702d0aa18ce1696174dc64f2759ff,1c9c73d943b626d282f1cfce6686fbbf,31e833930843cd0564e063ad6d8f31a5,6c2a675559f7caa08b73359ccb75a22d,Senior Devops Engineer - GCP,https://sa.linkedin.com/jobs/view/senior-devops-engineer-gcp-at-halian-managed-services-recruitment-agency-contract-staffing-4456609926,jsearch,1,1
0d88926a444d506f691fed180c33db08,622028a014f4fb975e9cb9e71154869d,1c9c73d943b626d282f1cfce6686fbbf,318e05aba5a0571d2d69255d7308b0eb,6c2a675559f7caa08b73359ccb75a22d,Database Administrator,https://www.founditgulf.com/job/database-administrator-adesso-gcc-saudi-arabia-62847218,jsearch,1,1
5562313c8a9f5d3490eb2f2b00bf2d95,6c96effe3269d011636be7b5d6953291,f713c14731e8318994a7731b6fe5f413,318e05aba5a0571d2d69255d7308b0eb,6c2a675559f7caa08b73359ccb75a22d,Data Engineer,https://sa.indeed.com/viewjob?jk=162d13fb17601ac4,jsearch,1,1
f54cbe6b751e418f1a7a6bc017014e98,88183b946cc5f0e8c96b2e66e1c74a7e,1c9c73d943b626d282f1cfce6686fbbf,a74683d6d303bc41f6726bd8c6f681b5,6c2a675559f7caa08b73359ccb75a22d,Cloud & DevOps Engineer,https://www.jobleads.com/sa/job/cloud-devops-engineer--riyadh--e38512f594f3ca8292c2e7c3fdf851285,jsearch,1,1
0d2292c95c944c021d8f3850dad499d8,2805b86b30e64ca26f8f047cf13d8a2a,1c9c73d943b626d282f1cfce6686fbbf,0365542d9b0428dce6dd3fa472392d17,6c2a675559f7caa08b73359ccb75a22d,"Frontend Developer - Fast, Scalable UI",https://www.jobleads.com/sa/job/frontend-developer-angular-fast-scalable-ui--medina--e2428d30080eb18007bfb01657cbb49cd,jsearch,1,1
eb34b30213e72bf3993fe8892155a8d5,2805b86b30e64ca26f8f047cf13d8a2a,1c9c73d943b626d282f1cfce6686fbbf,0365542d9b0428dce6dd3fa472392d17,6c2a675559f7caa08b73359ccb75a22d,Frontend Developer,https://www.jobleads.com/sa/job/frontend-developer-outsource--medina--e7fc7e4fbd3a0553946dacc7370e11fc7,jsearch,1,1
7292dbe031d1d840204376b6d0cc057f,827e631d36945fab3e7291d10057d960,1c9c73d943b626d282f1cfce6686fbbf,318e05aba5a0571d2d69255d7308b0eb,6c2a675559f7caa08b73359ccb75a22d,Change Order Analyst,https://sabbar.com/ar/jobs/r-change-order-analyst/id-8210ada5-f4ff-4389-bc25-e6dc43714e4a,jsearch,1,1
45572bf6f4eeb9a04ab8fae93eeceb51,b7632d807a63a5876461b8d4a819d126,1c9c73d943b626d282f1cfce6686fbbf,31e833930843cd0564e063ad6d8f31a5,6c2a675559f7caa08b73359ccb75a22d,Senior PHP Backend Engineer – Cloud & APIs,https://www.jobleads.com/sa/job/senior-php-backend-engineer-cloud-apis-riyadh-office--riyadh--ea93660c139977e31407239d2e477c049,jsearch,1,1
fb7fdbe6deadbf164b58b0efa7df885c,6c10661ad9ef2997db74569270ef1805,1c9c73d943b626d282f1cfce6686fbbf,a74683d6d303bc41f6726bd8c6f681b5,6c2a675559f7caa08b73359ccb75a22d,Cloud Machine Learning Engineer,https://www.bayt.com/ar/saudi-arabia/jobs/cloud-machine-learning-engineer-riyadh-ksa-74859868/,jsearch,1,1
41ab711e25727a8b114de85aef122b5e,3e6912d9edf078375c9e015fb05851d4,f0c21a35f5fd8a30ed8aa2627b766ada,4ae3da5ed67df20569811bda7edda3f4,6c2a675559f7caa08b73359ccb75a22d,UI/UX Designer Associate,https://ixdf.org/jobs/ui-ux-designer-associate-riyadh,jsearch,1,1
66625d8334da2249fe8550f9f55d7080,41d2821cbfc5c789dac7d18b28ef87bd,1c9c73d943b626d282f1cfce6686fbbf,4ac87bb113bcb1db57944374f9e6543c,6c2a675559f7caa08b73359ccb75a22d,Senior UI/UX Designer: AI Product Design & Design System,https://www.jobleads.com/sa/job/senior-ui-ux-designer-ai-product-design-design-system--riyadh--ec1d453bbffc2b26705092b0e936769aa,jsearch,1,1
891b5d87c346d01afdb1e20fff3d5764,838e000e87fadf6923cdc47195378dab,1c9c73d943b626d282f1cfce6686fbbf,318e05aba5a0571d2d69255d7308b0eb,6c2a675559f7caa08b73359ccb75a22d,Remote Backend Engineer — Saudi-based Data Systems,https://sa.jooble.org/jdp/-5212091757139190817,"jsearch, freehire",2,1
df448bdecab9c2f24cd04219890a002b,1ec9c3e513337b81f7b22a754af941d3,f0c21a35f5fd8a30ed8aa2627b766ada,31e833930843cd0564e063ad6d8f31a5,a2bd0075ead2d77cc9b4f5c65b14c7ab,Senior Backend Engineer - Microservices & Cloud Platform,https://sa.jooble.org/jdp/2162131881786129940,jsearch,1,1
03159cfea8453a9fc9e766617ad735ca,e5a7aaadbf8a503302f409664df61ca2,f0c21a35f5fd8a30ed8aa2627b766ada,318e05aba5a0571d2d69255d7308b0eb,6c2a675559f7caa08b73359ccb75a22d,"Faculty Position in Applied Statistics & Data Science, College of Sciences & Humanities",https://www.higheredjobs.com/faculty/details.cfm?JobCode=179490300,jsearch,1,1
982e5cce5a00b7d46ccb791ae7f9ee5a,ebb202b11dd8f5df6ebac7962ea8f046,1c9c73d943b626d282f1cfce6686fbbf,cb917c6b8f21aa05bd123b6b3ddb9d39,6c2a675559f7caa08b73359ccb75a22d,"Senior Analyst, FP&A",https://www.naukrigulf.com/senior-analyst-fp-a-jobs-in-jeddah-saudi-arabia-in-modern-mills-company-4-to-6-years-n-cd-40005821-jid-080926500373,jsearch,1,1
8f4198cfebbe115756cd106a050ad886,b6919c2875b3b8af8c470af3c929e9f1,f0c21a35f5fd8a30ed8aa2627b766ada,318e05aba5a0571d2d69255d7308b0eb,6c2a675559f7caa08b73359ccb75a22d,Consultant Clinical Laboratory Scientist,https://www.getsaudijobs.com/jobs/view/consultant-clinical-laboratory-scientist,jsearch,1,1
f82d4f7d642490209a2969882ee29d57,09553c0e4094b8198749b7d202be64ac,1c9c73d943b626d282f1cfce6686fbbf,31e833930843cd0564e063ad6d8f31a5,dcf52c9819dbea4ed680c1f89dccd1f8,Senior DevOps Engineer: Platform Reliability & Automation,https://www.jobleads.com/sa/job/senior-devops-engineer-platform-reliability-automation--riyadh--eafa711d12ef3c4f6cdf24f98fcdd5c3f,jsearch,1,1
67d3f6e248c8f477b0768f03aa987972,26cb7b9bbd03314082aace9b701d852d,1c9c73d943b626d282f1cfce6686fbbf,a74683d6d303bc41f6726bd8c6f681b5,dcf52c9819dbea4ed680c1f89dccd1f8,Microsoft Dynamics 365 CRM DevOps Engineer,https://www.jobleads.com/sa/job/microsoft-dynamics-365-crm-devops-engineer--riyadh--e29eecd3e163fd8897867f19fcb5d4da6,jsearch,1,1
3cdf1b987d44a6f4bc76794c492bdc51,52a4d4123a4220cea1a4a3e35d35052c,f713c14731e8318994a7731b6fe5f413,33592aca294d19473e45d745e5716a19,dcf52c9819dbea4ed680c1f89dccd1f8,مطلوب Pneudraulics Systems Technician في BAE Systems Saudi Arabia الظهران - الراتب ريال null شهرياً,https://sabbar.com/ar/jobs/c-%D8%A7%D9%84%D8%B8%D9%87%D8%B1%D8%A7%D9%86-r-pneudraulics-systems-technician/id-448db026-97be-4b17-96f6-d1a19d3fd7cc,jsearch,1,1
d3c638017502eddd9bf272c4714e9b2d,ad0a53742ab06a3f4ad3b854b15a1b3c,1c9c73d943b626d282f1cfce6686fbbf,0eacea33ffb217a026117e87966304ec,dcf52c9819dbea4ed680c1f89dccd1f8,Senior C4I Systems Engineer — Onsite,https://www.jobleads.com/sa/job/senior-c4i-systems-engineer-onsite-saudi-arabia--saudi-arabia--e8c9d934631787c0f4847220202006067,jsearch,1,1
02488391ca78712ed7b1b72f34d01813,3add7d8ded4e6e488d623fbcae7a9f8b,1c9c73d943b626d282f1cfce6686fbbf,d6671ff37a9c08b76f2dd0fa70e46282,dcf52c9819dbea4ed680c1f89dccd1f8,"Senior Oracle Administrator - Oracle Administration,PostgreSQL,MYSQL, MS SQL",https://www.jobleads.com/sa/job/senior-oracle-administrator-oracle-administration-postgresql-mysql-ms-sql--riyadh--e88a014331d534d59b75c8866a3edd0b9,jsearch,1,1
0230fbe2f863d4cf131dbbcf76ffe79c,fa91a378fc798aaa7e1c9db7bc9e7ff7,354d7fd84f7b8b771fce9e5e1d9d2621,e86d3956d9c8df67f83ca031f8ae081c,dcf52c9819dbea4ed680c1f89dccd1f8,Project Support Engineer Turbine Engineer,https://bebee.com/sa/jobs/project-support-engineer-turbine-engineer-mitsubishi-power-saudi-arabia-dammam-saudi-arabia--hireejob-547894,jsearch,1,1
3859ee5d4f8c361bbcd0b665446430d4,f19bc089bc0786deb395a47fbb62dab9,1c9c73d943b626d282f1cfce6686fbbf,0365542d9b0428dce6dd3fa472392d17,dcf52c9819dbea4ed680c1f89dccd1f8,Graduate Technical Support Engineer - HVAC/R,https://www.jobleads.com/sa/job/graduate-technical-support-engineer-hvac-r-saudi--riyadh--eff4e7c577136245a529e6e5816689ba3,jsearch,1,1
9158cf8033e364064ccd3c77d477e6d8,e8b6c9e391cdb32b33f2fdd888f1e0f8,1c9c73d943b626d282f1cfce6686fbbf,33592aca294d19473e45d745e5716a19,dcf52c9819dbea4ed680c1f89dccd1f8,Application Support Specialist,https://sa.jooble.org/jdp/4128705931445189510,jsearch,1,1
4285e7ac6520615e856bb1bb76dfc5ac,b1e4321eb59deceabce74f247fc27b80,1c9c73d943b626d282f1cfce6686fbbf,0365542d9b0428dce6dd3fa472392d17,a2bd0075ead2d77cc9b4f5c65b14c7ab,Full Stack Developer,https://www.jobleads.com/sa/job/full-stack-developer--eastern-province--e8d9fdae71c9d682269f9be7c3b216abe,jsearch,1,1
9c831e9894fc63ff094cb613b93b8f0d,e104a38ce36bab2e02030ba6ce6be966,4d78c967e7974c46aff38b8de7103047,31e833930843cd0564e063ad6d8f31a5,a2bd0075ead2d77cc9b4f5c65b14c7ab,Remote Senior .NET Full-Stack Engineer - Cloud & APIs,https://sa.jobrapido.com/jobpreview/5112951065280512000,jsearch,1,1
f74a525ac9439908f738a006954a1254,cb8f7ae72c7610ae9c7daccfd68dab07,1c9c73d943b626d282f1cfce6686fbbf,318e05aba5a0571d2d69255d7308b0eb,a2bd0075ead2d77cc9b4f5c65b14c7ab,Data Center Technician - Saudi Arabia - Mecca - On-site,https://www.jobleads.com/sa/job/data-center-technician-saudi-arabia-mecca-on-site--makkah-region--e1849ff92fd874269d932756ead8fbd76,jsearch,1,1
fbbaf6d27984fb18a4d44b6f61d07fa5,33da712640dee3315e8e36df1daa6473,1c9c73d943b626d282f1cfce6686fbbf,33592aca294d19473e45d745e5716a19,ac801ea38d61b8f3e71e0f7d88cbe23a,QA Specialist,https://job-boards.eu.greenhouse.io/alemnafora/jobs/4974299101?utm_source=freehire.me,freehire,1,1
21b56734482bbeb3d33621f0ac31d0b4,ffe5b9149e0addfef594a2fce2ea57b6,f0c21a35f5fd8a30ed8aa2627b766ada,c6f3cdee1f1d7bffbc93424feb6b5588,219e3dfddc927539fcce8ff99b73f012,Lead Information Security Engineer,https://tabby.pinpointhq.com/en/postings/11f47528-b902-4844-b022-2fc173e760f4?utm_source=freehire.me,freehire,1,1
7f43407b84b742f1daf7ebc8511cad3e,ae54e7bb97ccafa7c5b225505688aa35,6d90b93e2e06bed76b003b975aaa26de,318e05aba5a0571d2d69255d7308b0eb,ce4f5baa48cd135ee14b7625e51d9dca,Network Engineer L1/L2 - Enterprise Data Center Specialist,https://en-sa.whatjobs.com/pub_api__cpl__10743228__7118?geoID=18297&utm_campaign=publisher&utm_medium=api&utm_source=freehire.me,freehire,1,1
55d430652ac71ba888ff202b83ca2990,acd290fe9c396feff3d97db0a1891790,f0c21a35f5fd8a30ed8aa2627b766ada,926c7f46c8bc1c0c4d52943de3e83e37,dcf52c9819dbea4ed680c1f89dccd1f8,Junior Network Maintenance Technician,https://www.edarabia.com/junior-network-maintenance-technician-stc-riyadh-saudi-arabia/,jsearch,1,1
df327cb0323c86d63c61361b2a739cec,e97927d7a930992b86d28ecfdb735cd6,1c9c73d943b626d282f1cfce6686fbbf,33592aca294d19473e45d745e5716a19,dcf52c9819dbea4ed680c1f89dccd1f8,Officer - Product Support,https://www.naukrigulf.com/officer-product-support-jobs-in-riyadh-saudi-arabia-in-almosafer-0-to-3-years-n-cd-40001351-jid-070826501068,jsearch,1,1
caaff71ab680068168f021a27cfea096,6753bc25a600dd703206c8da63ec72b0,f0c21a35f5fd8a30ed8aa2627b766ada,63b8678eb2a0462a441f30d3a7d0ea58,a5f78aedefc93c72e18880849bb06461,Intern Data Engineer,https://en-sa.whatjobs.com/pub_api__cpl__10733710__7118?geoID=12&utm_campaign=publisher&utm_medium=api&utm_source=freehire.me,freehire,1,1
3e03f47f9e53eee9052a089f080cf401,4c96c9aaa582646555163130e869d834,f0c21a35f5fd8a30ed8aa2627b766ada,c29b49aa853f995537042f2bd3233a4e,219e3dfddc927539fcce8ff99b73f012,Director of Hardware Engineering,https://en-sa.whatjobs.com/pub_api__cpl__10731711__7118?geoID=12&utm_campaign=publisher&utm_medium=api&utm_source=freehire.me,freehire,1,1
3b85a8ea3677a11bf0c0fa87febd7b26,d860ce5d02cdff5e454731b0ecaf3411,f0c21a35f5fd8a30ed8aa2627b766ada,d0d36c42d78d923b3dafa605a4c9f4f3,ce4f5baa48cd135ee14b7625e51d9dca,Quality Assurance Consultant,https://www.careers-page.com/pharmeng-technology/job/L9WXWR34?utm_source=freehire.me,freehire,1,1
a8455152c643790dee3b3938199c7673,efe54638391ad92f0c7bf09389a41e16,6d90b93e2e06bed76b003b975aaa26de,6dd46c444d5b991c5c8bf6ee6a9ee751,0cdf73ff2b30ed7aa6206fde112bee77,Manager - Data Engineering,https://en-sa.whatjobs.com/pub_api__cpl__10749342__7118?geoID=18992&utm_campaign=publisher&utm_medium=api&utm_source=freehire.me,freehire,1,1
c123e04a4db07c21730ef1698503cd02,0feb54b11116ae3406404306ea4cf03d,4d78c967e7974c46aff38b8de7103047,33592aca294d19473e45d745e5716a19,0cdf73ff2b30ed7aa6206fde112bee77,Project Coordinator,https://parsons.wd5.myworkdayjobs.com/Search/job/SA---Yanbu/Project-Coordinator--Saudi-National-_R185997?utm_source=freehire.me,freehire,1,1
e4fa3d5a7aebced3199f9882573fcc73,d0ee5cef15b4e32ef5c817f2cb6eddd8,f0c21a35f5fd8a30ed8aa2627b766ada,d6671ff37a9c08b76f2dd0fa70e46282,f9f0b181b93f616e1b2fd13a7eb68819,Senior Project Manager,https://emit.fa.ca3.oraclecloud.com/hcmUI/CandidateExperience/en/sites/jobsearch/job/95417?utm_source=freehire.me,freehire,1,1
b1c295d1afbb67289e3ab5faea5e2c34,54b2f32a6d981feca16462d0a8437461,1c9c73d943b626d282f1cfce6686fbbf,cb917c6b8f21aa05bd123b6b3ddb9d39,0cdf73ff2b30ed7aa6206fde112bee77,Senior MES Engineer: Real-Time Manufacturing Data & SAP,https://en-sa.whatjobs.com/pub_api__cpl__10747752__7118?utm_campaign=publisher&utm_medium=api&utm_source=freehire.me,freehire,1,1
848e84c980c84c5b389c5b8188452597,2af434c8c05fc4b4c64e26d815b621f9,354d7fd84f7b8b771fce9e5e1d9d2621,8f55ffa788f0fa4c7b39e1382e97ccbc,4422f3776893cba6d18e8f258c63716f,Product Manager,https://jobs.ashbyhq.com/takein/3c2d99bc-ba8c-46a6-81a5-c1380b9e78b0?utm_source=freehire.me,freehire,1,1
1d4d9b208d403adb9f42e7f0184534ca,2588ef89b5e2f91411ffe7a96f9eea23,f0c21a35f5fd8a30ed8aa2627b766ada,318e05aba5a0571d2d69255d7308b0eb,0cdf73ff2b30ed7aa6206fde112bee77,Data Center Plumbing & Fire Systems Engineer,https://en-sa.whatjobs.com/pub_api__cpl__10744652__7118?geoID=12&utm_campaign=publisher&utm_medium=api&utm_source=freehire.me,freehire,1,1
f5705b2e3159cd8f49bbdd421051bd58,00ab1ab29cd66ecea572f745f93009bd,1c9c73d943b626d282f1cfce6686fbbf,cb917c6b8f21aa05bd123b6b3ddb9d39,08df6d4ff68729b9d2b5d2d186f39eca,Senior Data Engineer,https://en-sa.whatjobs.com/pub_api__cpl__10688327__7118?utm_campaign=publisher&utm_medium=api&utm_source=freehire.me,freehire,1,1
4f2e1077b6a4103d0479c7d544746342,37d8bd72c4e69744cedd7f11ca2da987,f0c21a35f5fd8a30ed8aa2627b766ada,a74683d6d303bc41f6726bd8c6f681b5,6167ab9390137272046d62240db4ee61,DevOps Engineer,https://jobs.smartrecruiters.com/Devoteam/744000146341189-devops-engineer?utm_source=freehire.me,freehire,1,1
11571ee7c0f24447b6598df903e2ff0e,de8bebaaa46375d07b084b3209bfe8be,f0c21a35f5fd8a30ed8aa2627b766ada,9271781a32ce297cc26f9c3ae484921f,dcf52c9819dbea4ed680c1f89dccd1f8,Cybersecurity GRC Manager,https://job-boards.greenhouse.io/hala/jobs/5406613008?utm_source=freehire.me,freehire,1,1
57c692d6db3dd3544a8c8b288f42b460,df49dec043289ced0cb702bffb0500d1,f0c21a35f5fd8a30ed8aa2627b766ada,0eacea33ffb217a026117e87966304ec,6c2a675559f7caa08b73359ccb75a22d,Senior Simulator Software Engineer,https://cae.wd3.myworkdayjobs.com/career/job/Riyadh/Senior-Simulator-Software-Engineer--C-C---_123562?utm_source=freehire.me,freehire,1,1
c21542c4bf8e00e85138241108688acd,10bb9084b86bb0215a2900f26c066823,1c9c73d943b626d282f1cfce6686fbbf,2f5f613f428077e0cf00a584c89878d8,f14cc5cdce0420f4a5a6b6d9d7b85f39,Manager - IT Strategy and Planning,https://saudi.tanqeeb.com/jobs-in-saudi/all/jobs/021043075.html,tanqeeb,1,1
9eb3584fcda3a417f6aafef62fcd4d67,eef5c447c38260c654f5941ec1ae5538,6d90b93e2e06bed76b003b975aaa26de,2f5f613f428077e0cf00a584c89878d8,f14cc5cdce0420f4a5a6b6d9d7b85f39,Director of Information Technology,https://saudi.tanqeeb.com/jobs-in-saudi/all/jobs/021015088.html,tanqeeb,1,1
20b6773b954da637ac7d69c9f7b7ec11,6565dfa42e2b6e60f37b6921c8014bee,6d90b93e2e06bed76b003b975aaa26de,35ebd12571bc2e1ace57ae4560cd7bb7,c95e161f9301c10bd721f8a973c94db0,Head of Information Technology Operations,https://saudi.tanqeeb.com/jobs-in-saudi/all/jobs/021172908.html,tanqeeb,1,1
55dbd183d3374abf801a85b15c9403be,21fd8cd03386f542634dc2faff52bdb5,1c9c73d943b626d282f1cfce6686fbbf,33592aca294d19473e45d745e5716a19,d8540df3cf540dbcb561d4625cd7abb9,IT Head,https://saudi.tanqeeb.com/jobs-in-saudi/all/jobs/021176381.html,tanqeeb,1,1
84f0eb060f15f834f3340e64aa3b96f4,2bf8b1b35ee452d6eac30c2680cc1121,6d90b93e2e06bed76b003b975aaa26de,8f55ffa788f0fa4c7b39e1382e97ccbc,f14cc5cdce0420f4a5a6b6d9d7b85f39,Information Technology Project Manager,https://saudi.tanqeeb.com/jobs-in-saudi/all/jobs/021089383.html,tanqeeb,1,1
9f75fb10771323f0e6beada6482f44b8,7f539120be1dd3a38138a8a66cb036d2,1c9c73d943b626d282f1cfce6686fbbf,87b1933db1b3bc75ac2bd7e51147e919,1ef8da68987297e36abfe7b79e48ca2f,Software Engineer,,tapneo,1,1
8d48596323e8564ecc172f29b7fcd20b,f033237bac690685dec4ac2e1cbc33bc,1c9c73d943b626d282f1cfce6686fbbf,fea7f34b128c62e570fb0b6441c0dc52,fb96360051d2006756d23bea87597579,Security Engineer,,tapneo,1,1
161257c3ed3a65c5c05506d5994a3c59,22ff21a2cabfb3cf4993ace6969733be,1c9c73d943b626d282f1cfce6686fbbf,3643430fa0396fad0d0d4cec65ff80cb,51d990247521645cad78960e814293ac,Full Stack Engineer,,tapneo,1,1
cb3b5f0e22698dc9fbbc6b0e0f9cd46c,7a0a79601f7c4f4d3ee064a1135fa746,1c9c73d943b626d282f1cfce6686fbbf,e86d3956d9c8df67f83ca031f8ae081c,6c2a675559f7caa08b73359ccb75a22d,C++ Developer - Remote,https://sa.linkedin.com/jobs/view/c%2B%2B-developer-remote-at-yo-it-consulting-4431570017,jsearch,1,1
25851d3519ce1fdd5cd0349104972489,14e1448c1f3a1a01efef4e525d806317,354d7fd84f7b8b771fce9e5e1d9d2621,0365542d9b0428dce6dd3fa472392d17,6c2a675559f7caa08b73359ccb75a22d,Business Software Developer,https://bebee.com/sa/jobs/business-software-developer-shashikamal-enterprise-it-dammam--t7xk-767932957,jsearch,1,1
98062f518f7eca31fb0ba9b1ddf02e9a,8b982f97f5a04721a9cc29b3d7072a9c,1c9c73d943b626d282f1cfce6686fbbf,0eacea33ffb217a026117e87966304ec,6c2a675559f7caa08b73359ccb75a22d,Senior Frontend Engineer - Responsive Web Apps with APIs,https://www.jobleads.com/sa/job/senior-frontend-engineer-responsive-web-apps-with-apis--riyadh--e5fbfcf31156d7fbe7c55aefd257854ce,jsearch,1,1
07d13b3a6e0df53e8c003e5e89c217a8,622028a014f4fb975e9cb9e71154869d,1c9c73d943b626d282f1cfce6686fbbf,318e05aba5a0571d2d69255d7308b0eb,6c2a675559f7caa08b73359ccb75a22d,Remote Database Administrator - OCI & SQL Server Expert,https://www.jobleads.com/sa/job/remote-database-administrator-oci-sql-server-expert--riyadh--edc18aae7db53dbb883a91c1ac00b3c1e,jsearch,1,1
7e4a57d73634142e02a00d9cb6418c53,3e6912d9edf078375c9e015fb05851d4,f0c21a35f5fd8a30ed8aa2627b766ada,0365542d9b0428dce6dd3fa472392d17,6c2a675559f7caa08b73359ccb75a22d,Full-stack Developer,https://www.getsaudijobs.com/jobs/view/full-stack-developer-48,jsearch,1,1
657c7ffc11b4923adf388f36ad8855c5,41d073b447033e4bb4dd632f93aeeb75,1c9c73d943b626d282f1cfce6686fbbf,318e05aba5a0571d2d69255d7308b0eb,6c2a675559f7caa08b73359ccb75a22d,Human Capital Information System Analyst,https://www.naukrigulf.com/human-capital-information-system-analyst-jobs-in-dammam-khobar-eastern-province-saudi-arabia-in-saudi-cement-1-to-5-years-n-cd-40005835-jid-150926500895,jsearch,1,1
1b669e66a8c66e8c6325c7be21b8898e,19d5b21ad8d5d6b059924e33ce01a219,1c9c73d943b626d282f1cfce6686fbbf,cb917c6b8f21aa05bd123b6b3ddb9d39,6c2a675559f7caa08b73359ccb75a22d,"Principal Specialist, International R&D Scientist",https://www.naukrigulf.com/principal-specialist-international-r-d-scientist-jobs-in-saudi-arabia-in-ma-aden-aluminium-company-10-to-15-years-n-cd-10002084-jid-280726500997,jsearch,1,1
7be512e0e5fc4ed707f1569bc3d8fd0c,67d8b144555782b43affaba6c255fb2b,1c9c73d943b626d282f1cfce6686fbbf,33592aca294d19473e45d745e5716a19,dcf52c9819dbea4ed680c1f89dccd1f8,Hotel IT Support & Systems Specialist,https://www.jobleads.com/sa/job/hotel-it-support-systems-specialist--saudi-arabia--eea18c361d779c0fb006567e2e911626a,jsearch,1,1
a1100ef7463aec9178a473b1e74e3c95,ac0361c08b9a41937ce8ff1e65f6aab0,f0c21a35f5fd8a30ed8aa2627b766ada,e86d3956d9c8df67f83ca031f8ae081c,a2bd0075ead2d77cc9b4f5c65b14c7ab,SAP Integration & Full Stack Developer,https://sa.jobrapido.com/jobpreview/1996647761671356416,jsearch,1,1
6907bf41b17e2685f10d8057881363b5,f3f042b47bcf4f12d4887455f4785364,1c9c73d943b626d282f1cfce6686fbbf,0eacea33ffb217a026117e87966304ec,a2bd0075ead2d77cc9b4f5c65b14c7ab,Senior Backend Engineer: Build Scalable Java Microservices,https://www.jobleads.com/sa/job/senior-backend-engineer-build-scalable-java-microservices--riyadh--e0d91c392e84b526074fd80b8e55f5477,jsearch,1,1
8356209be82e4971f7ad49653d57b964,e1a8a5ae19ad056f286419b143e348c2,1c9c73d943b626d282f1cfce6686fbbf,ba14683fd133aedb627983c7a5b14b68,dcf52c9819dbea4ed680c1f89dccd1f8,"Data & Analytics, Consultant",https://sa.linkedin.com/jobs/view/data-analytics-consultant-at-master-works-4466769819,jsearch,1,1
e6f07a77d337eb7323111e29be2d4675,372370615a8eb672125b76b5ee9fd7a3,6db44a193ea9e0d3b4a02c30b01e8288,4bc88fd2b8bb9462fdadfdaabe442cc9,dcf52c9819dbea4ed680c1f89dccd1f8,Senior Asset Suppression Specialist,https://jobsearch.baesystems.com/job/senior-asset-suppression-specialist-00138452,jsearch,1,1
9284ddb05b4fdafb41a06a32d4100506,ccd9fe2e56b54d63deda11bfa8330400,354d7fd84f7b8b771fce9e5e1d9d2621,0365542d9b0428dce6dd3fa472392d17,219e3dfddc927539fcce8ff99b73f012,Embedded Firmware Engineer,https://en-sa.whatjobs.com/pub_api__cpl__10729957__7118?geoID=17353&utm_campaign=publisher&utm_medium=api&utm_source=freehire.me,freehire,1,1
7063aed28721ffbbbf2455c8bba73536,ccd9fe2e56b54d63deda11bfa8330400,354d7fd84f7b8b771fce9e5e1d9d2621,0365542d9b0428dce6dd3fa472392d17,219e3dfddc927539fcce8ff99b73f012,ROS/ROS2 Robotics Software Engineer — On-site in Saudi Arabia,https://en-sa.whatjobs.com/pub_api__cpl__10731692__7118?geoID=17353&utm_campaign=publisher&utm_medium=api&utm_source=freehire.me,freehire,1,1
fbd4fadb8caa53115593de13b87ac0fd,c28a2f6beb63458489a4dd6d856627ad,1c9c73d943b626d282f1cfce6686fbbf,0eacea33ffb217a026117e87966304ec,219e3dfddc927539fcce8ff99b73f012,Middle to Senior Python Developer,https://en-sa.whatjobs.com/pub_api__cpl__10729884__7118?utm_campaign=publisher&utm_medium=api&utm_source=freehire.me,freehire,1,1
dbdbcbdcdf773c57cdc2a56d558fc4d3,1f25b8a9986a2e7a04ee9538c462e578,f0c21a35f5fd8a30ed8aa2627b766ada,8f55ffa788f0fa4c7b39e1382e97ccbc,f9f0b181b93f616e1b2fd13a7eb68819,Business Development Manager - Incident Response,https://edel.fa.us2.oraclecloud.com/hcmUI/CandidateExperience/en/sites/CX_2001/job/23748?utm_source=freehire.me,freehire,1,1
d9cc77703342c1b9f1915954a912987b,f3f042b47bcf4f12d4887455f4785364,f0c21a35f5fd8a30ed8aa2627b766ada,d41d64aea672e5e433912506128a1864,f9f0b181b93f616e1b2fd13a7eb68819,Project Manager - Data Projects,https://apply.workable.com/j/36F868704C?utm_source=freehire.me,freehire,1,1
7df2bafdd848d9d73c77459449f28bd8,6b6bfded76fbfcfa1152b0c6e18a5a02,f0c21a35f5fd8a30ed8aa2627b766ada,318e05aba5a0571d2d69255d7308b0eb,ce4f5baa48cd135ee14b7625e51d9dca,Industrial Data Engineer: AI & Refinery Analytics,https://en-sa.whatjobs.com/pub_api__cpl__10743666__7118?geoID=12&utm_campaign=publisher&utm_medium=api&utm_source=freehire.me,freehire,1,1
d1597dde235f70fbffd43a11b862e1c9,ffe5b9149e0addfef594a2fce2ea57b6,f0c21a35f5fd8a30ed8aa2627b766ada,ea3f77490244fab8a097e8c159eca807,219e3dfddc927539fcce8ff99b73f012,Product & Design Intern,https://tabby.pinpointhq.com/en/postings/ed3fd640-2960-4a4c-b078-8751fa0df872?utm_source=freehire.me,freehire,1,1
fd637e8646efc41df8d33c3e597c81c0,ee70fcfa9cc393646b82c759cf06e43e,f0c21a35f5fd8a30ed8aa2627b766ada,4ac87bb113bcb1db57944374f9e6543c,ce4f5baa48cd135ee14b7625e51d9dca,Lead Experience Designer,https://job-boards.greenhouse.io/thoughtworksreferral/jobs/8200922?utm_source=freehire.me,freehire,1,1
4fce8cae3bc32d084dbf9e8de3fc4627,10bb9084b86bb0215a2900f26c066823,f0c21a35f5fd8a30ed8aa2627b766ada,33592aca294d19473e45d745e5716a19,5bd9356d753f1fd99468ef4b1c1df52b,Project Coordinator,https://apply.workable.com/j/2049B67AF1?utm_source=freehire.me,freehire,1,1
3b8c4b02e5d5315617965c9a3ae5cb4d,c04d39b83e0c3ccdd69472ae76cdfafb,6d90b93e2e06bed76b003b975aaa26de,87b1933db1b3bc75ac2bd7e51147e919,76a7a00bc1008ca4036103662dcbd297,Software Engineer,https://s3-ksa.zohorecruit.com/jobs/Careers/753779000003290005?utm_source=freehire.me,freehire,1,1
0162909bb17771f3946ee690df31bf3a,126a55f126846041d33f3f8778b01284,f0c21a35f5fd8a30ed8aa2627b766ada,a74683d6d303bc41f6726bd8c6f681b5,76a7a00bc1008ca4036103662dcbd297,Kubernetes & Storage DevOps Engineer,https://en-sa.whatjobs.com/pub_api__cpl__10728970__7118?geoID=12&utm_campaign=publisher&utm_medium=api&utm_source=freehire.me,freehire,1,1
0e1dd4db84ed26a55bba2a294460646d,ffe5b9149e0addfef594a2fce2ea57b6,f0c21a35f5fd8a30ed8aa2627b766ada,9b6c93e1ec1fb48e7afaff0d7d32446c,76a7a00bc1008ca4036103662dcbd297,Information Security Specialist,https://tabby.pinpointhq.com/en/postings/a88aaefb-6478-48e6-be57-5694ec01a059?utm_source=freehire.me,freehire,1,1
21e221ba840d86f566d5ce2f93812041,0d7fd51250c5b1880f49c9c3b82a03ec,f0c21a35f5fd8a30ed8aa2627b766ada,8f55ffa788f0fa4c7b39e1382e97ccbc,76a7a00bc1008ca4036103662dcbd297,"QA/QC Manager – Onsite, KSA",https://job-boards.greenhouse.io/decimainternational/jobs/4707249006?utm_source=freehire.me,freehire,1,1
14c8a0ab6c09833f80fa023acde1dda0,0d7fd51250c5b1880f49c9c3b82a03ec,f0c21a35f5fd8a30ed8aa2627b766ada,0365542d9b0428dce6dd3fa472392d17,76a7a00bc1008ca4036103662dcbd297,QA/QC Engineer,https://job-boards.greenhouse.io/decimainternational/jobs/4709458006?utm_source=freehire.me,freehire,1,1
35a3a9be25db3bc96adc40e1262cd700,e591c8487c46d9921a4c326bf7663166,f713c14731e8318994a7731b6fe5f413,36342576b66b21f59333da16ca84323f,0cdf73ff2b30ed7aa6206fde112bee77,Project Manager,https://hdjq.fa.us2.oraclecloud.com/hcmUI/CandidateExperience/en/sites/CX_1/job/26010186?utm_source=freehire.me,freehire,1,1
a90202eb37bd2e98cd90fa0f29758469,bfe5ca48d5d7916eaa869972cfcfd761,f0c21a35f5fd8a30ed8aa2627b766ada,0365542d9b0428dce6dd3fa472392d17,0cdf73ff2b30ed7aa6206fde112bee77,Quality Assurance Engineer,https://apply.workable.com/j/729615A43F?utm_source=freehire.me,freehire,1,1
e20eeb33c88ea918c161d8389dcafb12,ffe5b9149e0addfef594a2fce2ea57b6,f0c21a35f5fd8a30ed8aa2627b766ada,6292dd31ed918f0cf6f8bb0ab26d6181,6c2a675559f7caa08b73359ccb75a22d,Information Security Engineer,https://tabby.pinpointhq.com/en/postings/4bd77361-7dde-4464-baaf-7afe03865027?utm_source=freehire.me,freehire,1,1
59fd9aeaf1f3f1333f2a72c36dfc9d2a,b126ab206df4b862f90f3d94ec7aa9e3,f0c21a35f5fd8a30ed8aa2627b766ada,33592aca294d19473e45d745e5716a19,08df6d4ff68729b9d2b5d2d186f39eca,CNC Milling Machinist,https://en-sa.whatjobs.com/pub_api__cpl__10704245__7118?geoID=12&utm_campaign=publisher&utm_medium=api&utm_source=freehire.me,freehire,1,1
e2e84752f4573bf3dba572ac7bf55c7a,2429fda017a193faa70d67ea0f595ec8,e3d84c82507d974ff8564a5dae31e755,7349f29455f1a7a61557d09f297b9c61,08df6d4ff68729b9d2b5d2d186f39eca,Project Manager,https://apply.workable.com/j/8660A11172?utm_source=freehire.me,freehire,1,1
c17b49693bb85bbb675c24dc4f81deeb,10bb9084b86bb0215a2900f26c066823,f0c21a35f5fd8a30ed8aa2627b766ada,fca857a72dbfa89a848ef885da79ab2f,08df6d4ff68729b9d2b5d2d186f39eca,Director - Design Project Management,https://apply.workable.com/j/234FE45FC7?utm_source=freehire.me,freehire,1,1
c8459f0bfa7fb057d8826fb7b4cdf177,f3f042b47bcf4f12d4887455f4785364,f0c21a35f5fd8a30ed8aa2627b766ada,0365542d9b0428dce6dd3fa472392d17,08df6d4ff68729b9d2b5d2d186f39eca,Expert Integration Engineer,https://apply.workable.com/j/E14BDC455F?utm_source=freehire.me,freehire,1,1
e2487628fa245e9e158f2bf1d7023304,015aed37da678db7864e54f6791404de,354d7fd84f7b8b771fce9e5e1d9d2621,33592aca294d19473e45d745e5716a19,82347fe834cbdd54ae50f6e790b97296,IT SUPPORT OFFICER,https://iaeegs.fa.ocs.oraclecloud.com/hcmUI/CandidateExperience/en/sites/jobsearch/job/1598?utm_source=freehire.me,freehire,1,1
d92704783813fdb3f3050b21da73a163,1cf594a8bf21bf5acf32dffbf0ef3e46,f0c21a35f5fd8a30ed8aa2627b766ada,d6671ff37a9c08b76f2dd0fa70e46282,d557a99c5a2c130956021cd4e1bdd18f,Quality Assurance Senior Rep,https://cigna.wd5.myworkdayjobs.com/cignacareers/job/Riyadh-Saudi-Arabia/Quality-Assurance-Senior-Rep_26010141-1?utm_source=freehire.me,freehire,1,1
2d12e5d6b326cf5de1d160c96a594473,0645f775abc48eec7321083171646afb,1c9c73d943b626d282f1cfce6686fbbf,33592aca294d19473e45d745e5716a19,dcf52c9819dbea4ed680c1f89dccd1f8,Sr. PostgreSQL DBA,https://bebee.com/sa/jobs/sr-postgresql-dba-jobgether--ss-sa-tce0uz,jsearch,1,1
7c51638c57fdccc22bb7fd841270acd6,e7a32095be1f9eae17dd3f3362b39689,f0c21a35f5fd8a30ed8aa2627b766ada,36342576b66b21f59333da16ca84323f,76a7a00bc1008ca4036103662dcbd297,[KSA] Project Manager,https://jobs.smartrecruiters.com/Sia/744000148482829--ksa-project-manager-full-time-contractor-basis-?utm_source=freehire.me,freehire,1,1
34df7fa0e5aba6f0f2221bbb00e0532b,c16778fdeb7ee6e0df57dd9bbe8e9f72,1c9c73d943b626d282f1cfce6686fbbf,33592aca294d19473e45d745e5716a19,0cdf73ff2b30ed7aa6206fde112bee77,Programmer,https://en-sa.whatjobs.com/pub_api__cpl__10749075__7118?utm_campaign=publisher&utm_medium=api&utm_source=freehire.me,freehire,1,1
3b533eec01a3eb42ebde47f99cd48ead,838e000e87fadf6923cdc47195378dab,1c9c73d943b626d282f1cfce6686fbbf,31e833930843cd0564e063ad6d8f31a5,f9f0b181b93f616e1b2fd13a7eb68819,"Senior DevOps Engineer - Go/Python, Cloud & GitOps Lead",https://en-sa.whatjobs.com/pub_api__cpl__10746443__7118?utm_campaign=publisher&utm_medium=api&utm_source=freehire.me,freehire,1,1
830a799b75644c8db13147bebd3a650a,4398db58572bcf8df5e5ed2548e0214a,f0c21a35f5fd8a30ed8aa2627b766ada,31e833930843cd0564e063ad6d8f31a5,81795545610c5eaa7922dbdf3e64516e,Senior DevOps Engineer - APAC,https://en-sa.whatjobs.com/pub_api__cpl__10681970__7118?utm_campaign=publisher&utm_medium=api&utm_source=freehire.me,freehire,1,1
a7b8f6398bef252e18f47fc82f4a12a5,a74c5282f1a50622192e176216aa8fc7,f0c21a35f5fd8a30ed8aa2627b766ada,318e05aba5a0571d2d69255d7308b0eb,ac801ea38d61b8f3e71e0f7d88cbe23a,Finance Systems Analyst,https://jobs.alfanar.com/alfanar/job/Riyadh-Finance-Systems-Analyst/1437397833/?utm_source=freehire.me,freehire,1,1
6369ecebb1047f7614913b2adbb8ded0,ab66bb0c0e80fcbadaec32642c3e1e6f,f0c21a35f5fd8a30ed8aa2627b766ada,8f55ffa788f0fa4c7b39e1382e97ccbc,cc84a9cd4e85ac79309601f98124b0a8,Project Manager - Agriculture and Palm,https://tradesapp.teamtailor.com/jobs/8399538-project-manager-agriculture-and-palm?utm_source=freehire.me,freehire,1,1
a806e7c2fe610dd411e258c7801e4cbd,0645f775abc48eec7321083171646afb,1c9c73d943b626d282f1cfce6686fbbf,33592aca294d19473e45d745e5716a19,76a7a00bc1008ca4036103662dcbd297,Greek Sports Localization Specialist,https://jobs.lever.co/jobgether/052d959d-7c9a-42bc-ae69-76c33cfc2128?utm_source=freehire.me,freehire,1,1
82a5d802f05b472afb426dcb8d7a266e,cf460fcc80627a55772dc9c37f3bafce,f0c21a35f5fd8a30ed8aa2627b766ada,4ae3da5ed67df20569811bda7edda3f4,cc84a9cd4e85ac79309601f98124b0a8,CX / Service Designer,https://apply.workable.com/j/8E0DA1BD24?utm_source=freehire.me,freehire,1,1
a6833600cf9cbe371e8d39f5909c7e20,2386f97b9f1025834f32fabca68f73ad,6d90b93e2e06bed76b003b975aaa26de,36342576b66b21f59333da16ca84323f,f14cc5cdce0420f4a5a6b6d9d7b85f39,Information Technology Manager,https://saudi.tanqeeb.com/jobs-in-saudi/all/jobs/021009286.html,tanqeeb,1,1
3a7bd4446d4d397079cf1446fad7f096,c619c8f3f3a67aa97c0f7a5f3f58cb75,1c9c73d943b626d282f1cfce6686fbbf,31e833930843cd0564e063ad6d8f31a5,82347fe834cbdd54ae50f6e790b97296,Passive ICT Infrastructure Lead Airport Project,https://saudi.tanqeeb.com/jobs-in-saudi/all/jobs/021192993.html,tanqeeb,1,1
2565e6a2597df2239e56cc2fd6b61ee2,eef5c447c38260c654f5941ec1ae5538,6d90b93e2e06bed76b003b975aaa26de,2f5f613f428077e0cf00a584c89878d8,f14cc5cdce0420f4a5a6b6d9d7b85f39,Information Technology Manager,https://saudi.tanqeeb.com/jobs-in-saudi/all/jobs/021026846.html,tanqeeb,1,1
7089987888e556bfc48614e75fa2ea02,eef5c447c38260c654f5941ec1ae5538,6d90b93e2e06bed76b003b975aaa26de,3850a1fca59648355a11c1b4602ae68c,f14cc5cdce0420f4a5a6b6d9d7b85f39,Director Information Technology Security,https://saudi.tanqeeb.com/jobs-in-saudi/all/jobs/021123824.html,tanqeeb,1,1
1d8952eb8970cd30c35749433b5fdddc,5df274b9cd7acd7642719b7c03208f3a,6d90b93e2e06bed76b003b975aaa26de,36342576b66b21f59333da16ca84323f,82347fe834cbdd54ae50f6e790b97296,IT Solutions Director,https://saudi.tanqeeb.com/jobs-in-saudi/all/jobs/021193321.html,tanqeeb,1,1
8754d52db2e81a1962edca8370f053de,f033237bac690685dec4ac2e1cbc33bc,1c9c73d943b626d282f1cfce6686fbbf,87b1933db1b3bc75ac2bd7e51147e919,ff5656f3058d98f09dbd17e7967b72e7,Business Intelligence Engineer,,tapneo,1,1
e29782ffe8712b6f218a69f8c2fddebd,564d74cdef4d8366810e0adf4efdc355,1c9c73d943b626d282f1cfce6686fbbf,4bc5bf1ab11783c31e022304f12500bd,942f00ccfa703e111a5b2b24c357758d,Aws Infrastructure Services,,tapneo,1,1
cff36ffb7f1720ffb07cfd7c2d2d94cf,c2e70fbae5f95506396162dab6617978,1c9c73d943b626d282f1cfce6686fbbf,87b1933db1b3bc75ac2bd7e51147e919,d7914467c9185ba5be42e108c00a83f9,Software Engineer,,tapneo,1,1
97c758b80ed34fbb7d443ed81d09975e,efe54638391ad92f0c7bf09389a41e16,1c9c73d943b626d282f1cfce6686fbbf,0fef93c3b93fe307b2b61b8dd7ef34e0,7867c816a4782ac6cdccc729c7ddf6c1,Data Engineer,,tapneo,1,1
0e2010390e0db740affb6b70023078df,4ec0e0a3c72b564208eb238b903a954e,1c9c73d943b626d282f1cfce6686fbbf,cb917c6b8f21aa05bd123b6b3ddb9d39,b6ac0d4942dd01963c118e089639b4f6,Senior Data Engineer,,tapneo,1,1
a3acdac2dcc3f375e6e6e6ac62742cb9,03b78e125adc5612c0c9d5d96700bd4c,1c9c73d943b626d282f1cfce6686fbbf,a2a7a118ec3036466fdf100b7d8fd573,ab1ff4eb93b72eb75f2afa2418d486d0,Senior Data Engineer,,tapneo,1,1
b7e8cef7664e9fc000f2bcf1a5882a59,a89026a9a648838a2288a8215c600980,1c9c73d943b626d282f1cfce6686fbbf,568b1c176a75e61ab92fc599fb7cf6a7,b853c3142b031e496054880e3912aa1b,Junior Engineer,,tapneo,1,1
622bf6c3d0173de44e32bc90cc56317e,4fe946f4332c9f7dcae2ba3bc7101cae,1c9c73d943b626d282f1cfce6686fbbf,a38de38b42b1fccfd1ee4011ca6442d3,b6407620336ab48e16e1aff862e033b9,Business Analyst,,tapneo,1,1
3c4fd600e446bfcf7e89715e7596bd14,24d54f862ca9730d0ecb476c32d397d4,1c9c73d943b626d282f1cfce6686fbbf,0fef93c3b93fe307b2b61b8dd7ef34e0,7867c816a4782ac6cdccc729c7ddf6c1,Data Engineer,,tapneo,1,1
a741f34ac9511c6ee2b02aba9f7cf28d,d8ab4677afa03ddb9c6013d58d32da7d,1c9c73d943b626d282f1cfce6686fbbf,0365542d9b0428dce6dd3fa472392d17,ab1ff4eb93b72eb75f2afa2418d486d0,Sales Engineer,,tapneo,1,1
b1425e8d5566f237e23d75c5ec5d7484,a5734424887783d782c4136b7aff71c5,1c9c73d943b626d282f1cfce6686fbbf,318e05aba5a0571d2d69255d7308b0eb,7867c816a4782ac6cdccc729c7ddf6c1,Data Scientist,,tapneo,1,1
0a13a98d510d7ca5570e66f63e40b31b,3e6912d9edf078375c9e015fb05851d4,1c9c73d943b626d282f1cfce6686fbbf,0eacea33ffb217a026117e87966304ec,a2bd0075ead2d77cc9b4f5c65b14c7ab,Senior Frontend Engineer - Remote,https://has.sa/jobs/273,jsearch,1,1
7761acbda719be4a0e9a5a67db6240b8,387457766f37a832da2ab2068fdeb12b,6d90b93e2e06bed76b003b975aaa26de,318e05aba5a0571d2d69255d7308b0eb,219e3dfddc927539fcce8ff99b73f012,Data Analyst Engineer Saudi National,https://en-sa.whatjobs.com/pub_api__cpl__10730814__7118?geoID=18992&utm_campaign=publisher&utm_medium=api&utm_source=freehire.me,freehire,1,1
428f252aa6fd7bf8fbedcfbbc539dd14,864b82643533bc2ed4f91987721da2ac,1c9c73d943b626d282f1cfce6686fbbf,0eacea33ffb217a026117e87966304ec,f9f0b181b93f616e1b2fd13a7eb68819,Senior Network Engineer,https://datamaticstechnologies.applytojob.com/apply/cSOawtdpgV/Senior-Network-Engineer?utm_source=freehire.me,freehire,1,1
3077fbadca6422935ba3232855ffee66,a74c5282f1a50622192e176216aa8fc7,826161723f8719527bfa31fe132a5cad,36342576b66b21f59333da16ca84323f,ac801ea38d61b8f3e71e0f7d88cbe23a,Project Manager,https://jobs.alfanar.com/DAR/job/Mecca-Project-Manager/1437016033/?utm_source=freehire.me,freehire,1,1
5f53c39dc3b1cf1b5296ca440e6e75cd,9279f38c7e57e401ede984746462aab9,1c9c73d943b626d282f1cfce6686fbbf,4c85301ade7733a784893329b083a98f,b853c3142b031e496054880e3912aa1b,Developer Intern,,tapneo,1,1
c59e00537543c04fb3c3e18a827058fd,ffa67c9a12be1b40b84b0d25135122c9,1c9c73d943b626d282f1cfce6686fbbf,87b1933db1b3bc75ac2bd7e51147e919,1a78d3e6cf833fde627a8cc443e0eca6,Sales Engineer,,tapneo,1,1
c4712f4182cf45185b827ecca66200dd,63071bfac87ec07c63de59638818f687,1c9c73d943b626d282f1cfce6686fbbf,0eacea33ffb217a026117e87966304ec,c5a16f96b336202b9e36b69761615616,Senior Backend Engineer - Checkout,https://jooble.org/jdp/-3238804471875703928,jooble,1,1
fd603e740fa884433d58fa51a22b2742,28d9fb272155ddebff94737c3b563c86,1c9c73d943b626d282f1cfce6686fbbf,0365542d9b0428dce6dd3fa472392d17,ac100498b3d3694d524d4b87e1fc7e3c,Software Engineer Remote,https://jooble.org/desc/3527968440994489457,jooble,1,1
ec5b7b2661263da8a3fc11e9a2ae10f1,4db4f4de7caa791072385b51cd52ab2f,1c9c73d943b626d282f1cfce6686fbbf,0365542d9b0428dce6dd3fa472392d17,a5f78aedefc93c72e18880849bb06461,Software Evaluation Engineer,https://jooble.org/jdp/879227776361135001,jooble,1,1
567714eb3a0ee55c3de38ed4a14aa482,c6f211d9b045edc0b6561b32461a7850,1c9c73d943b626d282f1cfce6686fbbf,0365542d9b0428dce6dd3fa472392d17,f9f0b181b93f616e1b2fd13a7eb68819,Software Engineer II,https://jooble.org/jdp/7944490812027676794,jooble,1,1
cc122ed29b84b0ec3df6a374dd3b60d1,4baf0845260b1ca8dc2bf11c11d7d7b8,f713c14731e8318994a7731b6fe5f413,0eacea33ffb217a026117e87966304ec,6c2a675559f7caa08b73359ccb75a22d,"Senior Full-Stack Engineer, Remote — Travel FinTech",https://sa.jooble.org/jdp/-297482207058825208,jsearch,1,1
a132fae403086b5c6d0d2d3469e67be7,feffdf1c1dc634978831e1f7097cea9e,1c9c73d943b626d282f1cfce6686fbbf,0eacea33ffb217a026117e87966304ec,6c2a675559f7caa08b73359ccb75a22d,Senior AI-Driven Full-Stack Engineer for Public Sector,https://www.jobleads.com/sa/job/senior-ai-driven-full-stack-engineer-for-public-sector--riyadh--ed64cba1c315d07fd4cdb2b179556a07e,jsearch,1,1
b614cb067e20f09f26baee144996554d,ecd17ec4bd2662e0e9980d8efaa6c35e,1c9c73d943b626d282f1cfce6686fbbf,0a1fc1c68e97eda6a429ed76efff0f34,a2bd0075ead2d77cc9b4f5c65b14c7ab,Part time Search Analyst Saudi Arabia,https://sa.linkedin.com/jobs/view/part-time-search-analyst-saudi-arabia-work-from-home-at-telus-digital-ai-data-solutions-4458772438,jsearch,1,1
e2636a5beab67acf264daed52185e9bc,09e3e1267295b09b4997a4d08d2b3425,1c9c73d943b626d282f1cfce6686fbbf,cb917c6b8f21aa05bd123b6b3ddb9d39,6c2a675559f7caa08b73359ccb75a22d,Lead Data Scientist,https://www.founditgulf.com/job/lead-data-scientist-fintech-banking-xenon-seven-saudi-arabia-44361835,jsearch,1,1
85afc64a70ae3f74e1712a2d6274c12a,c498835fdb1736295dac403f30ccdcfe,1c9c73d943b626d282f1cfce6686fbbf,0365542d9b0428dce6dd3fa472392d17,ce4f5baa48cd135ee14b7625e51d9dca,"Software Engineer - Huntsville, AL",https://jooble.org/desc/-3956586739974682654,jooble,1,1
7b3e0dce91295dbdc058ffce76bc0a4d,1620f2d12c14253c0b31352e90e4ac3f,1c9c73d943b626d282f1cfce6686fbbf,6292dd31ed918f0cf6f8bb0ab26d6181,dcf52c9819dbea4ed680c1f89dccd1f8,Full-Stack Security and Smart Systems Specialist,https://www.bayt.com/en/saudi-arabia/jobs/%D8%A3%D8%AE%D8%B5%D8%A7%D8%A6%D9%8A-%D8%A3%D9%86%D8%B8%D9%85%D8%A9-%D8%A3%D9%85%D9%86%D9%8A%D8%A9-%D9%88%D8%B0%D9%83%D9%8A%D8%A9-%D9%85%D8%AA%D9%83%D8%A7%D9%85%D9%84-full-stack-5472673/,jsearch,1,1
b530880bc11932abfc5c9c6a27edb7e0,604190941c1eb22b2d720e5af5691165,f0c21a35f5fd8a30ed8aa2627b766ada,d6671ff37a9c08b76f2dd0fa70e46282,6c2a675559f7caa08b73359ccb75a22d,Hands-on full-stack tech lead: strategy & delivery,https://sa.jobrapido.com/jobpreview/6481337034584621056,jsearch,1,1
4a037c29d8d4bf25e08c8a94a499cbc7,cce382c38ce5b091ae65d1fdb812fd46,1c9c73d943b626d282f1cfce6686fbbf,318e05aba5a0571d2d69255d7308b0eb,6c2a675559f7caa08b73359ccb75a22d,Healthcare / Medical Data Analyst,https://www.naukrigulf.com/healthcare-medical-data-analyst-jobs-in-riyadh-saudi-arabia-in-anyworks-in-1-to-5-years-n-cd-20010126-jid-030926500181,jsearch,1,1
e8345de3b797a302cf278fd04f852732,f88934c5e5684ade129eaceb00f2f563,1c9c73d943b626d282f1cfce6686fbbf,d6671ff37a9c08b76f2dd0fa70e46282,6c2a675559f7caa08b73359ccb75a22d,Senior AI & Emerging Tech Advisor for Enterprise,https://www.jobleads.com/sa/job/senior-ai-emerging-tech-advisor-for-enterprise--riyadh--e740e734d48e27911f572777cb83d5a3d,jsearch,1,1
af8dd9fa7ea797e5ea2e3ebd78ac24c5,7a0a79601f7c4f4d3ee064a1135fa746,1c9c73d943b626d282f1cfce6686fbbf,e86d3956d9c8df67f83ca031f8ae081c,6c2a675559f7caa08b73359ccb75a22d,Remote Frontend Engineer: Pixel-Perfect UI & Design Systems,https://www.jobleads.com/sa/job/remote-frontend-engineer-pixel-perfect-ui-design-systems--riyadh--e059a030726183098ed93b5875f07d83b,jsearch,1,1
c1cfc9e663b4689e48a180764ea3d71b,c2e70fbae5f95506396162dab6617978,1c9c73d943b626d282f1cfce6686fbbf,0365542d9b0428dce6dd3fa472392d17,a2bd0075ead2d77cc9b4f5c65b14c7ab,"Web Frontend Engineer - JS, CSS, React, Flutter",https://www.founditgulf.com/job/web-frontend-engineer-js-css-react-flutter-canonical-saudi-arabia-44386112,jsearch,1,1
573efbba02ffb1e66b5cdb9d96ba738a,fc1e0a9b37f195c0f3e871854b328a28,1c9c73d943b626d282f1cfce6686fbbf,0365542d9b0428dce6dd3fa472392d17,a2bd0075ead2d77cc9b4f5c65b14c7ab,Full-Stack Engineer Middleware & Banking Integrations,https://www.founditgulf.com/job/full-stack-engineer-middleware-banking-integrations-coorbiz-saudi-arabia-62561394,jsearch,1,1
508a1875bf14639db59aff6b3a792643,16d51e28d271902448f7b6cdc2b56839,1c9c73d943b626d282f1cfce6686fbbf,9271781a32ce297cc26f9c3ae484921f,6c2a675559f7caa08b73359ccb75a22d,"Manager - Tech Consulting - Cyber Automation, Detection Engineering / AI",https://sa.linkedin.com/jobs/view/manager-tech-consulting-cyber-automation-detection-engineering-ai-riyadh-at-ey-4465244373,jsearch,1,1
db723ffa489b1f49b587fb1d59b53f75,9700cd1274178fc29cdec622d5ba7afc,f0c21a35f5fd8a30ed8aa2627b766ada,0365542d9b0428dce6dd3fa472392d17,6c2a675559f7caa08b73359ccb75a22d,Full Stack Developer,https://bebee.com/sa/jobs/full-stack-developer-react-nodejs-raya-logistic-services--techmap_sa_4439665658,jsearch,1,1
dce4d37cd2cdd72ecc61686f18dd7858,a76b7ff58d35b9ff2e02517a730c4494,1c9c73d943b626d282f1cfce6686fbbf,0365542d9b0428dce6dd3fa472392d17,6c2a675559f7caa08b73359ccb75a22d,Agentic AI Engineer,https://www.naukrigulf.com/agentic-ai-engineer-jobs-in-saudi-arabia-in-webook-1-to-6-years-n-cd-40001839-jid-170726501367,jsearch,1,1
a975f2827cf7d80f81843aca2fb09976,c16778fdeb7ee6e0df57dd9bbe8e9f72,f0c21a35f5fd8a30ed8aa2627b766ada,33592aca294d19473e45d745e5716a19,6c2a675559f7caa08b73359ccb75a22d,IT technical support officers “Saudi National”,https://bebee.com/sa/jobs/it-technical-support-officers-saudi-national-join-solutions-riyadh--ss-sa-1nbpa6b,jsearch,1,1
1d3b16ad8037538f6f5e75d576655311,87bb1d4c3a78870c21c3c07b37cf7935,f0c21a35f5fd8a30ed8aa2627b766ada,cb917c6b8f21aa05bd123b6b3ddb9d39,6c2a675559f7caa08b73359ccb75a22d,"Principal Specialist, Data Modeling & Arch",https://careers.maaden.com/gb/en/job/7709/Principal-Specialist-Data-Modeling-Arch,jsearch,1,1
1d6eca29d9a77b606403440df05bfecd,24beca68331bb2d5d1a57fd4c569c4da,1c9c73d943b626d282f1cfce6686fbbf,318e05aba5a0571d2d69255d7308b0eb,6c2a675559f7caa08b73359ccb75a22d,"Cybersecurity, Threat Intelligence & Fraud Protection Cyber Fraud Analyst",https://www.jobleads.com/sa/job/saudi-arabia-cybersecurity-threat-intelligence-fraud-protection-cyber-fraud-analyst-data-analyst--saudi-arabia--ed07e0b0f91ccf4de9bbd019c039f6aef,jsearch,1,1
83bdb7e6704710f397cab6e145e8fec1,424e41f9942887664b0d9a5e8b8f962f,e3d84c82507d974ff8564a5dae31e755,a74683d6d303bc41f6726bd8c6f681b5,6c2a675559f7caa08b73359ccb75a22d,DevOps Engineer,https://bebee.com/sa/jobs/devops-engineer-epam-systems-al-khobar--bs-sa-8aac99b6-8d39-4549-b7e5-834751a663d5,jsearch,1,1
35698fc30851a37afa30db4bb5f13c38,e95bc9c8271ba017f3ea4181c33e25f3,1c9c73d943b626d282f1cfce6686fbbf,0eacea33ffb217a026117e87966304ec,6c2a675559f7caa08b73359ccb75a22d,Senior Java Backend Developer,https://www.founditgulf.com/job/senior-java-backend-developer-perfectvision-saudi-arabia-62561217,jsearch,1,1
e1838a4e9e6259a34a1ef6350674fad5,3b6e4b0bcaf849406863fb0526edc7ad,1c9c73d943b626d282f1cfce6686fbbf,e6d8a3338b05a44ae2269c9f530156b6,6c2a675559f7caa08b73359ccb75a22d,Senior Full-Stack Web Developer: Vue/React/Angular + Cloud,https://www.jobleads.com/sa/job/senior-full-stack-web-developer-vue-react-angular-cloud--riyadh--ec0596a2a5e8e898d64a6e77dbb667b85,jsearch,1,1
8b4c3e155a90d65def55e77c8b2d9a61,41d073b447033e4bb4dd632f93aeeb75,354d7fd84f7b8b771fce9e5e1d9d2621,318e05aba5a0571d2d69255d7308b0eb,6c2a675559f7caa08b73359ccb75a22d,Human Capital Information System Analyst,https://zerotaxjobs.com/jobs/human-capital-information-system-analyst-6ok7fgc3,jsearch,1,1
cc894373dc4743a81bbdb14f95c71f70,09ad3d4f54798ff70406e77ec7804179,3329b86c95d9218baf35d00c730213fe,318e05aba5a0571d2d69255d7308b0eb,6c2a675559f7caa08b73359ccb75a22d,IT Asset Management Analyst,https://jobs.workable.com/view/9dSGEEwvh2R9vZFMyvJGPW/it-asset-management-analyst-(saudi-arabia)-in-tabuk-at-eram-talent,jsearch,1,1
f52d1cf57c4d55ad09c304c8527a28d9,81e5ff5d37d1ddff1aa1764b3b276cbd,f0c21a35f5fd8a30ed8aa2627b766ada,6292dd31ed918f0cf6f8bb0ab26d6181,6c2a675559f7caa08b73359ccb75a22d,SOC Specialist: Cyber Defense,https://bebee.com/sa/jobs/soc-specialist-cyber-defense-detection-monitoring-es-consulting-riyadh-riyadh--t7xk-815245593,jsearch,1,1
054ffa8345a30757c93479fae4c08d37,d356e96240a5f2c8c35fb2370d03c9e1,1c9c73d943b626d282f1cfce6686fbbf,318e05aba5a0571d2d69255d7308b0eb,6c2a675559f7caa08b73359ccb75a22d,Data Pipeline Engineer: ETL & Big Data in Riyadh,https://www.jobleads.com/sa/job/data-pipeline-engineer-etl-big-data-in-riyadh--riyadh--ed7ed54b00629f5d80b3eac9131f12e6f,jsearch,1,1
cd856d81629aac60593ec2e4093c8d95,d75556872c54fb3999381a0a4f0c3049,1c9c73d943b626d282f1cfce6686fbbf,6292dd31ed918f0cf6f8bb0ab26d6181,6c2a675559f7caa08b73359ccb75a22d,IT & Network Security Engineer,https://sa.linkedin.com/jobs/view/it-network-security-engineer-at-dautom-4455606554,jsearch,1,1
db25c3f9c8cc7d142d4b09975a01ba91,b7632d807a63a5876461b8d4a819d126,1c9c73d943b626d282f1cfce6686fbbf,0eacea33ffb217a026117e87966304ec,6c2a675559f7caa08b73359ccb75a22d,Senior PHP Backend Developer,https://sa.linkedin.com/jobs/view/senior-php-backend-developer-riyadh-ksa-at-filecloud-4455389010,jsearch,1,1
5629d633cca4d5a39e8ca10706a0a975,b10bb7a9a10e04fd3c6bc7d319184f65,1c9c73d943b626d282f1cfce6686fbbf,0eacea33ffb217a026117e87966304ec,6c2a675559f7caa08b73359ccb75a22d,Senior .NET Developer,https://www.gulftalent.com/saudi-arabia/jobs/senior-net-developer-617472,jsearch,1,1
3c6c6980b94dcd5025bc62cc9c900083,a2efe6f84ff726cae938295ba5b788a9,1c9c73d943b626d282f1cfce6686fbbf,0eacea33ffb217a026117e87966304ec,6c2a675559f7caa08b73359ccb75a22d,"Lead Engineer, AI & Machine Learning II",https://sa.jooble.org/jdp/1846821148374028723,jsearch,1,1
1792ccaebd400e85b62d6b4c95a37ae0,aa00af249301516516da715b8ff972b3,1c9c73d943b626d282f1cfce6686fbbf,0365542d9b0428dce6dd3fa472392d17,a2bd0075ead2d77cc9b4f5c65b14c7ab,FrontEnd Engineer - Angular,https://sa.indeed.com/m/viewjob?jk=19753c6e69b5c089&from=serp&tk=1k2lvig1vgbna802&xkcb=SoC_67M2eV3F3rTb5p0DbzkdCdPP,jsearch,1,1
cf141b9856ac3b90dc03aa7b8920b736,9471bb9df4d743362d8e242982143023,1c9c73d943b626d282f1cfce6686fbbf,4c85301ade7733a784893329b083a98f,6c2a675559f7caa08b73359ccb75a22d,Junior Frontend Developer,https://bebee.com/sa/jobs/junior-frontend-developer-arthur-lawrence--hireejob-544383,jsearch,1,1
7b4bbe1407c338c9cb20484aecee7619,d8a38960b3c5fcca2e0b99b93273de18,1c9c73d943b626d282f1cfce6686fbbf,0365542d9b0428dce6dd3fa472392d17,6c2a675559f7caa08b73359ccb75a22d,Full-Stack Engineer,https://namla.sa/en/company/careers/full-stack-engineer/,jsearch,1,1
b0767360e0be196203884ddfcdd5735e,9b0e4ba2dd0401af6114b6292826f0b5,f0c21a35f5fd8a30ed8aa2627b766ada,0eacea33ffb217a026117e87966304ec,a2bd0075ead2d77cc9b4f5c65b14c7ab,Senior Full-stack developer .Net & Angular - Onsite KSA,https://www.jobilize.com/job/sa-riyadh-senior-full-stack-developer-net-angular-onsite-ksa-tamemit,jsearch,1,1
9643531eb0519a04cd25efe9a1f12fdb,f1253ffbc773cc9e350675f8ffb80b37,1c9c73d943b626d282f1cfce6686fbbf,8f55ffa788f0fa4c7b39e1382e97ccbc,6c2a675559f7caa08b73359ccb75a22d,Business Development Director – Energy,"https://www.glassdoor.ca/job-listing/business-development-director-energy-frontend-JV_KO0,36_KE37,45.htm?jl=1010209045522",jsearch,1,1
8bba4502869939f6daa5dd85d93874fe,45e1a7c2b1fa90fc8032fe792a2e5cfb,1c9c73d943b626d282f1cfce6686fbbf,0eacea33ffb217a026117e87966304ec,6c2a675559f7caa08b73359ccb75a22d,Senior Mobile Engineer,https://sa.linkedin.com/jobs/view/senior-mobile-engineer-at-zid-%D8%B2%D8%AF-4457889746?refId=IRhnyrodNzO%2F08ptCyS2mw%3D%3D&trackingId=taowzbT46tgUsDqGz%2BzAOw%3D%3D,jsearch,1,1
f64bb9161acf51689f8fd52a2d5a16ca,5c0c760811e4db7bf229cb393cb79fc4,1c9c73d943b626d282f1cfce6686fbbf,318e05aba5a0571d2d69255d7308b0eb,6c2a675559f7caa08b73359ccb75a22d,"Data Analyst - Dynamic Work, Growth & Benefits",https://www.jobleads.com/sa/job/riyadh-data-analyst-dynamic-work-growth-benefits--riyadh--e321c815b33f42bfad3b5d7ffd4fd9dd8,jsearch,1,1
79cd8be1ba89cc8097b47e4b2539da88,9ce3467929bfe67d6f97ded3c98873e7,1c9c73d943b626d282f1cfce6686fbbf,d6671ff37a9c08b76f2dd0fa70e46282,6c2a675559f7caa08b73359ccb75a22d,Senior Java & Front-End Specialist,https://www.naukrigulf.com/senior-java-front-end-specialist-jobs-in-saudi-arabia-in-dallah-health-5-to-12-years-n-cd-40001836-jid-170826500447,jsearch,1,1
63636cf7ceff169efeda4ec2341b2d24,4ddf944b3f4c8c935fb5ff580ab4ca98,1c9c73d943b626d282f1cfce6686fbbf,0365542d9b0428dce6dd3fa472392d17,6c2a675559f7caa08b73359ccb75a22d,IT Support NOC Support Services Engineer,https://www.gulftalent.com/saudi-arabia/jobs/it-support-noc-support-services-engineer-619225,jsearch,1,1
92d5f0efe4daafffb60d1c15069b779d,7a70c85f5e9b04ac633566602565b00a,f0c21a35f5fd8a30ed8aa2627b766ada,0fc5b4e9c9d3d7b80733e6e9280a7639,6c2a675559f7caa08b73359ccb75a22d,Staff AI Engineer,https://erp.ejadtech.sa/jobs/staff-ai-engineer-1112,jsearch,1,1
da6e73a6359e370ff1a6cffe3b2b6de8,0645f775abc48eec7321083171646afb,1c9c73d943b626d282f1cfce6686fbbf,cb917c6b8f21aa05bd123b6b3ddb9d39,6c2a675559f7caa08b73359ccb75a22d,Senior Data Engineer - Web Scraping,https://sa.jooble.org/jdp/-4612954766767033163,jsearch,1,1
29ef82b400e6f304ae5f7531ac972a02,b7b39076cca256ce91152ce67254bfba,826161723f8719527bfa31fe132a5cad,0365542d9b0428dce6dd3fa472392d17,6c2a675559f7caa08b73359ccb75a22d,AI Engineer,https://sa.jobrapido.com/jobpreview/941102494333796352,jsearch,1,1
7eda6cfc5916075632e2209e91591df5,4807d6b1c40dc06dfbf3a79c0eeef7f3,1c9c73d943b626d282f1cfce6686fbbf,0365542d9b0428dce6dd3fa472392d17,a2bd0075ead2d77cc9b4f5c65b14c7ab,AI-Driven Full-Stack Developer,https://sa.jooble.org/jdp/-3906135350693645657,"jsearch, freehire",2,1
2deb1b7ce94e505a906022a7fd6865a5,a2efe6f84ff726cae938295ba5b788a9,1c9c73d943b626d282f1cfce6686fbbf,0eacea33ffb217a026117e87966304ec,6c2a675559f7caa08b73359ccb75a22d,AI & ML Strategy Lead Engineer,https://sa.jooble.org/jdp/9012417429256634983,jsearch,1,1
89487ff940de44cc5ce4c1a3963225be,c8b921ba27403f1fe1cbf88be751fdc3,1c9c73d943b626d282f1cfce6686fbbf,318e05aba5a0571d2d69255d7308b0eb,6c2a675559f7caa08b73359ccb75a22d,Data Engineering/Science consultant | GenAI /LLMs | Dammam,https://www.founditgulf.com/job/data-engineering-science-consultant-genai-llms-dammam-infosys-saudi-arabia-64056782,jsearch,1,1
0957c264faa6fa0e1dca819e6ce2de34,7ddcc78d3f09886602edbfc226721ad6,f0c21a35f5fd8a30ed8aa2627b766ada,6292dd31ed918f0cf6f8bb0ab26d6181,6c2a675559f7caa08b73359ccb75a22d,AI Tech Consultant Cybersecurity - Riyadh | BCG Platinion,https://careers.bcg.com/global/en/job/58528/AI-Tech-Consultant-Cybersecurity-Riyadh-BCG-Platinion,jsearch,1,1
2ab87b844954bcf9e495e79a32da37e8,0645f775abc48eec7321083171646afb,391aec1a75d5d8808d5e1f9999ef681b,0eacea33ffb217a026117e87966304ec,6c2a675559f7caa08b73359ccb75a22d,"Senior Backend Engineer, Core APIs - Remote",https://sa.jooble.org/jdp/529379246894810274,jsearch,1,1
e1c8d25e2f8b050ecc48152a7792b021,e167dce39390230ce3df7d9f238308af,1c9c73d943b626d282f1cfce6686fbbf,0eacea33ffb217a026117e87966304ec,6c2a675559f7caa08b73359ccb75a22d,Senior Backend .Net Developer,https://bebee.com/sa/jobs/senior-backend-net-developer-saudi-national-beetleware-al-olaya-riyadh--t7xk-799061258,jsearch,1,1
dd0d24fa42b8ca6505757c8fc7773b8d,4dae8f94754933c838edd951c286640a,1c9c73d943b626d282f1cfce6686fbbf,0365542d9b0428dce6dd3fa472392d17,6c2a675559f7caa08b73359ccb75a22d,Software Engineer- Backend,https://sa.jobrapido.com/jobpreview/4786154030294368256,jsearch,1,1
a06e437257ea827a51adefb5061b5bc3,113e2939232096e6a5e91540e1833189,826161723f8719527bfa31fe132a5cad,de8336aff99e191ff6f316f9f4611ff9,6c2a675559f7caa08b73359ccb75a22d,Senior Data Science Consultant,https://sabbar.com/ar/jobs/c-%D9%85%D9%83%D8%A9-%D8%A7%D9%84%D9%85%D9%83%D8%B1%D9%85%D8%A9-r-senior-data-science-consultant/id-cfe8a4d3-d491-46e6-a4ee-9ea8f7711508,jsearch,1,1
bd2fbd78ca9b1f932cf7dc9f11049172,16d51e28d271902448f7b6cdc2b56839,28986fcd4da2596b8e6fb72b66a4e8ee,9271781a32ce297cc26f9c3ae484921f,dcf52c9819dbea4ed680c1f89dccd1f8,"Manager - Tech Consulting - Cyber Automation, Detection Engineering / AI",https://www.monster.co.th/job/manager-tech-consulting-cyber-automation-detection-engineering-ai-riyadh-ey-saudi-arabia-67460442,jsearch,1,1
38b2b98dbd4756897f83d715f9415c6b,2df023b29a417cdf44274ab1746ff4d8,f0c21a35f5fd8a30ed8aa2627b766ada,0365542d9b0428dce6dd3fa472392d17,dcf52c9819dbea4ed680c1f89dccd1f8,Dba Engineer,https://www.getsaudijobs.com/jobs/view/dba-engineer,jsearch,1,1
8f3240ecdaf19b94dcf072e46d2310a0,a90ac5903cf4c168f76e6736397d70b3,f0c21a35f5fd8a30ed8aa2627b766ada,0eacea33ffb217a026117e87966304ec,dcf52c9819dbea4ed680c1f89dccd1f8,Senior Pl Sql Developer,https://sa.jobrapido.com/jobpreview/1269326781312139264,jsearch,1,1
8495289c08e2f3a514a8ee97adff779a,c783dc10a4db47b1bec5968e17379f99,1c9c73d943b626d282f1cfce6686fbbf,0365542d9b0428dce6dd3fa472392d17,dcf52c9819dbea4ed680c1f89dccd1f8,Helpdesk and Onsite L1/L2 Support Engineer,https://www.bayt.com/en/saudi-arabia/jobs/helpdesk-and-onsite-l1-l2-support-engineer-73682441/,jsearch,1,1
792cc5c2d708972118fb6bccf7c3d264,a25a64d6912da2d3ec6869b6b886f8d9,826161723f8719527bfa31fe132a5cad,0365542d9b0428dce6dd3fa472392d17,dcf52c9819dbea4ed680c1f89dccd1f8,Windows Support Engineer,https://sa.expertini.com/job/windows-support-engineer-al-zahraa-sbm-629826066233035721/,jsearch,1,1
689ad280aa2fc36d264e91469f731c7b,5e0521fe5d66d9ebaceb7b248263279e,1c9c73d943b626d282f1cfce6686fbbf,d6671ff37a9c08b76f2dd0fa70e46282,dcf52c9819dbea4ed680c1f89dccd1f8,Senior Technical Support: Major Projects & Tender Lead,https://www.jobleads.com/sa/job/senior-technical-support-major-projects-tender-lead--riyadh--e061e8863faa15918e1ce3469fd1d2de4,jsearch,1,1
8a870c8bdd4fb52008a3781209a03664,0645f775abc48eec7321083171646afb,1c9c73d943b626d282f1cfce6686fbbf,0365542d9b0428dce6dd3fa472392d17,a2bd0075ead2d77cc9b4f5c65b14c7ab,Remote AI-First Full-Stack Engineer,https://www.jobleads.com/sa/job/remote-ai-first-full-stack-engineer-java-spring-angular--saudi-arabia--efd1a0bb1e3207a77f04a36636b83ed81,jsearch,1,1
c8d615a5202b1dbc3b4a2a6d09609857,c8b921ba27403f1fe1cbf88be751fdc3,1c9c73d943b626d282f1cfce6686fbbf,0eacea33ffb217a026117e87966304ec,a2bd0075ead2d77cc9b4f5c65b14c7ab,Senior Full-stack Developer | React.js/Angular & .Net | Dammam,https://bebee.com/sa/jobs/senior-full-stack-developer-reactjs-angular-net-dammam-infosys--techmap_sa_4459503461,jsearch,1,1
c466d0c361d64b3d1d953441e3f83258,d8e87c0927539672f54462c837be0b7f,1c9c73d943b626d282f1cfce6686fbbf,0365542d9b0428dce6dd3fa472392d17,a2bd0075ead2d77cc9b4f5c65b14c7ab,Backend Engineer - Applied AI,https://www.jobleads.com/sa/job/backend-engineer-applied-ai--jeddah--e39f157faebc78f54de364231554cb631,jsearch,1,1
56f6eb938a8e07c51a5737aaad1afb7d,2db6d4d0189a72aea09edee85c3099ad,1c9c73d943b626d282f1cfce6686fbbf,318e05aba5a0571d2d69255d7308b0eb,dcf52c9819dbea4ed680c1f89dccd1f8,L2 EB &amp; BBS INFRA &#8211; DATABASE ADMIN ORACLE &amp; MS SQL,https://www.tanint.com/job/l2-eb-bbs-infra-database-admin-oracle-ms-sql/,jsearch,1,1
90a85555d476fcbbeb8cc806e484ad3d,1f652edd4a68fee79550c80f4daf2ee4,1c9c73d943b626d282f1cfce6686fbbf,0365542d9b0428dce6dd3fa472392d17,a2bd0075ead2d77cc9b4f5c65b14c7ab,Full Stack .NET Engineer: Web Apps & APIs,https://sa.jooble.org/jdp/8240348684564829103,jsearch,1,1
a2ae1d2d1769fda1af56e36dc2a5fcd8,ceed0ab5751aa61f16e5a0f935a48956,354d7fd84f7b8b771fce9e5e1d9d2621,0365542d9b0428dce6dd3fa472392d17,a2bd0075ead2d77cc9b4f5c65b14c7ab,Computer Vision and Backend Engineer,https://bebee.com/sa/jobs/computer-vision-and-backend-engineer-agare-dammam-saudi-arabia--hireejob-548809,jsearch,1,1
90f40bdb948d707ebe572b186170544f,0645f775abc48eec7321083171646afb,1c9c73d943b626d282f1cfce6686fbbf,33592aca294d19473e45d745e5716a19,f9f0b181b93f616e1b2fd13a7eb68819,Video Editor / Storyboard Writer,https://jobs.lever.co/jobgether/3fc821fd-77a8-4594-8611-9affe7139719?utm_source=freehire.me,freehire,1,1
387262062322ba54989e6a25e8a7ce07,dc440e11b7e380ecbb9c066764af2371,f0c21a35f5fd8a30ed8aa2627b766ada,36342576b66b21f59333da16ca84323f,ce4f5baa48cd135ee14b7625e51d9dca,Project Manager,https://jobs.smartrecruiters.com/EgisGroup/744000149260715-project-manager-site-supervision-aviation-exp-?utm_source=freehire.me,freehire,1,1
3d50ad7cf98c880740f3c7891c7627a7,2429fda017a193faa70d67ea0f595ec8,1c9c73d943b626d282f1cfce6686fbbf,33592aca294d19473e45d745e5716a19,ce4f5baa48cd135ee14b7625e51d9dca,QA/QC Supervisor - Project,https://apply.workable.com/j/179556C2A0?utm_source=freehire.me,freehire,1,1
320e0c1910bc609717ef2ccb8549ab69,0645f775abc48eec7321083171646afb,1c9c73d943b626d282f1cfce6686fbbf,8f55ffa788f0fa4c7b39e1382e97ccbc,f9f0b181b93f616e1b2fd13a7eb68819,Technical Delivery Manager,https://jobs.lever.co/jobgether/13b69f84-0a76-4f11-bcb0-27577dea24d6?utm_source=freehire.me,freehire,1,1
b2236f06dd205ee9bbea97f4c4c068b7,0645f775abc48eec7321083171646afb,1c9c73d943b626d282f1cfce6686fbbf,6292dd31ed918f0cf6f8bb0ab26d6181,f9f0b181b93f616e1b2fd13a7eb68819,Staff Security Operations Engineer,https://jobs.lever.co/jobgether/d5a032a1-b818-42f2-8cd2-749fb273bc22?utm_source=freehire.me,freehire,1,1
3896d2a41cd0981703fd26384fa945ce,09553c0e4094b8198749b7d202be64ac,f0c21a35f5fd8a30ed8aa2627b766ada,31e833930843cd0564e063ad6d8f31a5,ce4f5baa48cd135ee14b7625e51d9dca,Senior DevOps Engineer,https://en-sa.whatjobs.com/pub_api__cpl__10743451__7118?geoID=12&utm_campaign=publisher&utm_medium=api&utm_source=freehire.me,freehire,1,1
82fdeb5b241dc0dcbdcd0dc9ae17326a,065783ac35ee9560f47d809802f22b7b,f0c21a35f5fd8a30ed8aa2627b766ada,36342576b66b21f59333da16ca84323f,ce4f5baa48cd135ee14b7625e51d9dca,Managed Services Delivery Manager,https://jobs.ericsson.com/careers/job/563121777173520-managed-services-delivery-manager-?domain=ericsson.com&utm_source=freehire.me,freehire,1,1
413a44b90aa58b8c948bd6da71fbc53c,a74c5282f1a50622192e176216aa8fc7,f0c21a35f5fd8a30ed8aa2627b766ada,33592aca294d19473e45d745e5716a19,d88e2f97719ad0ae424945ad60d61f9f,"SR.CONSULTANT, SCRUM MASTER",https://jobs.alfanar.com/alfanar/job/Riyadh-SR_CONSULTANT%2C-SCRUM-MASTER/1436449333/?utm_source=freehire.me,freehire,1,1
d8f459e4f0efa05a74fc75b0b6f7748d,c16778fdeb7ee6e0df57dd9bbe8e9f72,1c9c73d943b626d282f1cfce6686fbbf,0365542d9b0428dce6dd3fa472392d17,0cdf73ff2b30ed7aa6206fde112bee77,Software Engineer ‘SAUDI’,https://en-sa.whatjobs.com/pub_api__cpl__10747654__7118?utm_campaign=publisher&utm_medium=api&utm_source=freehire.me,freehire,1,1
a9c625384b270d5cc3c59c2a267b5586,c16778fdeb7ee6e0df57dd9bbe8e9f72,1c9c73d943b626d282f1cfce6686fbbf,d6671ff37a9c08b76f2dd0fa70e46282,0cdf73ff2b30ed7aa6206fde112bee77,Senior Programmer,https://en-sa.whatjobs.com/pub_api__cpl__10747123__7118?utm_campaign=publisher&utm_medium=api&utm_source=freehire.me,freehire,1,1
6b3337e2265bdf46bbf53e75c3a4cbc9,0edd47eb1f3a4cec49f3ac83e1ba93ff,f0c21a35f5fd8a30ed8aa2627b766ada,0eacea33ffb217a026117e87966304ec,a2bd0075ead2d77cc9b4f5c65b14c7ab,Senior Frontend Developer,https://en-sa.whatjobs.com/pub_api__cpl__10755254__7118?geoID=12&utm_campaign=publisher&utm_medium=api&utm_source=freehire.me,freehire,1,1
1b0a5d9cc17a6f4df62e8e1b0eb671ed,0645f775abc48eec7321083171646afb,1c9c73d943b626d282f1cfce6686fbbf,0fef93c3b93fe307b2b61b8dd7ef34e0,cc84a9cd4e85ac79309601f98124b0a8,Marketing & Data Analyst,https://jobs.lever.co/jobgether/10bee2b4-83a8-4c79-9e14-54aa97c9b3c6?utm_source=freehire.me,freehire,1,1
4db98c5b57fd44bebbf0a6a1b771e042,2a25387d2257c25d9650b8c49edc8309,f0c21a35f5fd8a30ed8aa2627b766ada,8f55ffa788f0fa4c7b39e1382e97ccbc,cc84a9cd4e85ac79309601f98124b0a8,Project Manager - Agriculture and Palm,https://jobs.burjlinebuilders.com/jobs/8399483-project-manager-agriculture-and-palm?utm_source=freehire.me,freehire,1,1
ad92cc97f8ffa0495bc9c76474187144,c16778fdeb7ee6e0df57dd9bbe8e9f72,f0c21a35f5fd8a30ed8aa2627b766ada,d6671ff37a9c08b76f2dd0fa70e46282,0cdf73ff2b30ed7aa6206fde112bee77,Senior Programmer,https://en-sa.whatjobs.com/pub_api__cpl__10747123__7118?utm_campaign=publisher&utm_medium=api&utm_source=freehire.me,freehire,1,1
7b661a9fa0297496efb5998faeeb0c0c,581efa873817738de0b22803f83b9c12,f0c21a35f5fd8a30ed8aa2627b766ada,0eacea33ffb217a026117e87966304ec,a2bd0075ead2d77cc9b4f5c65b14c7ab,Senior Backend Engineer — Microservices & GCP,https://en-sa.whatjobs.com/pub_api__cpl__10756317__7118?geoID=12&utm_campaign=publisher&utm_medium=api&utm_source=freehire.me,freehire,1,1
a4df873b2027855d7126c3e5d9d850ec,2bb1faeb3cc273e2af44b86c1278e481,1c9c73d943b626d282f1cfce6686fbbf,0eacea33ffb217a026117e87966304ec,6c6e321ee316f845aeb0047ae6b27f38,Senior Software Engineer,,tapneo,1,1
6f71cec5b547e8dbe70c7153155dfe64,3584d72b53eccac905bc604a7800d5f9,1c9c73d943b626d282f1cfce6686fbbf,318e05aba5a0571d2d69255d7308b0eb,b9990b6f69a32ce27390fec6f360c201,Data Analyst,,tapneo,1,1
eae1ba55ec0531cbd664c7551a67a8dd,0daa0e2251c47a19866a879d0c2feadd,1c9c73d943b626d282f1cfce6686fbbf,cb917c6b8f21aa05bd123b6b3ddb9d39,c60259fbac8b1729703b1a7ccd2bc536,Senior Data Scientist,,tapneo,1,1
af9264e9bbb332a279ed660b9b704080,ebb202b11dd8f5df6ebac7962ea8f046,1c9c73d943b626d282f1cfce6686fbbf,318e05aba5a0571d2d69255d7308b0eb,6c2a675559f7caa08b73359ccb75a22d,System Integration Analyst,https://www.naukrigulf.com/system-integration-analyst-jobs-in-jeddah-saudi-arabia-in-modern-mills-company-4-to-9-years-n-cd-40005821-jid-080926500372,jsearch,1,1
2420b00e112d80ba60acc833ec145598,020105f4752ba2c2d1d9d7f8c843115c,1c9c73d943b626d282f1cfce6686fbbf,0365542d9b0428dce6dd3fa472392d17,6c2a675559f7caa08b73359ccb75a22d,AI Engineer,https://sabbar.com/ar/jobs/r-ai-engineer/id-5138d22c-6075-4851-a59d-8865b0d71eb9,jsearch,1,1
89a94a0e19860e7950d6743951fadce8,1d48d16f8278c2b6646da5bac2898166,3329b86c95d9218baf35d00c730213fe,33592aca294d19473e45d745e5716a19,6c2a675559f7caa08b73359ccb75a22d,IT Support Specialist,https://bebee.com/sa/jobs/it-support-specialist-alfapacs-it-tabuk--t7xk-768021928,jsearch,1,1
10a71d6562010474b138b8ed7e363b88,bbead9625413d4d0448046b5cafa0c70,1c9c73d943b626d282f1cfce6686fbbf,318e05aba5a0571d2d69255d7308b0eb,6c2a675559f7caa08b73359ccb75a22d,Data Analyst: Turn Data Into Business Wins in Riyadh,https://www.jobleads.com/sa/job/data-analyst-turn-data-into-business-wins-in-riyadh--riyadh--e0bc5408052d83971bf97c50651270e0a,jsearch,1,1
32bb463ea13235bf66690056eaf18a09,3e6912d9edf078375c9e015fb05851d4,1c9c73d943b626d282f1cfce6686fbbf,0365542d9b0428dce6dd3fa472392d17,6c2a675559f7caa08b73359ccb75a22d,Network Engineer,https://wuzzuf.net/ar/saudi/jobs/p/7dpu3dsc674s-network-engineer-ccna-ccnp-qassim-saudi-arabia,jsearch,1,1
e5a98f32e9ad4e61734ed13112e500b3,7cdf29d37104e7d872a76e68f50c50cf,b7e52b5b43f3e984c56b64b466aa6636,318e05aba5a0571d2d69255d7308b0eb,6c2a675559f7caa08b73359ccb75a22d,Database Administrator,https://bebee.com/sa/jobs/database-administrator-al-rushaid-group-jubail-saudi-arabia--hireejob-548143,jsearch,1,1
a46d550b58fe59fe6c37bb24360d7559,f2f540f574b79c6e8c3a589d6f6fe071,1c9c73d943b626d282f1cfce6686fbbf,0365542d9b0428dce6dd3fa472392d17,a2bd0075ead2d77cc9b4f5c65b14c7ab,Freelance Full-Stack Web Application Developer,https://www.gulftalent.com/saudi-arabia/jobs/freelance-full-stack-web-application-developer-616127,jsearch,1,1
eb5c275cfef7955c1991675cf391eba9,b919fb4ac10a1f6b17d9203c1354ced8,1c9c73d943b626d282f1cfce6686fbbf,0365542d9b0428dce6dd3fa472392d17,6c2a675559f7caa08b73359ccb75a22d,Frontend Engineer: React & React Native Specialist,https://www.jobleads.com/sa/job/frontend-engineer-react-react-native-specialist--riyadh--e93e3a84705da645cef181d4a44b0015a,jsearch,1,1
9c4475ff28f8fa2fe7b3b264ebd17f16,a655a22791705ae5fc9a55b6634e7a83,1c9c73d943b626d282f1cfce6686fbbf,318e05aba5a0571d2d69255d7308b0eb,6c2a675559f7caa08b73359ccb75a22d,Medical Laboratory Scientist is needed at شركة العناية الراقية الطبية in Az Zulfi - 4000 SR / Month,https://sabbar.com/en/jobs/c-az-zulfi-r-medical-laboratory-scientist/id-e5dd9d58-8df8-4d36-a590-e637efd86784,jsearch,1,1
246d647c6f79592a9ad505a69387ba15,a5734424887783d782c4136b7aff71c5,1c9c73d943b626d282f1cfce6686fbbf,a74683d6d303bc41f6726bd8c6f681b5,dcf52c9819dbea4ed680c1f89dccd1f8,Solution Sales Expert KSA - Cloud ERP,https://sa.linkedin.com/jobs/view/solution-sales-expert-ksa-cloud-erp-at-sap-4439880111,jsearch,1,1
ca4a7b20ed6b33dcb00eb8860b1530df,d3228d41db57f7ea5cd5ef55736c1079,1c9c73d943b626d282f1cfce6686fbbf,33592aca294d19473e45d745e5716a19,dcf52c9819dbea4ed680c1f89dccd1f8,Information Technology Support Specialist,https://sa.linkedin.com/jobs/view/information-technology-support-specialist-at-red-steel-technologies-4416167147,jsearch,1,1
3ad27b9e802519864ecc9ec60199c44e,bfe5ca48d5d7916eaa869972cfcfd761,1c9c73d943b626d282f1cfce6686fbbf,0eacea33ffb217a026117e87966304ec,a2bd0075ead2d77cc9b4f5c65b14c7ab,Senior JAVA Backend Engineer - Remote,https://sa.jooble.org/jdp/-767479099755588115,jsearch,1,1
20619f2ec25dbc7a3a7b8ebb35481070,0645f775abc48eec7321083171646afb,826161723f8719527bfa31fe132a5cad,0eacea33ffb217a026117e87966304ec,a2bd0075ead2d77cc9b4f5c65b14c7ab,"Senior Backend Engineer, Core APIs – Remote",https://sa.jobrapido.com/jobpreview/3183093959924645888,jsearch,1,1
d7228742acc394cf3a6004f77b15e404,19336ea6bfbe9e30b104427030c44fb7,1c9c73d943b626d282f1cfce6686fbbf,33592aca294d19473e45d745e5716a19,dcf52c9819dbea4ed680c1f89dccd1f8,"MEATR Space Management Business Intelligence - UAE National, MEATR Space Management",https://arar.sa.expertini.com/job/meatr-space-management-business-intelligence-uae-national-meatr-space-management-arar-amazon-fulfillment-mena-llc-p25-637734718606935872/,jsearch,1,1
7e5815268dcced3ac6bdc7e5bd5a4716,88183b946cc5f0e8c96b2e66e1c74a7e,1c9c73d943b626d282f1cfce6686fbbf,33592aca294d19473e45d745e5716a19,a2bd0075ead2d77cc9b4f5c65b14c7ab,مطور برمجيات شامل,https://khutaa.com/jobs/riyadh-saudi-arabia-full-stack-developer-1af8df05,jsearch,1,1
2873342123da2b436a2cd4ed23c1001f,95e6e430e4592b704d254029cb9120e5,f0c21a35f5fd8a30ed8aa2627b766ada,318e05aba5a0571d2d69255d7308b0eb,219e3dfddc927539fcce8ff99b73f012,Data Engineer,https://en-sa.whatjobs.com/pub_api__cpl__10730613__7118?geoID=12&utm_campaign=publisher&utm_medium=api&utm_source=freehire.me,freehire,1,1
77ddea18d3e222d0cfa1a0828a8a8a98,e6e2e8a16e3755fb8ec4339c08cfb58e,1c9c73d943b626d282f1cfce6686fbbf,8f55ffa788f0fa4c7b39e1382e97ccbc,219e3dfddc927539fcce8ff99b73f012,Project Manager,https://jobs.smartrecruiters.com/AECOM2/744000148763239-project-manager?utm_source=freehire.me,freehire,1,1
69c9afce930526c27cfd3c5a40117182,e023385ecc024747b0ffe7f3d8d7a0d4,f0c21a35f5fd8a30ed8aa2627b766ada,31e833930843cd0564e063ad6d8f31a5,ce4f5baa48cd135ee14b7625e51d9dca,Senior On-Prem DevOps & Platform Engineer,https://en-sa.whatjobs.com/pub_api__cpl__10744026__7118?geoID=12&utm_campaign=publisher&utm_medium=api&utm_source=freehire.me,freehire,1,1
9f0b5dd4472ea10f46ff86befe37ad63,568f4acf3114d43470de55276f4c3f79,1c9c73d943b626d282f1cfce6686fbbf,0365542d9b0428dce6dd3fa472392d17,5bd9356d753f1fd99468ef4b1c1df52b,Software Engineer - Industrial Systems,https://en-sa.whatjobs.com/pub_api__cpl__10739824__7118?utm_campaign=publisher&utm_medium=api&utm_source=freehire.me,freehire,1,1
8e96c82de2a42883a3642d3686fcb297,95e6e430e4592b704d254029cb9120e5,f0c21a35f5fd8a30ed8aa2627b766ada,318e05aba5a0571d2d69255d7308b0eb,219e3dfddc927539fcce8ff99b73f012,Data Engineer: Build Scalable Data Pipelines & Warehouses,https://en-sa.whatjobs.com/pub_api__cpl__10732073__7118?geoID=12&utm_campaign=publisher&utm_medium=api&utm_source=freehire.me,freehire,1,1
985a37e9007abc7a1b455b660d09f2bb,ae423088e02503edbc0e8894d543a01b,f0c21a35f5fd8a30ed8aa2627b766ada,0365542d9b0428dce6dd3fa472392d17,a5f78aedefc93c72e18880849bb06461,Frontend and Backend Web Application Developer,https://jobs.smartrecruiters.com/JobsForHumanity/744000149058539-frontend-and-backend-web-application-developer?utm_source=freehire.me,freehire,1,1
3d83079ed621c12e5bcff6ce3489dabb,53cd42a85136f42d48fc22bfa77bc43c,6d90b93e2e06bed76b003b975aaa26de,87b1933db1b3bc75ac2bd7e51147e919,d88e2f97719ad0ae424945ad60d61f9f,Software Engineer,https://en-sa.whatjobs.com/pub_api__cpl__10737184__7118?geoID=12&utm_campaign=publisher&utm_medium=api&utm_source=freehire.me,freehire,1,1
dd4ae775b545becbf6cccb68e64d8165,a5734424887783d782c4136b7aff71c5,1c9c73d943b626d282f1cfce6686fbbf,cb917c6b8f21aa05bd123b6b3ddb9d39,ac801ea38d61b8f3e71e0f7d88cbe23a,Senior Data Scientist,https://jobs.sap.com/job/Newtown-Square-Senior-Data-Scientist-PA-19073/1432020033/?utm_source=freehire.me,freehire,1,1
3d87b3956a941a77cd86d0183de17d09,1350d394cb0e1b10a8ba295031ab3616,1c9c73d943b626d282f1cfce6686fbbf,842ff99cd5ef898a8ca8fcac18e3b65b,219e3dfddc927539fcce8ff99b73f012,Sr. Delivery Design Director,https://fa-etzd-saasfaprod1.fa.ocs.oraclecloud.com/hcmUI/CandidateExperience/en/sites/CX_1001/job/2741?utm_source=freehire.me,freehire,1,1
fb78ef80e562003ce2ea63bb0eee0513,0d7fd51250c5b1880f49c9c3b82a03ec,f0c21a35f5fd8a30ed8aa2627b766ada,4ae3da5ed67df20569811bda7edda3f4,76a7a00bc1008ca4036103662dcbd297,Design Coordinator,https://job-boards.greenhouse.io/decimainternational/jobs/4710441006?utm_source=freehire.me,freehire,1,1
15ac9abe6c6f18edb940d9554094a2ba,6e82e9e0a2b89bcc8b6695bf9de65937,f0c21a35f5fd8a30ed8aa2627b766ada,318e05aba5a0571d2d69255d7308b0eb,76a7a00bc1008ca4036103662dcbd297,BUSINESS ANALYST - CORPORATE BANKING,https://www.careers-page.com/duncan-ross-management-consultancies/job/7X5765RX?utm_source=freehire.me,freehire,1,1
9bebe1aa432534154140267662bbb1ee,95fc48cd766a6493a6d59a2dc45ada08,354d7fd84f7b8b771fce9e5e1d9d2621,8f55ffa788f0fa4c7b39e1382e97ccbc,0cdf73ff2b30ed7aa6206fde112bee77,Project Manager,https://www.careers-page.com/jtccscareers/job/7X56RYY5?utm_source=freehire.me,freehire,1,1
a77b2d65bd75438aa427bf302a99412d,125e13c182697c5a282e4de6d7999eb0,f0c21a35f5fd8a30ed8aa2627b766ada,33592aca294d19473e45d745e5716a19,6c2a675559f7caa08b73359ccb75a22d,Hardware Technician I,https://careers.jobscore.com/careers/hexagonmininginc/jobs/hardware-technician-i-a_U9t6n9Xir6Sj33jt98zu?ref=rss&sid=68&utm_source=freehire.me,freehire,1,1
204b1a8da36dea9a25269978c911387c,d6e6e42ad316fcb481225bdeb036aea1,1c9c73d943b626d282f1cfce6686fbbf,6292dd31ed918f0cf6f8bb0ab26d6181,6c2a675559f7caa08b73359ccb75a22d,Cybersecurity Engineer,https://etatwer.zohorecruit.sa/jobs/Careers/2635000006194332?utm_source=freehire.me,freehire,1,1
2881354ac9a6c543b6ca685749fde03a,e6e2e8a16e3755fb8ec4339c08cfb58e,1c9c73d943b626d282f1cfce6686fbbf,dcaf0274d8cf95cc5f403120ee8d9eb8,4422f3776893cba6d18e8f258c63716f,Design / Project Manager - Bridges Ports & Strctures,https://jobs.smartrecruiters.com/AECOM2/744000146618249-design-project-manager-bridges-ports-strctures?utm_source=freehire.me,freehire,1,1
fd0048ad74f1d62c8f15c4283e38ded4,4c44f783515677cb01d36a9058259e1d,f0c21a35f5fd8a30ed8aa2627b766ada,8f55ffa788f0fa4c7b39e1382e97ccbc,4422f3776893cba6d18e8f258c63716f,Delivery Manager - BT Technical Changes,https://apply.workable.com/j/5310E8260E?utm_source=freehire.me,freehire,1,1
b971b233c58e7d66c0a0dce40f639916,065783ac35ee9560f47d809802f22b7b,f0c21a35f5fd8a30ed8aa2627b766ada,36342576b66b21f59333da16ca84323f,08df6d4ff68729b9d2b5d2d186f39eca,Customer Project Manager,https://jobs.ericsson.com/careers/job/563121777106703-customer-project-manager-riyadh-riyadh-saudi-arabia?domain=ericsson.com&utm_source=freehire.me,freehire,1,1
e00b6ea21ee52e2d298268fe85b0b563,1eaeaf036c57835be4354d19f23995f4,f0c21a35f5fd8a30ed8aa2627b766ada,8f55ffa788f0fa4c7b39e1382e97ccbc,08df6d4ff68729b9d2b5d2d186f39eca,P4M KSA - Delivery Manager,https://plat4mation.breezy.hr/p/e5fbdc273b7301-p4m-ksa-delivery-manager?utm_source=freehire.me,freehire,1,1
c8e0a33a039c9ad150fa48817358ee0a,1f28e6d3b511371aa77c9aee12d1ce52,1c9c73d943b626d282f1cfce6686fbbf,d542036c46abda9523a4b4a97467f5b6,08df6d4ff68729b9d2b5d2d186f39eca,Senior Cloud DevOps Engineer - CI/CD & IaC Expert,https://en-sa.whatjobs.com/pub_api__cpl__10684457__7118?utm_campaign=publisher&utm_medium=api&utm_source=freehire.me,freehire,1,1
11a1d063da5448751ab04f7a805a3b8d,d8e87c0927539672f54462c837be0b7f,6d90b93e2e06bed76b003b975aaa26de,0365542d9b0428dce6dd3fa472392d17,08df6d4ff68729b9d2b5d2d186f39eca,Backend Engineer - Applied AI,https://en-sa.whatjobs.com/pub_api__cpl__10683335__7118?geoID=18992&utm_campaign=publisher&utm_medium=api&utm_source=freehire.me,freehire,1,1
988993ffb8fd88b922ba8d55f1e0d661,0e2bcb25af2636b5c7c53b540f95e565,1c9c73d943b626d282f1cfce6686fbbf,33592aca294d19473e45d745e5716a19,82347fe834cbdd54ae50f6e790b97296,Helpdesk Operator,https://fa-exfs-saasfaprod1.fa.ocs.oraclecloud.com/hcmUI/CandidateExperience/en/sites/CareersAtDowner/job/736101?utm_source=freehire.me,freehire,1,1
4348626a50be8f8029ba86246213fcd4,c3939e8e5e9ff31b4512f91be96c0e60,f0c21a35f5fd8a30ed8aa2627b766ada,fa5cfdad163303202288b317478c431f,d557a99c5a2c130956021cd4e1bdd18f,Passive Infrastructure Engineer,https://apply.workable.com/j/B7FB3D0A6E?utm_source=freehire.me,freehire,1,1
bae115a542cbe1afad6ad6cd9e160c98,10bb9084b86bb0215a2900f26c066823,f0c21a35f5fd8a30ed8aa2627b766ada,fca857a72dbfa89a848ef885da79ab2f,d557a99c5a2c130956021cd4e1bdd18f,Manager - Learning Design and Delivery,https://apply.workable.com/j/2FDFF8A392?utm_source=freehire.me,freehire,1,1
63dc4d6a5d7301f89a6d77944a8040fc,0645f775abc48eec7321083171646afb,1c9c73d943b626d282f1cfce6686fbbf,fca857a72dbfa89a848ef885da79ab2f,219e3dfddc927539fcce8ff99b73f012,UI/UX Director,https://jobs.lever.co/jobgether/0121c742-5af6-4071-8930-fb28c04ac38c?utm_source=freehire.me,freehire,1,1
430dedc866b6fa2737e061412caa6a6b,dd6c697dc688099de1fc5f8ce3450c3c,f0c21a35f5fd8a30ed8aa2627b766ada,63b8678eb2a0462a441f30d3a7d0ea58,a2bd0075ead2d77cc9b4f5c65b14c7ab,Intern Data Engineer,https://en-sa.whatjobs.com/pub_api__cpl__10757266__7118?geoID=12&utm_campaign=publisher&utm_medium=api&utm_source=freehire.me,freehire,1,1
6d0e42b76bf1ec4e4532d2f0b9951be9,49b2afdba6711f257ee86d62ffbff16b,f0c21a35f5fd8a30ed8aa2627b766ada,a74683d6d303bc41f6726bd8c6f681b5,a2bd0075ead2d77cc9b4f5c65b14c7ab,مهندس DevOps,https://en-sa.whatjobs.com/pub_api__cpl__10754562__7118?geoID=12&utm_campaign=publisher&utm_medium=api&utm_source=freehire.me,freehire,1,1
48dd2ef8ee8979aeecdebf7d9121896e,cb54f3d3c6d739d1eb45ea7ae851cd6f,1c9c73d943b626d282f1cfce6686fbbf,a74683d6d303bc41f6726bd8c6f681b5,a2bd0075ead2d77cc9b4f5c65b14c7ab,"DevOps Engineer - CI/CD, Cloud & Kubernetes",https://en-sa.whatjobs.com/pub_api__cpl__10755367__7118?utm_campaign=publisher&utm_medium=api&utm_source=freehire.me,freehire,1,1
27467d374496f18f84e33f0877f3cb56,d51ec813ee99d715d2dd029ab3b1f54d,f0c21a35f5fd8a30ed8aa2627b766ada,cb917c6b8f21aa05bd123b6b3ddb9d39,a2bd0075ead2d77cc9b4f5c65b14c7ab,Senior Data Scientist / Senior ML Engineer,https://en-sa.whatjobs.com/pub_api__cpl__10755804__7118?geoID=12&utm_campaign=publisher&utm_medium=api&utm_source=freehire.me,freehire,1,1
43e309ae2ce773ab40c69ee228d6c91a,714a3fdd65c94061bcf9789fdfab840f,f0c21a35f5fd8a30ed8aa2627b766ada,4ac87bb113bcb1db57944374f9e6543c,dcf52c9819dbea4ed680c1f89dccd1f8,Senior Manager - Service Design,https://careers-riyadhair.icims.com/jobs/5272/senior-manager---service-design/job?utm_source=freehire.me,freehire,1,1
3e2404ba1d555849861462a858836a69,f26cdd5562ce539ecb08827aada8b649,6d90b93e2e06bed76b003b975aaa26de,33592aca294d19473e45d745e5716a19,ac801ea38d61b8f3e71e0f7d88cbe23a,Quality Assurance Inspector I - GF,https://talents.mbrf.com/job/Jeddah-Factory-Quality-Assurance-Inspector-I-GF-Jedd-Jeddah-Fac/1336696462/?utm_source=freehire.me,freehire,1,1
58753ef2d3cc1a3b18d9e8ac5683a7b7,0f2458b8b33fd3ef12ae0f7a47ae3694,f0c21a35f5fd8a30ed8aa2627b766ada,33592aca294d19473e45d745e5716a19,0cdf73ff2b30ed7aa6206fde112bee77,Machine Learning/Deep Learning/NLP/ ML Deployment Instructor,https://en-sa.whatjobs.com/pub_api__cpl__10748662__7118?utm_campaign=publisher&utm_medium=api&utm_source=freehire.me,freehire,1,1
4023b3bcee4a7b4424714311d505f52b,535446ab9fcf0e99b2e650fb3c7db6ed,1c9c73d943b626d282f1cfce6686fbbf,d7838c27eb8edd2545575ee454783c2a,401e71ae951e42e208004757d3f3175f,IT Specialist,https://saudi.tanqeeb.com/jobs-in-saudi/all/jobs/021166966.html,tanqeeb,1,1
e4145151d8a03b4fa8c61972294358c6,eef5c447c38260c654f5941ec1ae5538,6d90b93e2e06bed76b003b975aaa26de,2f5f613f428077e0cf00a584c89878d8,f14cc5cdce0420f4a5a6b6d9d7b85f39,IT Director / IT Manager,https://saudi.tanqeeb.com/jobs-in-saudi/all/jobs/021119489.html,tanqeeb,1,1
ef6b6383a15eae2a140bf10881a3c83c,0645f775abc48eec7321083171646afb,1c9c73d943b626d282f1cfce6686fbbf,4ae3da5ed67df20569811bda7edda3f4,cc84a9cd4e85ac79309601f98124b0a8,"Marketing, Social Media & Design Executive",https://jobs.lever.co/jobgether/08006e16-b17f-49b8-ba32-00a5e6d562b9?utm_source=freehire.me,freehire,1,1
0183f2cc7c57b95d332d64b41bdb8ccc,0645f775abc48eec7321083171646afb,1c9c73d943b626d282f1cfce6686fbbf,33592aca294d19473e45d745e5716a19,6c2a675559f7caa08b73359ccb75a22d,Japanese Sports Localization Specialist,https://jobs.lever.co/jobgether/07a7f9a9-ca96-4c8f-a4e8-d0c209cf213f?utm_source=freehire.me,freehire,1,1
0074684c5ded3c1bc28819c7f85fcbc1,09068dc21098e47bf335d5cde7c0e25e,f0c21a35f5fd8a30ed8aa2627b766ada,c2f8c8066d85d9194e00d154391f2483,401e71ae951e42e208004757d3f3175f,Enterprise Business Development Executive  IT Services  Solutions,https://saudi.tanqeeb.com/jobs-in-saudi/all/jobs/021167256.html,tanqeeb,1,1
4bd27a1f928d392b2800b5c52250e7fb,de8bebaaa46375d07b084b3209bfe8be,1c9c73d943b626d282f1cfce6686fbbf,8f55ffa788f0fa4c7b39e1382e97ccbc,82347fe834cbdd54ae50f6e790b97296,IT Audit Manager,https://saudi.tanqeeb.com/jobs-in-saudi/all/jobs/021191986.html,tanqeeb,1,1
7372e04187de7d120806e6ad9b8f3d3d,de8bebaaa46375d07b084b3209bfe8be,6d90b93e2e06bed76b003b975aaa26de,8f55ffa788f0fa4c7b39e1382e97ccbc,d557a99c5a2c130956021cd4e1bdd18f,IT Audit Manager,https://saudi.tanqeeb.com/jobs-in-saudi/all/jobs/021188288.html,tanqeeb,1,1
435d70c7c132d923d72336dedf303834,f3f042b47bcf4f12d4887455f4785364,1c9c73d943b626d282f1cfce6686fbbf,d33592c263a2f4f982c5db4389969c4f,f14cc5cdce0420f4a5a6b6d9d7b85f39,IT Capacity Manager,https://saudi.tanqeeb.com/jobs-in-saudi/all/jobs/021096141.html,tanqeeb,1,1
fbeb71b49fc11dfbaaac4d314a76d799,b1acaef5b07f33f7860da329b7d82bf6,1c9c73d943b626d282f1cfce6686fbbf,a87e5a5614e8a6d97259deae035f1a7e,7867c816a4782ac6cdccc729c7ddf6c1,Senior System Engineer,,tapneo,1,1
05f6e31c9b838db54f90c4952b24d11a,aa4d9e64828b4ace6ab82d06332b68ae,1c9c73d943b626d282f1cfce6686fbbf,0fef93c3b93fe307b2b61b8dd7ef34e0,51d990247521645cad78960e814293ac,Data Platform Engineer,,tapneo,1,1
43595efec8a303b51fef54fc76f6295c,cc1792ec657aa21f33554a2024aaff50,1c9c73d943b626d282f1cfce6686fbbf,035ae54e0f7668242109b880679feb98,f64238e15003a89cd484c338f34d21b8,Junior Engineer,,tapneo,1,1
75d8c4d5261e2c21b5680869f17c8f7e,c2e70fbae5f95506396162dab6617978,1c9c73d943b626d282f1cfce6686fbbf,ee66b1c3175e84781b73b93cfe9f2a4c,5e8f11e596b212b0732d73ac3887f72f,Senior Software Engineer,,tapneo,1,1
b0da53efe1087632a67c8d75155e1551,c9b0cb53646238b8c03fb69b8f331220,1c9c73d943b626d282f1cfce6686fbbf,87b1933db1b3bc75ac2bd7e51147e919,51d990247521645cad78960e814293ac,Machine Learning Engineer,,tapneo,1,1
bfff833c120671067ea20d650fa29dc0,4a774bbf32e45c2f14fad30f0d7e5fdf,1c9c73d943b626d282f1cfce6686fbbf,0365542d9b0428dce6dd3fa472392d17,71fd1198f175f4185c0acdb622c4827f,Software Engineer,,tapneo,1,1
b9cd7bb29fec6a24c262ade119625873,d291d784d41eaa3dbff8cdabba749712,1c9c73d943b626d282f1cfce6686fbbf,318e05aba5a0571d2d69255d7308b0eb,d7431b6dd465e000937ff8ece439488e,Data Engineer,,tapneo,1,1
a79cc2c4de2feecab15e30b39a6e5c58,aa4d9e64828b4ace6ab82d06332b68ae,1c9c73d943b626d282f1cfce6686fbbf,a2a7a118ec3036466fdf100b7d8fd573,51d990247521645cad78960e814293ac,Senior Data Scientist,,tapneo,1,1
6edcee9427689ecd01bb1485515beabc,45dd16c6f7ddcb6ef2b3f0f82affb305,1c9c73d943b626d282f1cfce6686fbbf,87b1933db1b3bc75ac2bd7e51147e919,2fe8165ed9c275b2fb77aab3cc7662fe,Software Engineer,,tapneo,1,1
e86ffd594c9d6e79e9a410473f3d69a2,13bb4a6160cba0658712a09680e284ab,1c9c73d943b626d282f1cfce6686fbbf,0365542d9b0428dce6dd3fa472392d17,9c2b346b548eaf34fcec1d470e4926bf,Software Engineer,,tapneo,1,1
bafeb1bf459436282b0252f1f643d52d,6217f4f50fd50d30d9dea9eb892fc225,1c9c73d943b626d282f1cfce6686fbbf,0fef93c3b93fe307b2b61b8dd7ef34e0,48db4eba8cf7855f8b0a12c43f397582,Data Analyst,,tapneo,1,1
2c624a9aa9dee2188dba905f56bd7a0b,c0ba85e2b04d21b7f1186c245d93266b,1c9c73d943b626d282f1cfce6686fbbf,318e05aba5a0571d2d69255d7308b0eb,5e8f11e596b212b0732d73ac3887f72f,Personal Data Protection,,tapneo,1,1
31ac131c704f2023593baf3c2651853b,6210137d55ce420857d8ed71f0fdfaca,1c9c73d943b626d282f1cfce6686fbbf,87b1933db1b3bc75ac2bd7e51147e919,2a4220cbbdcaf089dcef046a6a97e20a,Sales Engineer,,tapneo,1,1
1665990bbe3dbc55ade2ed3c1a44ff2c,d9b141725f3b8f5de2cdac852e6181b1,1c9c73d943b626d282f1cfce6686fbbf,a2a7a118ec3036466fdf100b7d8fd573,4158b202244f39becd011a0333d89343,Senior Data Engineer,,tapneo,1,1
24f6098416f46e6953bb00b3d0baef08,31db23a08178960b9cf18dc3d0c9d2f5,1c9c73d943b626d282f1cfce6686fbbf,0365542d9b0428dce6dd3fa472392d17,76aaffe7cf7b8d0b487ded0a700e93cd,Machine Learning Engineer,,tapneo,1,1
ed13c619b84c7eb782d08111d677d15b,5c31e8bdfc65ed37cc8755dcc8990732,1c9c73d943b626d282f1cfce6686fbbf,0365542d9b0428dce6dd3fa472392d17,b853c3142b031e496054880e3912aa1b,Software Engineer,,tapneo,1,1
b92fb93bc906b955b6b5b18444c0c19a,f3f042b47bcf4f12d4887455f4785364,f0c21a35f5fd8a30ed8aa2627b766ada,318e05aba5a0571d2d69255d7308b0eb,6c2a675559f7caa08b73359ccb75a22d,Data Modeler / Big Data Engineer,https://apply.workable.com/tawantech/j/3B04BFEA75,jsearch,1,1
dc4a949d7995caeb19687151285bacdd,6a203b41f255305de61ca2ef40b7cd12,1c9c73d943b626d282f1cfce6686fbbf,0365542d9b0428dce6dd3fa472392d17,a2bd0075ead2d77cc9b4f5c65b14c7ab,AI Frontend Engineer - Associate,https://www.founditgulf.com/job/ai-frontend-engineer-associate-riyadh-pwc-middle-east-saudi-arabia-61943487,jsearch,1,1
722fe75198fafd9771515a8525f307f6,3497b8043a34bac9d6f8b4acd197329e,1c9c73d943b626d282f1cfce6686fbbf,33592aca294d19473e45d745e5716a19,dcf52c9819dbea4ed680c1f89dccd1f8,Refrigeration Technician - Field Installations & Repairs,https://www.jobleads.com/sa/job/refrigeration-technician-field-installations-repairs--saudi-arabia--e2bbfb0f2b03342cbbb794415e0aadb2a,jsearch,1,1
d3c1e9e8a38f430719ec373b91d8d083,1807b3f701c063505775810e657a5aa9,e3d84c82507d974ff8564a5dae31e755,0365542d9b0428dce6dd3fa472392d17,5bd9356d753f1fd99468ef4b1c1df52b,Frontend Software Engineer - Saudi Only,https://apply.workable.com/j/8120FF802B?utm_source=freehire.me,freehire,1,1
56fe7bc48122abc3f9850aac7c373c39,6e82e9e0a2b89bcc8b6695bf9de65937,f0c21a35f5fd8a30ed8aa2627b766ada,6dd46c444d5b991c5c8bf6ee6a9ee751,219e3dfddc927539fcce8ff99b73f012,PROJECT MANAGER - BANKING - DATA & AI,https://www.careers-page.com/duncan-ross-management-consultancies/job/8X5R4XWR?utm_source=freehire.me,freehire,1,1
31d61e1dc36456d1fd5e60502e288626,011cff44120d1f50d746768098b74a33,f0c21a35f5fd8a30ed8aa2627b766ada,a74683d6d303bc41f6726bd8c6f681b5,a2bd0075ead2d77cc9b4f5c65b14c7ab,DevOps Engineer | Laith IT Solutions | Riyadh,https://en-sa.whatjobs.com/pub_api__cpl__10753164__7118?geoID=12&utm_campaign=publisher&utm_medium=api&utm_source=freehire.me,freehire,1,1
99ae9d25c27bbacb529d27892b446d1b,d56ae81beeaecfe1a4fbd486d80de8cb,f0c21a35f5fd8a30ed8aa2627b766ada,d6671ff37a9c08b76f2dd0fa70e46282,ac801ea38d61b8f3e71e0f7d88cbe23a,Talent Pool - Senior Finance Project Manager,https://jobsearch.alstom.com/job/Riyadh-Talent-Pool-Senior-Finance-Project-Manager/1438365233/?utm_source=freehire.me,freehire,1,1
3b8a39efff58a571087fa146be75ea55,2fe47ec3b1e9d9b82bf304bcb7c3f8de,6d90b93e2e06bed76b003b975aaa26de,e6d8a3338b05a44ae2269c9f530156b6,f14cc5cdce0420f4a5a6b6d9d7b85f39,Information Technology Infrastructure Team Lead,https://saudi.tanqeeb.com/jobs-in-saudi/all/jobs/021052469.html,tanqeeb,1,1
911d7978a98fa2fe9ee8b80cd116f9e2,eef5c447c38260c654f5941ec1ae5538,1c9c73d943b626d282f1cfce6686fbbf,d7838c27eb8edd2545575ee454783c2a,f14cc5cdce0420f4a5a6b6d9d7b85f39,Enterprise Architect,https://saudi.tanqeeb.com/jobs-in-saudi/all/jobs/021037132.html,tanqeeb,1,1
9c62eb63d5e782489da015d529b165fb,21375620496d00149e9c3b487df16ce3,6d90b93e2e06bed76b003b975aaa26de,d7838c27eb8edd2545575ee454783c2a,f14cc5cdce0420f4a5a6b6d9d7b85f39,IT Specialist,https://saudi.tanqeeb.com/jobs-in-saudi/all/jobs/021159359.html,tanqeeb,1,1
29eae23e4956f5b19bd9d0e32243967c,f2f540f574b79c6e8c3a589d6f6fe071,1c9c73d943b626d282f1cfce6686fbbf,0fc5b4e9c9d3d7b80733e6e9280a7639,7867c816a4782ac6cdccc729c7ddf6c1,Software Engineer,,tapneo,1,1
f7e3dc65f4a7db14376ef6fa5da4777e,04f86fcbc6f2de0b472d1261b882fc86,6d90b93e2e06bed76b003b975aaa26de,33592aca294d19473e45d745e5716a19,219e3dfddc927539fcce8ff99b73f012,After-Sales Computer & Mobile Technician,https://en-sa.whatjobs.com/pub_api__cpl__10730411__7118?geoID=18992&utm_campaign=publisher&utm_medium=api&utm_source=freehire.me,freehire,1,1
4931c5b7d1be971a5e7ff5f9772a018e,aa1986af1ed7059e6e90d871ca8d2076,6d90b93e2e06bed76b003b975aaa26de,d7838c27eb8edd2545575ee454783c2a,f14cc5cdce0420f4a5a6b6d9d7b85f39,Information Technology Support,https://saudi.tanqeeb.com/jobs-in-saudi/all/jobs/021036192.html,tanqeeb,1,1
12f04f99093c1cf236638710340d1131,0645f775abc48eec7321083171646afb,1c9c73d943b626d282f1cfce6686fbbf,0365542d9b0428dce6dd3fa472392d17,a2bd0075ead2d77cc9b4f5c65b14c7ab,"Backend Engineer, Core APIs",https://bebee.com/sa/jobs/backend-engineer-core-apis-jobgether--techmap_sa_4460256113,jsearch,1,1
26fc44f9d9bf0bc272d0ed648f9ffdc6,f160c2ba526af5f448d5dd5f74716c33,1c9c73d943b626d282f1cfce6686fbbf,87b1933db1b3bc75ac2bd7e51147e919,48db4eba8cf7855f8b0a12c43f397582,Systems Engineer,,tapneo,1,1
1ae42b303f318bba8b712b8336b0cf34,752a0bb257077883a92ce31f25ffd061,f0c21a35f5fd8a30ed8aa2627b766ada,4ac87bb113bcb1db57944374f9e6543c,f9f0b181b93f616e1b2fd13a7eb68819,Design Lead,https://malaa.pinpointhq.com/en/postings/83ae1f0e-366d-41ff-94ea-32965696a393?utm_source=freehire.me,freehire,1,1
53f1e0320ca9b4c6623c08ecd836e2d1,4aa28f868bf1efe5d4e6eb64e009de7d,6d90b93e2e06bed76b003b975aaa26de,d6671ff37a9c08b76f2dd0fa70e46282,ce4f5baa48cd135ee14b7625e51d9dca,Senior Project Manager,https://hitachi.wd1.myworkdayjobs.com/hitachi/job/Jeddah-Maddinah-Saudi-Arabia/Senior-Project-Manager_R0142231-1?utm_source=freehire.me,freehire,1,1
0a8000145c2c9bea936e876c80337b82,90628020c2dc2d2859c4b45b1b795505,1c9c73d943b626d282f1cfce6686fbbf,0365542d9b0428dce6dd3fa472392d17,c5a16f96b336202b9e36b69761615616,AI Engineer,https://jooble.org/jdp/4795485614960778348,jooble,1,1
ac39ee87a443109d394a28cdd9252e4b,9b7e66ab412386195ca63da137c08ff7,1c9c73d943b626d282f1cfce6686fbbf,0eacea33ffb217a026117e87966304ec,de0797d3a18f388374620c58fafbec2e,Senior API Platform Software Engineer,https://jooble.org/jdp/4531332339882019786,jooble,1,1
ad07c6219b74e041bd1b5270db0c990a,591cecb965bd07f12743becb8a89b67e,1c9c73d943b626d282f1cfce6686fbbf,0365542d9b0428dce6dd3fa472392d17,6c2a675559f7caa08b73359ccb75a22d,Full Stack Developer - Immediate Joining,https://sa.linkedin.com/jobs/view/full-stack-developer-ui-immediate-joining-3-month-at-m%C3%BCller-s-solutions-4431640768,jsearch,1,1
2a5e7f6e4b369baaac494ac5b47ee03e,6868a4f6ff792838a9e31a5ded7e793e,354d7fd84f7b8b771fce9e5e1d9d2621,0365542d9b0428dce6dd3fa472392d17,6c2a675559f7caa08b73359ccb75a22d,Full Stack Developer,https://bebee.com/sa/jobs/full-stack-developer-perfect-vision-dammam-eastern--t7xk-819544017,jsearch,1,1
f151305c802e68b24895f32253ea65ee,c4d5bf88d005a6f9667aff171cb0180f,f0c21a35f5fd8a30ed8aa2627b766ada,318e05aba5a0571d2d69255d7308b0eb,6c2a675559f7caa08b73359ccb75a22d,Data Analyst II - Credit,https://job-boards.eu.greenhouse.io/tamara/jobs/4630959101?utm_source=freehire.me,"jsearch, freehire",2,1
f36c9a5f5dd8c1a768cf6b95f5935a21,0bac775c248d258368baa04f68df5cd3,1c9c73d943b626d282f1cfce6686fbbf,0eacea33ffb217a026117e87966304ec,f2bf5d8aa385cbb0a51a31d56306d132,Senior Software Engineer,https://jooble.org/jdp/8397870626244695934,jooble,1,1
5236a8731da37ffd5ea9ac13cc0d8a7e,f41bff3f906653783f36462a31193074,1c9c73d943b626d282f1cfce6686fbbf,0eacea33ffb217a026117e87966304ec,6c2a675559f7caa08b73359ccb75a22d,Principal AI Engineer,https://sa.linkedin.com/jobs/view/principal-ai-engineer-at-tandem-search-4456916167,jsearch,1,1
b7494a8853f50128fe4892cb58d5d3e7,a25a64d6912da2d3ec6869b6b886f8d9,1c9c73d943b626d282f1cfce6686fbbf,0fef93c3b93fe307b2b61b8dd7ef34e0,6c2a675559f7caa08b73359ccb75a22d,Business Intelligence & Data Specialist,https://sa.jobrapido.com/jobpreview/1692834926342176768,jsearch,1,1
2eea39e679dcfeb6982ec6ef7092a35d,40648e1d8e6a81306a6ac76115950ea9,1c9c73d943b626d282f1cfce6686fbbf,0365542d9b0428dce6dd3fa472392d17,f9f0b181b93f616e1b2fd13a7eb68819,Launch Vehicle Software Engineer,https://jooble.org/desc/-7912072291144072647,jooble,1,1
79b2d6fb1515202febf9204925da5f71,fdc966dcdbdb4b9b2b136920dcf16b29,1c9c73d943b626d282f1cfce6686fbbf,a38de38b42b1fccfd1ee4011ca6442d3,6c2a675559f7caa08b73359ccb75a22d,Arabic/English Bilingual AI Data Annotator & Evaluator,https://sa.linkedin.com/jobs/view/arabic-english-bilingual-ai-data-annotator-evaluator-remote-hourly-contractor-at-cntxt-ai-4464585332,jsearch,1,1
b397f8317bf2e99b4c03c162b5d7afbc,7a0a79601f7c4f4d3ee064a1135fa746,1c9c73d943b626d282f1cfce6686fbbf,e86d3956d9c8df67f83ca031f8ae081c,a2bd0075ead2d77cc9b4f5c65b14c7ab,Javascript Developer - Remote,https://sa.linkedin.com/jobs/view/javascript-developer-remote-at-yo-it-consulting-4437948286,jsearch,1,1
873fd48d941d8d099e4ff4ba7704824c,feffdf1c1dc634978831e1f7097cea9e,f0c21a35f5fd8a30ed8aa2627b766ada,0365542d9b0428dce6dd3fa472392d17,6c2a675559f7caa08b73359ccb75a22d,"Full-Stack Software Engineer; Forward Deployed), GPS",https://www.learn4good.com/jobs/riyadh/saudiarabia/software_development/5466717930/e/,jsearch,1,1
9c1ce8b534830ff8637b7661db77476f,ce8bf6d3ac7c275a2cc81720a4de74c7,1c9c73d943b626d282f1cfce6686fbbf,318e05aba5a0571d2d69255d7308b0eb,6c2a675559f7caa08b73359ccb75a22d,IT Business Analyst,https://www.founditgulf.com/job/it-business-analyst-confidential-jobs-saudi-arabia-66935204,jsearch,1,1
5c00942e27760819c32c97d081738868,146d74287eec8173db86979c4aec2748,1c9c73d943b626d282f1cfce6686fbbf,cb917c6b8f21aa05bd123b6b3ddb9d39,6c2a675559f7caa08b73359ccb75a22d,Senior Data Science Consultant – Cards Marketing Analytics,https://www.naukrigulf.com/senior-data-science-consultant-cards-marketing-analytics-jobs-in-jeddah-saudi-arabia-in-one-point-human-resource-management-consultants-7-to-8-years-n-cd-83636-jid-090726001057,jsearch,1,1
4b96810e7ff05820a9d805236ee95d99,9485b19c42afcd2b88e1562d3ffccf07,1c9c73d943b626d282f1cfce6686fbbf,0eacea33ffb217a026117e87966304ec,6c2a675559f7caa08b73359ccb75a22d,Principal AI Engineer – Computer Vision & Video AI,https://sa.linkedin.com/jobs/view/principal-ai-engineer-%E2%80%93-computer-vision-video-ai-at-umatr-4451225017,jsearch,1,1
f5e67b7890265d17c1b189f8d5be0049,3b6e4b0bcaf849406863fb0526edc7ad,1c9c73d943b626d282f1cfce6686fbbf,e86d3956d9c8df67f83ca031f8ae081c,6c2a675559f7caa08b73359ccb75a22d,Deskside IT Support Engineer - 12 Month Contract,https://www.jobleads.com/sa/job/deskside-it-support-engineer-12-month-contract--riyadh--e5286fafcb97c64ce88b3af39021cb45b,jsearch,1,1
81d633a8f7f88c9b34bb7a4f357bfb29,0645f775abc48eec7321083171646afb,1c9c73d943b626d282f1cfce6686fbbf,0eacea33ffb217a026117e87966304ec,6c2a675559f7caa08b73359ccb75a22d,Lead Mobile App Developer,https://sa.jooble.org/jdp/5772246716744027260,jsearch,1,1
deb861f1381065a901a3974b0dab8daf,ba119c16adb30294b3f9fc7dc3ccd98a,1c9c73d943b626d282f1cfce6686fbbf,6292dd31ed918f0cf6f8bb0ab26d6181,6c2a675559f7caa08b73359ccb75a22d,Cybersecurity GRC Specialist,https://www.gulftalent.com/saudi-arabia/jobs/cybersecurity-grc-specialist-611212,jsearch,1,1
d334e926d82df2112ed9558efbe509fe,4ec0e0a3c72b564208eb238b903a954e,1c9c73d943b626d282f1cfce6686fbbf,318e05aba5a0571d2d69255d7308b0eb,6c2a675559f7caa08b73359ccb75a22d,Remote Data Analyst: Dashboards & Insights for Fintech,https://www.jobleads.com/sa/job/remote-data-analyst-dashboards-insights-for-fintech--saudi-arabia--edd1c75b0950892f66d045b60a28a4c64,jsearch,1,1
375da6615cc281c98d5e1b728c72ab0f,4eb6f605b48aae0abcbe487e9fe62c08,354d7fd84f7b8b771fce9e5e1d9d2621,0365542d9b0428dce6dd3fa472392d17,dcf52c9819dbea4ed680c1f89dccd1f8,Technical Support Engineer,https://bebee.com/sa/jobs/technical-support-engineer-afaqy-dammam-saudi-arabia--hireejob-550817,jsearch,1,1
ff07e964e61d861e5772c36e8fe65a14,0645f775abc48eec7321083171646afb,f0c21a35f5fd8a30ed8aa2627b766ada,0365542d9b0428dce6dd3fa472392d17,a2bd0075ead2d77cc9b4f5c65b14c7ab,Full Stack Software Engineer - AI-First,https://jobs.kss.sa/job/full-stack-software-engineer-ai-first-java-angular-6aac007e43d48,jsearch,1,1
0c21c579b8e9402615fd49caf8a71ce7,d43b9137e05c1cf411cf82dc894a140d,1c9c73d943b626d282f1cfce6686fbbf,33592aca294d19473e45d745e5716a19,dcf52c9819dbea4ed680c1f89dccd1f8,Property IT Systems Specialist,https://www.jobleads.com/sa/job/property-it-systems-specialist--jeddah--e227c0b3a6c7f8d41b75f0696f291aee7,jsearch,1,1
c32c3994ecac215902ef7262e3f65d6c,7a0a79601f7c4f4d3ee064a1135fa746,1c9c73d943b626d282f1cfce6686fbbf,a38de38b42b1fccfd1ee4011ca6442d3,6c2a675559f7caa08b73359ccb75a22d,Data Analyst Excel - Remote,https://sa.linkedin.com/jobs/view/data-analyst-excel-remote-at-yo-it-consulting-4437342180,jsearch,1,1
71779a7c0373cf2547f7a024cec93542,a077ba968a69c0dc58990d8969b36f48,1c9c73d943b626d282f1cfce6686fbbf,0365542d9b0428dce6dd3fa472392d17,6c2a675559f7caa08b73359ccb75a22d,Frontend Developer With Angular Experience,https://www.founditgulf.com/job/frontend-developer-with-angular-experience-ncr-atleos-saudi-arabia-65112747,jsearch,1,1
6c2b0ae20bfa1a457bd8f63a75f8f15f,03b78e125adc5612c0c9d5d96700bd4c,826161723f8719527bfa31fe132a5cad,0365542d9b0428dce6dd3fa472392d17,6c2a675559f7caa08b73359ccb75a22d,Full-Stack Web Engineer: React/Angular + Java Spring,https://sa.jobrapido.com/jobpreview/192486997401534464,jsearch,1,1
bb29c9e12e98a8e2519767cd9bcf950a,a92f0e0864093bed801f99e35d0f45b1,1c9c73d943b626d282f1cfce6686fbbf,33592aca294d19473e45d745e5716a19,6c2a675559f7caa08b73359ccb75a22d,AI Trainer,https://www.gulftalent.com/saudi-arabia/jobs/ai-trainer-632483,jsearch,1,1
f9b6ef80ab92b4f64010ac4f3ae508df,fff2e7a3f310193aa91f948845d425ab,1c9c73d943b626d282f1cfce6686fbbf,318e05aba5a0571d2d69255d7308b0eb,6c2a675559f7caa08b73359ccb75a22d,Database Expert,https://www.bayt.com/en/saudi-arabia/jobs/database-expert-oracle-sql-server-exadata-74771135/,jsearch,1,1
2359e8ba3898a1ba0c6bc8e139856745,bd5b3ee4a12ec1633b92011792fd7032,f0c21a35f5fd8a30ed8aa2627b766ada,0365542d9b0428dce6dd3fa472392d17,6c2a675559f7caa08b73359ccb75a22d,Network Engineer,https://bebee.com/sa/jobs/network-engineer-ip-077-saudi-arabian-parsons-limited-sa-riyadh-qiddiya--t7xk-766286903,jsearch,1,1
a27ab05c5f2ff10203ee4a7986c2b359,afb87b393d9c759e8a218b56d0f895e0,1c9c73d943b626d282f1cfce6686fbbf,a74683d6d303bc41f6726bd8c6f681b5,6c2a675559f7caa08b73359ccb75a22d,Network and Infrastructure Engineer,https://www.gulftalent.com/saudi-arabia/jobs/network-and-infrastructure-engineer-611353,jsearch,1,1
00d63dcaba5e4305a664681db7219656,827e631d36945fab3e7291d10057d960,1c9c73d943b626d282f1cfce6686fbbf,318e05aba5a0571d2d69255d7308b0eb,6c2a675559f7caa08b73359ccb75a22d,Intel Analyst /Counter Malign Influence TS/SCI,https://sabbar.com/en/jobs/r-intel-analyst-counter-malign-influence-ts-sci/id-c015007e-ea64-4ec4-9b36-5a7991e716a5,jsearch,1,1
5d93cc43d47fc0c5baf50fb90f1c0271,9374e57aaa9b2bae2c34a2af3500ac58,1c9c73d943b626d282f1cfce6686fbbf,0365542d9b0428dce6dd3fa472392d17,a2bd0075ead2d77cc9b4f5c65b14c7ab,Fullstack Developer,https://sa.jobrapido.com/jobpreview/6988414248078540800,jsearch,1,1
848143c3bf82ce81e403ead17ab9c817,c8b921ba27403f1fe1cbf88be751fdc3,e3d84c82507d974ff8564a5dae31e755,0eacea33ffb217a026117e87966304ec,6c2a675559f7caa08b73359ccb75a22d,Senior Full-stack Developer | React.js/Angular & .Net | Dammam,https://bebee.com/sa/jobs/senior-full-stack-developer-reactjs-angular-net-dammam-infosys--techmap_sa_4459503461,jsearch,1,1
74fbc00cf7983b40f25896e57b32c832,1dfdf2074f097da93503f1929844b3a1,1c9c73d943b626d282f1cfce6686fbbf,8f55ffa788f0fa4c7b39e1382e97ccbc,6c2a675559f7caa08b73359ccb75a22d,QA/QC Manager,https://careers.alrashed.com/en/saudi-arabia/jobs/qa-qc-manager-1100076024/,jsearch,1,1
5803425bee6afba00301ff87a7e7c00f,a4a977a7e302ea942c10b4a5d2fe29b2,f0c21a35f5fd8a30ed8aa2627b766ada,0365542d9b0428dce6dd3fa472392d17,6c2a675559f7caa08b73359ccb75a22d,Full Stack Engineer,https://bebee.com/sa/jobs/full-stack-engineer-fresh-graduate-saudi-ejadah-management-consultancy--techmap_sa_4439732114,jsearch,1,1
02b1847993ba75abff1d608294227da9,0fc0483e8620febb2673366a9c282b51,3329b86c95d9218baf35d00c730213fe,d6671ff37a9c08b76f2dd0fa70e46282,6c2a675559f7caa08b73359ccb75a22d,Business Intelligence Senior Specialist - Shared Services,https://bebee.com/sa/jobs/business-intelligence-senior-specialist-shared-services-propel-consult-tabuk--talent-590974910679297543,jsearch,1,1
870a7223bf8dc02384d663e6620d226a,0645f775abc48eec7321083171646afb,1c9c73d943b626d282f1cfce6686fbbf,0eacea33ffb217a026117e87966304ec,6c2a675559f7caa08b73359ccb75a22d,Senior Software Engineer,https://bebee.com/sa/jobs/senior-software-engineer-data-jobgether--fj-2329072680,"jsearch, tapneo",2,1
039fc3ec9d903c62ad4dad539f63ebc6,9512bf2b43fb53d6792ec5070fbf5421,1c9c73d943b626d282f1cfce6686fbbf,0365542d9b0428dce6dd3fa472392d17,6c2a675559f7caa08b73359ccb75a22d,AI Engineer,https://sa.linkedin.com/jobs/view/ai-engineer-at-riyadh-air-%D8%B7%D9%8A%D8%B1%D8%A7%D9%86-%D8%A7%D9%84%D8%B1%D9%8A%D8%A7%D8%B6-4451657631,jsearch,1,1
633717b75b62f6d244630a1850ee1403,c5fd90e04d9bae3fbadd593c86972c16,1c9c73d943b626d282f1cfce6686fbbf,d6671ff37a9c08b76f2dd0fa70e46282,6c2a675559f7caa08b73359ccb75a22d,Performance Analytics & Insights Senior Specialist,https://sa.linkedin.com/jobs/view/performance-analytics-insights-senior-specialist-at-confidential-careers-4452242304,jsearch,1,1
d2605512f2cf8e5632e067f6f72008f4,db3ca0ce52511c11c910b4b7f1a8e6fa,1c9c73d943b626d282f1cfce6686fbbf,0fc5b4e9c9d3d7b80733e6e9280a7639,6c2a675559f7caa08b73359ccb75a22d,Software Engineer,https://www.founditgulf.com/job/software-engineer-back-end-masterworks-saudi-arabia-62560010,jsearch,1,1
02c1691afbe513babb934ed50cf6859b,f08d382f40d0091d18ab46385e5e8638,826161723f8719527bfa31fe132a5cad,63b8678eb2a0462a441f30d3a7d0ea58,6c2a675559f7caa08b73359ccb75a22d,Data Entry Operator,https://sabbar.com/en/jobs/c-makkah-r-data-entry-operator/id-fd377f38-e455-4cc8-9a7e-9317a003e784,jsearch,1,1
944b759a9a229cfccc659f01bbe71a71,9f78dfc091462453f6b36881c09859d1,1c9c73d943b626d282f1cfce6686fbbf,cb917c6b8f21aa05bd123b6b3ddb9d39,6c2a675559f7caa08b73359ccb75a22d,"Senior Computational Scientist - HPC, ML & Data Analysis",https://www.jobleads.com/sa/job/senior-computational-scientist-hpc-ml-data-analysis--saudi-arabia--ead4f60b0ef3f600398dd19175dc8a10a,jsearch,1,1
85a1976851896ce0521aa14062487f56,229e763cd1c621cb5c5b21501ba37721,1c9c73d943b626d282f1cfce6686fbbf,ba14683fd133aedb627983c7a5b14b68,6c2a675559f7caa08b73359ccb75a22d,scientist,https://www.allianceinternational.co.in/job/341/al-qa-f/scientist/,jsearch,1,1
53ab6f69c8cde2798485ba59f36952fc,808d55d80180349f4801cef9a55853d6,1c9c73d943b626d282f1cfce6686fbbf,0365542d9b0428dce6dd3fa472392d17,dcf52c9819dbea4ed680c1f89dccd1f8,Microsoft System Engineer,https://sa.linkedin.com/jobs/view/microsoft-system-engineer-at-wipro-4465950588,jsearch,1,1
fb2bca431d31ab52db62fa1df1a10d03,7b23699ec8a569873df065df3505a7f9,f713c14731e8318994a7731b6fe5f413,0365542d9b0428dce6dd3fa472392d17,dcf52c9819dbea4ed680c1f89dccd1f8,Desktop Support Engineer L1 IN,https://bebee.com/sa/jobs/desktop-support-engineer-l1-in-excis-compliance-ltd-dhahran--talent-618558027430370163,jsearch,1,1
584adb8b8ab5c7bce02d23b5f4f6d281,555aa9c711a35650cd0e7879c32f9e51,1c9c73d943b626d282f1cfce6686fbbf,33592aca294d19473e45d745e5716a19,dcf52c9819dbea4ed680c1f89dccd1f8,ITSM & Network Support Specialist,https://www.naukrigulf.com/itsm-network-support-specialist-jobs-in-saudi-arabia-in-total-tech-co-1-to-6-years-n-cd-40002893-jid-110826500687,jsearch,1,1
6d866b2637aa5f852c2c21c7f282bf8f,1fe3fa2ae56c393b59314585d20ec12c,f0c21a35f5fd8a30ed8aa2627b766ada,87b1933db1b3bc75ac2bd7e51147e919,a2bd0075ead2d77cc9b4f5c65b14c7ab,Full Stack Software Developer,https://job-ksa.com/en/jobs/22507,jsearch,1,1
d24ae17b9ec3b7b677ff2d8d9c0064b4,7edc96004b28ae7056677eb76a16a610,1c9c73d943b626d282f1cfce6686fbbf,0365542d9b0428dce6dd3fa472392d17,a2bd0075ead2d77cc9b4f5c65b14c7ab,Back-End Developer,https://www.founditgulf.com/job/back-end-developer-muvi-cinemas-saudi-arabia-44344471,jsearch,1,1
72ebf84cd58a37bcddc31f0d2ea84af8,09ad3d4f54798ff70406e77ec7804179,f0c21a35f5fd8a30ed8aa2627b766ada,318e05aba5a0571d2d69255d7308b0eb,a2bd0075ead2d77cc9b4f5c65b14c7ab,Program Analyst,https://apply.workable.com/eramtalent-1/j/8E7E62BF3E/,jsearch,1,1
01a651a800a24be4613dddf8469fc069,d1164e8963232d06ac66adc3640fe6e3,f0c21a35f5fd8a30ed8aa2627b766ada,a74683d6d303bc41f6726bd8c6f681b5,dcf52c9819dbea4ed680c1f89dccd1f8,OCI Cloud Platform Engineer - TechEdge Solutions,https://www.jobilize.com/job/sa-riyadh-oci-cloud-platform-engineer-techedge-solutions-tech-junction,jsearch,1,1
e3d7e67347f5580afecd2d92285d6618,6b35f24420c563ec6ab27fd48b9ed081,1c9c73d943b626d282f1cfce6686fbbf,cb917c6b8f21aa05bd123b6b3ddb9d39,dcf52c9819dbea4ed680c1f89dccd1f8,Senior Systems & Database Operations Lead,https://www.jobleads.com/sa/job/senior-systems-database-operations-lead--saudi-arabia--e56ef8ea51e330f84f6c3dbe00dd1477e,jsearch,1,1
7b943f0f2a1620d96d94c07df6ccf527,7e0958973a34be88aa36cdc86ba122c3,1c9c73d943b626d282f1cfce6686fbbf,0365542d9b0428dce6dd3fa472392d17,a2bd0075ead2d77cc9b4f5c65b14c7ab,Sr. Frontend Developer,https://www.bayt.com/en/saudi-arabia/jobs/sr-frontend-developer-73696703/,jsearch,1,1
42a8af732996cf43a197187017500fe5,0645f775abc48eec7321083171646afb,1c9c73d943b626d282f1cfce6686fbbf,4f8c76cf47f8cc61dcc6ffe2d32c4080,a5f78aedefc93c72e18880849bb06461,Video Editor VA,https://jobs.lever.co/jobgether/2b16a273-9cce-40c3-a5fe-7c8c4b3ecbce?utm_source=freehire.me,freehire,1,1
4f0ad751950baa4de6723c629a42bb26,c28a2f6beb63458489a4dd6d856627ad,1c9c73d943b626d282f1cfce6686fbbf,0eacea33ffb217a026117e87966304ec,219e3dfddc927539fcce8ff99b73f012,Senior Python Backend Engineer – iGaming Scale,https://en-sa.whatjobs.com/pub_api__cpl__10729792__7118?utm_campaign=publisher&utm_medium=api&utm_source=freehire.me,freehire,1,1
aadde3156886033a5589b314a0fdb83a,a347332cf465c2eb37528a795946ffc0,f0c21a35f5fd8a30ed8aa2627b766ada,0eacea33ffb217a026117e87966304ec,219e3dfddc927539fcce8ff99b73f012,Senior Backend Developer,https://en-sa.whatjobs.com/pub_api__cpl__10730751__7118?geoID=12&utm_campaign=publisher&utm_medium=api&utm_source=freehire.me,freehire,1,1
099e789516d58623ea7c844e08c5e597,cc9cff0ed750725bad4c26ed9f003ad9,1c9c73d943b626d282f1cfce6686fbbf,0365542d9b0428dce6dd3fa472392d17,a5f78aedefc93c72e18880849bb06461,Sr. Test Engineer,https://job-boards.greenhouse.io/lucidmotors/jobs/5177759007?utm_source=freehire.me,freehire,1,1
eb2852673c9b3b764393a7a558ba12da,0c44b23805857a8146f46a9b0da6d650,f0c21a35f5fd8a30ed8aa2627b766ada,318e05aba5a0571d2d69255d7308b0eb,219e3dfddc927539fcce8ff99b73f012,Data Analyst II,https://jobs.smartrecruiters.com/DeliveryHero/744000148789347-data-analyst-ii-saudi-national-?utm_source=freehire.me,freehire,1,1
d294a8457b512d9db68096dfa82fca6d,0645f775abc48eec7321083171646afb,1c9c73d943b626d282f1cfce6686fbbf,4ac87bb113bcb1db57944374f9e6543c,ce4f5baa48cd135ee14b7625e51d9dca,Estimating & Design Lead - US Commercial Landscaping,https://jobs.lever.co/jobgether/235279c5-5140-49ff-8293-71ea1ea3bb49?utm_source=freehire.me,freehire,1,1
1ce7e4407bf8931e8ec1be788bef6627,30162ed78b6c10f731411f2fc440c24f,1c9c73d943b626d282f1cfce6686fbbf,31e833930843cd0564e063ad6d8f31a5,dcf52c9819dbea4ed680c1f89dccd1f8,Senior Cloud Solutions Engineer: Partner Enablement,https://sa.jobrapido.com/jobpreview/4329784944453746688,jsearch,1,1
bfddd3328443db7cb8e5384433ec6607,0645f775abc48eec7321083171646afb,1c9c73d943b626d282f1cfce6686fbbf,0eacea33ffb217a026117e87966304ec,76a7a00bc1008ca4036103662dcbd297,Senior QA Engineer,https://jobs.lever.co/jobgether/044452a4-ac2c-43bf-9352-148c89721431?utm_source=freehire.me,freehire,1,1
050843ca566ebe5e8e4b88bb4a575907,c16778fdeb7ee6e0df57dd9bbe8e9f72,1c9c73d943b626d282f1cfce6686fbbf,87b1933db1b3bc75ac2bd7e51147e919,0cdf73ff2b30ed7aa6206fde112bee77,Java Developer,https://en-sa.whatjobs.com/pub_api__cpl__10747705__7118?utm_campaign=publisher&utm_medium=api&utm_source=freehire.me,freehire,1,1
594771fdfe695dd8b2f1bfdc77a64d13,d52d89193f41e7a60514203383142d0e,f0c21a35f5fd8a30ed8aa2627b766ada,318e05aba5a0571d2d69255d7308b0eb,f9f0b181b93f616e1b2fd13a7eb68819,Security Infrastructure Engineer: Network & Data Protection,https://en-sa.whatjobs.com/pub_api__cpl__10746079__7118?geoID=12&utm_campaign=publisher&utm_medium=api&utm_source=freehire.me,freehire,1,1
673a9ca606ea192186f2c3e846a50e20,f0ba1b8eccc5ca0aea35a6158493d2da,e3d84c82507d974ff8564a5dae31e755,36342576b66b21f59333da16ca84323f,f9f0b181b93f616e1b2fd13a7eb68819,Project Manager - Control Solutions,https://gevernova.wd5.myworkdayjobs.com/Vernova_ExternalSite/job/Al-Khobar/Project-Manager---Control-Solutions_R5052566-2?utm_source=freehire.me,freehire,1,1
ac2bd8bb5b932b6d834295d72819442c,fca9ad35aaa2eb7bc5ee2d9ca3ee0ce5,f0c21a35f5fd8a30ed8aa2627b766ada,0365542d9b0428dce6dd3fa472392d17,6c2a675559f7caa08b73359ccb75a22d,Frontend Software Engineer,https://en-sa.whatjobs.com/pub_api__cpl__10751020__7118?geoID=12&utm_campaign=publisher&utm_medium=api&utm_source=freehire.me,freehire,1,1
8be1af6627c740f35f583fadc30e3e0e,fca9ad35aaa2eb7bc5ee2d9ca3ee0ce5,1c9c73d943b626d282f1cfce6686fbbf,cb917c6b8f21aa05bd123b6b3ddb9d39,0cdf73ff2b30ed7aa6206fde112bee77,Senior AI Data Engineer for Gen AI & Recommendation Systems,https://en-sa.whatjobs.com/pub_api__cpl__10748603__7118?utm_campaign=publisher&utm_medium=api&utm_source=freehire.me,freehire,1,1
07da2029cf6e01966fade1c4800e23c0,63ff6d923f272b1b03b9127692794b35,1c9c73d943b626d282f1cfce6686fbbf,6292dd31ed918f0cf6f8bb0ab26d6181,ce4f5baa48cd135ee14b7625e51d9dca,Electronic Security Technician,https://www.careers-page.com/cooinda-search/job/W357YYVW?utm_source=freehire.me,freehire,1,1
52a410239198571b7d27da9492280d4d,cbb9354b378f7c71848da97bd622f6df,f0c21a35f5fd8a30ed8aa2627b766ada,33592aca294d19473e45d745e5716a19,f9f0b181b93f616e1b2fd13a7eb68819,SAP Basis Administrator,https://apply.workable.com/j/BAFFE7EDEC?utm_source=freehire.me,freehire,1,1
58e1448d4f6e45ec76f81315c6722b26,814cb496ebe0258961311bf432be0989,f0c21a35f5fd8a30ed8aa2627b766ada,0eacea33ffb217a026117e87966304ec,08df6d4ff68729b9d2b5d2d186f39eca,Senior Frontend Developer,https://en-sa.whatjobs.com/pub_api__cpl__10691469__7118?geoID=12&utm_campaign=publisher&utm_medium=api&utm_source=freehire.me,freehire,1,1
dff0fe3df2dd002990168ebe0b4edcdf,bd90b8ad3e6cc23537631ad2563983e7,f0c21a35f5fd8a30ed8aa2627b766ada,0eacea33ffb217a026117e87966304ec,08df6d4ff68729b9d2b5d2d186f39eca,Senior Backend Engineer - ERP Platform & SaaS Scale,https://en-sa.whatjobs.com/pub_api__cpl__10687098__7118?geoID=12&utm_campaign=publisher&utm_medium=api&utm_source=freehire.me,freehire,1,1
26f59714456728f10be88a2687dca6f2,f3f042b47bcf4f12d4887455f4785364,f0c21a35f5fd8a30ed8aa2627b766ada,0eacea33ffb217a026117e87966304ec,08df6d4ff68729b9d2b5d2d186f39eca,Senior Frontend Engineer,https://apply.workable.com/j/253B04938F?utm_source=freehire.me,freehire,1,1
a2cc4ad43aaf701498be91e3525b7d0d,7b6e1abda71bbceb75ecda0f33d64e15,1c9c73d943b626d282f1cfce6686fbbf,cb917c6b8f21aa05bd123b6b3ddb9d39,a2bd0075ead2d77cc9b4f5c65b14c7ab,Head of Data & AI Platform Engineering & Operations,https://en-sa.whatjobs.com/pub_api__cpl__10755072__7118?utm_campaign=publisher&utm_medium=api&utm_source=freehire.me,freehire,1,1
46bbc46793af07076dd918b1a3d9072e,03b78e125adc5612c0c9d5d96700bd4c,f0c21a35f5fd8a30ed8aa2627b766ada,a74683d6d303bc41f6726bd8c6f681b5,dcf52c9819dbea4ed680c1f89dccd1f8,L2 DevOps Engineer,https://coorb.zohorecruit.com/jobs/Careers/788027000007549036?utm_source=freehire.me,freehire,1,1
348dc65e61bf32d9a97772de5b183880,0645f775abc48eec7321083171646afb,1c9c73d943b626d282f1cfce6686fbbf,0365542d9b0428dce6dd3fa472392d17,6c2a675559f7caa08b73359ccb75a22d,Full Stack Software Engineer - AI-First,https://jobs.lever.co/jobgether/0c51da17-2485-4f46-90fd-b3863ec7aa1c?utm_source=freehire.me,freehire,1,1
fce934afd018c6306e7ddeec03b03313,0645f775abc48eec7321083171646afb,1c9c73d943b626d282f1cfce6686fbbf,0365542d9b0428dce6dd3fa472392d17,6c2a675559f7caa08b73359ccb75a22d,Test Automation Engineer – Cucumber,https://jobs.lever.co/jobgether/0e879d50-d856-4812-9d52-5a14114f9893?utm_source=freehire.me,freehire,1,1
7716a4744bbf4c352b9d05bbd45aa54e,c3939e8e5e9ff31b4512f91be96c0e60,f0c21a35f5fd8a30ed8aa2627b766ada,d6671ff37a9c08b76f2dd0fa70e46282,d557a99c5a2c130956021cd4e1bdd18f,Senior System Administrator,https://apply.workable.com/j/5B49F8EE88?utm_source=freehire.me,freehire,1,1
b3a5e7bf5c90374d6927819e2f3d9ba3,eef5c447c38260c654f5941ec1ae5538,1c9c73d943b626d282f1cfce6686fbbf,d7838c27eb8edd2545575ee454783c2a,f14cc5cdce0420f4a5a6b6d9d7b85f39,IT Coordinator,https://saudi.tanqeeb.com/jobs-in-saudi/all/jobs/021037125.html,tanqeeb,1,1
dbc1345e5978703363421c0110382fea,ce8bf6d3ac7c275a2cc81720a4de74c7,6d90b93e2e06bed76b003b975aaa26de,d7838c27eb8edd2545575ee454783c2a,76a7a00bc1008ca4036103662dcbd297,Information Technology Consultant,https://saudi.tanqeeb.com/jobs-in-middle-east/all/jobs/021222745.html,tanqeeb,1,1
cd1e03e7bdac8dc8befc237899f86fcb,3b6e4b0bcaf849406863fb0526edc7ad,1c9c73d943b626d282f1cfce6686fbbf,d7838c27eb8edd2545575ee454783c2a,f9f0b181b93f616e1b2fd13a7eb68819,Information Technology Supervisor,https://saudi.tanqeeb.com/jobs-in-middle-east/all/jobs/021237430.html,tanqeeb,1,1
8efe123daeffe95b4a6dce987a279515,998db284485ec6c227f8dc34086128e1,f0c21a35f5fd8a30ed8aa2627b766ada,c6f3cdee1f1d7bffbc93424feb6b5588,f14cc5cdce0420f4a5a6b6d9d7b85f39,Senior Specialist - IT Security Design  Qiddiya Investment Company,https://saudi.tanqeeb.com/jobs-in-saudi/all/jobs/021029482.html,tanqeeb,1,1
33ff0710a691d8287204b9da72170ca5,c929adc4d24d9f97423fb3197e5d41eb,1c9c73d943b626d282f1cfce6686fbbf,36342576b66b21f59333da16ca84323f,edc7cc88843b7e4b3190959679476b2f,Product Manager,,tapneo,1,1
5616f3e2309b425a13559189ec1a2f12,de8bebaaa46375d07b084b3209bfe8be,1c9c73d943b626d282f1cfce6686fbbf,87b1933db1b3bc75ac2bd7e51147e919,7867c816a4782ac6cdccc729c7ddf6c1,Software Quality Assurance Engineer,,tapneo,1,1
3b9814eabd7d003d3c0474f849021e27,15472ea4e129492dbb0fbb8dcffa6a8b,1c9c73d943b626d282f1cfce6686fbbf,0fef93c3b93fe307b2b61b8dd7ef34e0,1ef8da68987297e36abfe7b79e48ca2f,Personal Data Protection,,tapneo,1,1
fc6a16fd4b002a16e6c39d7acf051c44,82fdd68ad0dd305926baa79e8ffa5c25,1c9c73d943b626d282f1cfce6686fbbf,87b1933db1b3bc75ac2bd7e51147e919,51d990247521645cad78960e814293ac,Systems Engineer,,tapneo,1,1
46d1becde4968f21516b94bdb075b5d3,6bb4b5e882ecfcc214f0847bea372a51,f0c21a35f5fd8a30ed8aa2627b766ada,6292dd31ed918f0cf6f8bb0ab26d6181,6c2a675559f7caa08b73359ccb75a22d,Cloud Engineer — Multi-Cloud Automation & Security,https://sa.jooble.org/jdp/-2741088928951820863,jsearch,1,1
b9f09005b88c01ed25a21b319c3e435a,de14291ab90d911bcfe18bedd6c9d04e,1c9c73d943b626d282f1cfce6686fbbf,0365542d9b0428dce6dd3fa472392d17,6c2a675559f7caa08b73359ccb75a22d,Quality Control & Quality Assurance Engineer,https://www.bayt.com/en/saudi-arabia/jobs/quality-control-quality-assurance-engineer-5470934/,jsearch,1,1
8a587f5b18e27960a8a051a1ac581316,7ba97046261eba5c607c0af03e7c75db,1c9c73d943b626d282f1cfce6686fbbf,31e833930843cd0564e063ad6d8f31a5,dcf52c9819dbea4ed680c1f89dccd1f8,"Senior Network Engineer – Cloud, ISE & F5 Specialist",https://www.jobleads.com/sa/job/senior-network-engineer-cloud-ise-f5-specialist--saudi-arabia--ed26ae5ea7f4ddd27ad6fdc05dec34a4d,jsearch,1,1
52d1cb1c760d039c02083f7013a62725,10bb9084b86bb0215a2900f26c066823,1c9c73d943b626d282f1cfce6686fbbf,1639f08477db1dd7fc207756720b097d,dcf52c9819dbea4ed680c1f89dccd1f8,Assistant Manager - Cloud Operation,https://www.bayt.com/en/saudi-arabia/jobs/assistant-manager-cloud-operation-74561525/,jsearch,1,1
6ce5d3b1babd02b723832421e596b813,387457766f37a832da2ab2068fdeb12b,1c9c73d943b626d282f1cfce6686fbbf,cb917c6b8f21aa05bd123b6b3ddb9d39,dcf52c9819dbea4ed680c1f89dccd1f8,Senior Oracle DBA Consultant - Lead Database Reliability,https://www.jobleads.com/sa/job/senior-oracle-dba-consultant-lead-database-reliability--riyadh--e9027c2c0a82b7a03dc4d80b210efe03c,jsearch,1,1
384fa96df069f6264774c79f03c568f7,96877099135b77e58cbdf9573e5093ee,1c9c73d943b626d282f1cfce6686fbbf,f15eb97161735b5df1b437fc7ff3ad20,dcf52c9819dbea4ed680c1f89dccd1f8,Product Support Specialist,https://sa.linkedin.com/jobs/view/product-support-specialist-at-gcc-olayan-4457272375,jsearch,1,1
30bd3a254a61c0598f11beee5af57205,45704b72925cb1c00a756408d9d4005e,1c9c73d943b626d282f1cfce6686fbbf,0eacea33ffb217a026117e87966304ec,a2bd0075ead2d77cc9b4f5c65b14c7ab,Senior Backend Engineer: AI Apps on OpenShift,https://www.jobleads.com/sa/job/senior-backend-engineer-ai-apps-on-openshift--riyadh--e2ed1053fccf9550ad74fe4cb5c68337a,jsearch,1,1
feae403d6f28093052c400d45d046e59,0c18409cd951646ff225f5d7a55c919b,1c9c73d943b626d282f1cfce6686fbbf,a2a7a118ec3036466fdf100b7d8fd573,a5f78aedefc93c72e18880849bb06461,Senior Data Center Cooling Solutions Engineer,https://en-sa.whatjobs.com/pub_api__cpl__10733267__7118?utm_campaign=publisher&utm_medium=api&utm_source=freehire.me,freehire,1,1
e76f2e35c9b73c7491105ca8bda2e0d4,ff0794ef34c643e19ec7883b09154761,f0c21a35f5fd8a30ed8aa2627b766ada,d6671ff37a9c08b76f2dd0fa70e46282,a5f78aedefc93c72e18880849bb06461,Senior Specialist QA & PMS,https://stryker.wd1.myworkdayjobs.com/StrykerCareers/job/Riyadh-Riyadh-Offices-Zone/Senior-Specialist-QA---PMS_R563967?utm_source=freehire.me,freehire,1,1
c0799052de983cef64e437e276c72b77,4baf0845260b1ca8dc2bf11c11d7d7b8,391aec1a75d5d8808d5e1f9999ef681b,0eacea33ffb217a026117e87966304ec,dcf52c9819dbea4ed680c1f89dccd1f8,Senior Full-Stack Engineer - Travel Fintech,https://sa.jooble.org/jdp/3703345560227885703,jsearch,1,1
75a87d14c77c628813195e1806ab513f,f2f540f574b79c6e8c3a589d6f6fe071,1c9c73d943b626d282f1cfce6686fbbf,0365542d9b0428dce6dd3fa472392d17,a2bd0075ead2d77cc9b4f5c65b14c7ab,Freelance Frontend Developer,https://www.gulftalent.com/saudi-arabia/jobs/freelance-frontend-developer-611369,jsearch,1,1
82064f9277e604e1e6f3433395e3f2e9,09ad3d4f54798ff70406e77ec7804179,b7e52b5b43f3e984c56b64b466aa6636,318e05aba5a0571d2d69255d7308b0eb,6c2a675559f7caa08b73359ccb75a22d,Data Analyst/Application Developer,https://apply.workable.com/eramtalent-1/j/461492FDCF/,jsearch,1,1
7b2e5452cbcdbf2ed50af6c5ffe87409,6753bc25a600dd703206c8da63ec72b0,f0c21a35f5fd8a30ed8aa2627b766ada,63b8678eb2a0462a441f30d3a7d0ea58,a5f78aedefc93c72e18880849bb06461,Data Engineer Intern — Real Production Data,https://en-sa.whatjobs.com/pub_api__cpl__10733490__7118?geoID=12&utm_campaign=publisher&utm_medium=api&utm_source=freehire.me,freehire,1,1
03d00028ffdbb65bc2ed75ae7e57ab4e,c929adc4d24d9f97423fb3197e5d41eb,f0c21a35f5fd8a30ed8aa2627b766ada,8f55ffa788f0fa4c7b39e1382e97ccbc,5bd9356d753f1fd99468ef4b1c1df52b,Sr. Product Manager - Foodics ERP,https://apply.workable.com/j/0631C51D4B?utm_source=freehire.me,freehire,1,1
f03c85de48b8862e7c76a4ca9844a45b,f3f042b47bcf4f12d4887455f4785364,f0c21a35f5fd8a30ed8aa2627b766ada,d6671ff37a9c08b76f2dd0fa70e46282,5bd9356d753f1fd99468ef4b1c1df52b,Senior Network Administrator,https://apply.workable.com/j/499BDE9216?utm_source=freehire.me,freehire,1,1
2340c9e1dc4f7f98284bd46ba624f51d,53cd42a85136f42d48fc22bfa77bc43c,f0c21a35f5fd8a30ed8aa2627b766ada,a87e5a5614e8a6d97259deae035f1a7e,d88e2f97719ad0ae424945ad60d61f9f,Senior Software Engineer — Java/Python/C# & SQL Expert,https://en-sa.whatjobs.com/pub_api__cpl__10736811__7118?geoID=12&utm_campaign=publisher&utm_medium=api&utm_source=freehire.me,freehire,1,1
16b7b674a19e9d01a2f6568e5916329d,daceac4e0348089318c46f760fbab0f3,6d90b93e2e06bed76b003b975aaa26de,87b1933db1b3bc75ac2bd7e51147e919,d88e2f97719ad0ae424945ad60d61f9f,Software Engineer,https://en-sa.whatjobs.com/pub_api__cpl__10737186__7118?geoID=18992&utm_campaign=publisher&utm_medium=api&utm_source=freehire.me,freehire,1,1
262c4312115fdc32dba5b7b8b24fcbe8,1193b43d61243259cdbbe014aa0082f9,f0c21a35f5fd8a30ed8aa2627b766ada,76f79901999aaeb205cd0e4050c1b9db,219e3dfddc927539fcce8ff99b73f012,Senior UX/UI Designer,https://apply.workable.com/j/01090C1D60?utm_source=freehire.me,freehire,1,1
01cac596d0ac189d35a03b5ac9e56901,31db23a08178960b9cf18dc3d0c9d2f5,f0c21a35f5fd8a30ed8aa2627b766ada,318e05aba5a0571d2d69255d7308b0eb,219e3dfddc927539fcce8ff99b73f012,Data Scientist I,https://apply.workable.com/j/84EBCA698A?utm_source=freehire.me,freehire,1,1
57f096e8b09c1683b614ab2b85c4dcbf,ce9633ac910f02f2f006f3846106bcc0,1c9c73d943b626d282f1cfce6686fbbf,4ac87bb113bcb1db57944374f9e6543c,219e3dfddc927539fcce8ff99b73f012,Instructional Designer/ Capability Lead - Design,https://ebuu.fa.ap1.oraclecloud.com/hcmUI/CandidateExperience/en/sites/jobsearch/job/71601?utm_source=freehire.me,freehire,1,1
8abc1dac3d46a64518f98f4009eeec6f,0645f775abc48eec7321083171646afb,1c9c73d943b626d282f1cfce6686fbbf,a74683d6d303bc41f6726bd8c6f681b5,76a7a00bc1008ca4036103662dcbd297,DevOps Administrator,https://jobs.lever.co/jobgether/0321d3a4-bd8a-42d7-a801-8aca15c55b22?utm_source=freehire.me,freehire,1,1
dee0a93fb13b7df5873170601c069b97,5d9adbef7d50b00f0f863d5dd7a28fcd,6d90b93e2e06bed76b003b975aaa26de,0fef93c3b93fe307b2b61b8dd7ef34e0,ce4f5baa48cd135ee14b7625e51d9dca,GCP Data Engineer Real-Time Pipelines & Orchestration,https://en-sa.whatjobs.com/pub_api__cpl__10741132__7118?geoID=1012&utm_campaign=publisher&utm_medium=api&utm_source=freehire.me,freehire,1,1
774e173b98d8bb6afa680c6160d71b29,c9b0cb53646238b8c03fb69b8f331220,f0c21a35f5fd8a30ed8aa2627b766ada,cb917c6b8f21aa05bd123b6b3ddb9d39,08df6d4ff68729b9d2b5d2d186f39eca,Senior Data Center AI SRE Engineer - Large-Scale Inference,https://en-sa.whatjobs.com/pub_api__cpl__10673133__7118?utm_campaign=publisher&utm_medium=api&utm_source=freehire.me,freehire,1,1
86cc45f7ab7485e1e20a208d6ae48c29,c9b0cb53646238b8c03fb69b8f331220,f0c21a35f5fd8a30ed8aa2627b766ada,cb917c6b8f21aa05bd123b6b3ddb9d39,08df6d4ff68729b9d2b5d2d186f39eca,Senior AI Infra & SRE Engineer - Data Center,https://en-sa.whatjobs.com/pub_api__cpl__10665028__7118?geoID=12&utm_campaign=publisher&utm_medium=api&utm_source=freehire.me,freehire,1,1
f8855a015b7d7ea150201c5776d35d00,581efa873817738de0b22803f83b9c12,f0c21a35f5fd8a30ed8aa2627b766ada,cb917c6b8f21aa05bd123b6b3ddb9d39,08df6d4ff68729b9d2b5d2d186f39eca,Senior Data Engineer I,https://en-sa.whatjobs.com/pub_api__cpl__10697579__7118?geoID=12&utm_campaign=publisher&utm_medium=api&utm_source=freehire.me,freehire,1,1
d9ff5bb92e768093f297685cc50677f8,746f5fc7f35a23036ad89094e956981f,1c9c73d943b626d282f1cfce6686fbbf,6dd46c444d5b991c5c8bf6ee6a9ee751,de0797d3a18f388374620c58fafbec2e,IT Business Analyst/Project Manager,https://iaannf.fa.ocs.oraclecloud.com/hcmUI/CandidateExperience/en/sites/CX_1/job/1095?utm_source=freehire.me,freehire,1,1
786b4e8e280aed001791dc6b65e02566,471f223f39a6f4c349a4da963df90f4a,1c9c73d943b626d282f1cfce6686fbbf,0365542d9b0428dce6dd3fa472392d17,219e3dfddc927539fcce8ff99b73f012,"Industrial Software Engineer: IT/OT, HMI & SCADA Expert",https://en-sa.whatjobs.com/pub_api__cpl__10730247__7118?utm_campaign=publisher&utm_medium=api&utm_source=freehire.me,freehire,1,1
1dd13db17909d5d0b68a52cc77652da3,0645f775abc48eec7321083171646afb,1c9c73d943b626d282f1cfce6686fbbf,a38de38b42b1fccfd1ee4011ca6442d3,ce4f5baa48cd135ee14b7625e51d9dca,Technical Business Analyst,https://jobs.lever.co/jobgether/04c8d7db-8795-4662-b236-54bb5cfba993?utm_source=freehire.me,freehire,1,1
12bfd3c360139a7c6c43fddd54dd1997,fd470329bee3bef5c1d8a4eaf11a4078,826161723f8719527bfa31fe132a5cad,0eacea33ffb217a026117e87966304ec,a2bd0075ead2d77cc9b4f5c65b14c7ab,Lead Software Developer,https://www.getsaudijobs.com/jobs/view/lead-software-developer,jsearch,1,1
cb9609724112e58915c7b3506a741c4c,4171cd044c347186f16a3bfbc39629d2,f0c21a35f5fd8a30ed8aa2627b766ada,cb917c6b8f21aa05bd123b6b3ddb9d39,a2bd0075ead2d77cc9b4f5c65b14c7ab,Senior Data Engineer,https://en-sa.whatjobs.com/pub_api__cpl__10754446__7118?geoID=12&utm_campaign=publisher&utm_medium=api&utm_source=freehire.me,freehire,1,1
5904c64bb00a2de09dc71d4aa2fa3d31,c4d5bf88d005a6f9667aff171cb0180f,f0c21a35f5fd8a30ed8aa2627b766ada,cb917c6b8f21aa05bd123b6b3ddb9d39,dcf52c9819dbea4ed680c1f89dccd1f8,Senior Data Analyst - Credit,https://job-boards.eu.greenhouse.io/tamara/jobs/4949276101?utm_source=freehire.me,freehire,1,1
ed6853ca48e484872136587ef0ef1066,2a25387d2257c25d9650b8c49edc8309,f0c21a35f5fd8a30ed8aa2627b766ada,36342576b66b21f59333da16ca84323f,ac801ea38d61b8f3e71e0f7d88cbe23a,Project Manager,https://jobs.burjlinebuilders.com/jobs/8408019-project-manager?utm_source=freehire.me,freehire,1,1
1d2161396444ef7bfc55e2414ff37a98,0645f775abc48eec7321083171646afb,1c9c73d943b626d282f1cfce6686fbbf,8f55ffa788f0fa4c7b39e1382e97ccbc,cc84a9cd4e85ac79309601f98124b0a8,Project Manager,https://jobs.lever.co/jobgether/07ddb4db-3ebc-4ba4-85b8-9b48dd585cc8?utm_source=freehire.me,freehire,1,1
eaffeaca66d1f281df52f5d9dd0a3aa4,2dd1234ade1443728314db92c211172a,1c9c73d943b626d282f1cfce6686fbbf,0eacea33ffb217a026117e87966304ec,6c2a675559f7caa08b73359ccb75a22d,Principal Forward-Deployed Engineer,https://www.thoughtworks.com/careers/jobs/8184778?gh_jid=8184778&utm_source=freehire.me,freehire,1,1
ceb057ff3521746e4785e10c57bda9a4,0645f775abc48eec7321083171646afb,1c9c73d943b626d282f1cfce6686fbbf,4ac87bb113bcb1db57944374f9e6543c,0cdf73ff2b30ed7aa6206fde112bee77,Head of UX/UI,https://jobs.lever.co/jobgether/118b385a-1380-4162-b09e-23d549353c44?utm_source=freehire.me,freehire,1,1
931149420d9e69b1d58dc842eaea7e6f,864b82643533bc2ed4f91987721da2ac,1c9c73d943b626d282f1cfce6686fbbf,a74683d6d303bc41f6726bd8c6f681b5,08df6d4ff68729b9d2b5d2d186f39eca,Oracle Cloud Platform Engineer,https://datamaticstechnologies.applytojob.com/apply/RwrHt8WhmG/Oracle-Cloud-Platform-Engineer-OCI?utm_source=freehire.me,freehire,1,1
f1274f751787ff862d8657e3721d1f6e,f1acf6064217e8cb95899a35a68cf54f,1c9c73d943b626d282f1cfce6686fbbf,33592aca294d19473e45d745e5716a19,a2bd0075ead2d77cc9b4f5c65b14c7ab,CAD/CAM Programmer / CAD/CAM Technician,https://en-sa.whatjobs.com/pub_api__cpl__10756910__7118?utm_campaign=publisher&utm_medium=api&utm_source=freehire.me,freehire,1,1
50dee462c3d623fba7785dc22e93e38f,0b14931e5ca2ec2a9e7b7d4a5963b17c,1c9c73d943b626d282f1cfce6686fbbf,d7838c27eb8edd2545575ee454783c2a,f14cc5cdce0420f4a5a6b6d9d7b85f39,IT Coordinator,https://saudi.tanqeeb.com/jobs-in-saudi/all/jobs/021037386.html,tanqeeb,1,1
7ccf97ac2c6acb4647ae62beff88e34e,d8fee6edaf370f5280fef8f56e353031,f0c21a35f5fd8a30ed8aa2627b766ada,31e833930843cd0564e063ad6d8f31a5,08df6d4ff68729b9d2b5d2d186f39eca,Remote Senior Cloud Engineer — Kubernetes & DevOps,https://en-sa.whatjobs.com/pub_api__cpl__10690595__7118?geoID=12&utm_campaign=publisher&utm_medium=api&utm_source=freehire.me,freehire,1,1
63e8ba8b9ef6c08b72b3dc89f23d92e8,3553d71b4e23a040724f8fb7fab0a2ec,6d90b93e2e06bed76b003b975aaa26de,318e05aba5a0571d2d69255d7308b0eb,82347fe834cbdd54ae50f6e790b97296,Data Analyst,https://powertofly.com/jobs/detail/2581018?utm_source=freehire.me,freehire,1,1
57ade4fb9829d5eda5848ac308236669,776828efa2737f017d05c533df1f8041,1c9c73d943b626d282f1cfce6686fbbf,a74683d6d303bc41f6726bd8c6f681b5,d557a99c5a2c130956021cd4e1bdd18f,Staff Software Engineer - Native Infrastructure,https://jobs.smartrecruiters.com/Canva/6000000001352592-staff-software-engineer-native-infrastructure?utm_source=freehire.me,freehire,1,1
3a6bf9ff24e261f33f07ba5467e58b8e,c39d48bbed953bf71c03e3a668eacbf3,6d90b93e2e06bed76b003b975aaa26de,c2f8c8066d85d9194e00d154391f2483,76a7a00bc1008ca4036103662dcbd297,Information Technology Specialist,https://saudi.tanqeeb.com/jobs-in-middle-east/all/jobs/021222614.html,tanqeeb,1,1
8e1f5832db19f44df26bed7b89098aea,998db284485ec6c227f8dc34086128e1,1c9c73d943b626d282f1cfce6686fbbf,33592aca294d19473e45d745e5716a19,f14cc5cdce0420f4a5a6b6d9d7b85f39,Co-op Trainee (Information Technology) Parsons Corporation,https://saudi.tanqeeb.com/jobs-in-saudi/all/jobs/021029477.html,tanqeeb,1,1
ca564b140c0dd9f5969438f9b9eff842,6a8d7b563d85e3fa165844a7ef752675,6d90b93e2e06bed76b003b975aaa26de,d33592c263a2f4f982c5db4389969c4f,d557a99c5a2c130956021cd4e1bdd18f,Information Technology Project Manager,https://saudi.tanqeeb.com/jobs-in-saudi/all/jobs/021188443.html,tanqeeb,1,1
ed87989d4d920778283135fe75f2cc75,973e9521a73d60b3618e8e9d98fda638,1c9c73d943b626d282f1cfce6686fbbf,d7838c27eb8edd2545575ee454783c2a,f14cc5cdce0420f4a5a6b6d9d7b85f39,IT System Administrator,https://saudi.tanqeeb.com/jobs-in-saudi/all/jobs/021159132.html,tanqeeb,1,1
695b98edfa82b5ed5144d9e51ff28c12,2c7fde98dcab71b2511488d3095c0251,1c9c73d943b626d282f1cfce6686fbbf,2f5f613f428077e0cf00a584c89878d8,de0797d3a18f388374620c58fafbec2e,Career Opportunities Assistant IT Manager,https://saudi.tanqeeb.com/jobs-in-saudi/all/jobs/021194051.html,tanqeeb,1,1
379a40a3f21510d8b66ebe2e834a18ca,be9bb3808645f19c26b99f3f173c9549,1c9c73d943b626d282f1cfce6686fbbf,fa5cfdad163303202288b317478c431f,f14cc5cdce0420f4a5a6b6d9d7b85f39,IT Infrastructure Support Specialist,https://saudi.tanqeeb.com/jobs-in-saudi/all/jobs/021095763.html,tanqeeb,1,1
e3e7a720423851989413f3c13272cfbc,b1f5226a8f6aa2575656fb0b5c16574b,1c9c73d943b626d282f1cfce6686fbbf,d7838c27eb8edd2545575ee454783c2a,f14cc5cdce0420f4a5a6b6d9d7b85f39,IT Administrator,https://saudi.tanqeeb.com/jobs-in-saudi/all/jobs/021080656.html,tanqeeb,1,1
497d8ad2b7d5420eb6b2cdc238c69845,0e8f1a47c8787413fb9c675c47fd3720,1c9c73d943b626d282f1cfce6686fbbf,d33592c263a2f4f982c5db4389969c4f,f14cc5cdce0420f4a5a6b6d9d7b85f39,Director of Information  Technology,https://saudi.tanqeeb.com/jobs-in-saudi/all/jobs/021096866.html,tanqeeb,1,1
54aacedad9bc0a7ed17a247c8642c475,457de0b575743dce3398fbe24c3fdd43,6d90b93e2e06bed76b003b975aaa26de,c2f8c8066d85d9194e00d154391f2483,d557a99c5a2c130956021cd4e1bdd18f,IT Consultant,https://saudi.tanqeeb.com/jobs-in-saudi/all/jobs/021188482.html,tanqeeb,1,1
e2640a266acdd166b8e0837a2a717f03,4ddf944b3f4c8c935fb5ff580ab4ca98,f0c21a35f5fd8a30ed8aa2627b766ada,0fef93c3b93fe307b2b61b8dd7ef34e0,f14cc5cdce0420f4a5a6b6d9d7b85f39,Database Administrator,https://saudi.tanqeeb.com/jobs-in-saudi/all/jobs/021141236.html,tanqeeb,1,1
e24d9320fe18c83b8a6ce6732437b304,c3d0c1907aee87e76bfded7aa6255ab6,1c9c73d943b626d282f1cfce6686fbbf,318e05aba5a0571d2d69255d7308b0eb,76aaffe7cf7b8d0b487ded0a700e93cd,Data Analyst,,tapneo,1,1
6e88bd56caa4919539145619de59a993,043316cf9cf39b6ba65e939c8e783197,1c9c73d943b626d282f1cfce6686fbbf,87b1933db1b3bc75ac2bd7e51147e919,3a4b763ae82326e5705a1fc4608972a2,Software Engineer,,tapneo,1,1
5e27105d30c5a946e236fa65c388f0ee,cc4f5ea1bb385f3fb4424a3ec90a589c,1c9c73d943b626d282f1cfce6686fbbf,87b1933db1b3bc75ac2bd7e51147e919,76aaffe7cf7b8d0b487ded0a700e93cd,Ct System Engineer,,tapneo,1,1
2ab7b1279f97c58a7e14553532eb98bc,0ac34737b6457c8213fc9813b0f09fd0,1c9c73d943b626d282f1cfce6686fbbf,87b1933db1b3bc75ac2bd7e51147e919,b6407620336ab48e16e1aff862e033b9,Software Engineer,,tapneo,1,1
eb1b0dbcbf69092dc6ab34a743ab7bab,f033237bac690685dec4ac2e1cbc33bc,1c9c73d943b626d282f1cfce6686fbbf,0fef93c3b93fe307b2b61b8dd7ef34e0,ec6793b8ca4c89b69b38d22974e52c7c,Data Scientist,,tapneo,1,1
8c579774a9d846b181921226cda59055,9eb912020bb36f9b096c5d3cbc460605,1c9c73d943b626d282f1cfce6686fbbf,87b1933db1b3bc75ac2bd7e51147e919,c1ba76476c25772828bbdacf37075037,Software Engineer,,tapneo,1,1
f220d3ee346e3214c1f7c660bb9d4105,c2e70fbae5f95506396162dab6617978,1c9c73d943b626d282f1cfce6686fbbf,0365542d9b0428dce6dd3fa472392d17,b1036aa132d59c6301b245e14d25cebd,Ai Engineer,,tapneo,1,1
b2648f821b1bcbf4c967ec1fd1b447c6,1aaa886c1db7978fe2d3454db05d5e5d,1c9c73d943b626d282f1cfce6686fbbf,4f491303b59bebd69ca96423a77b7df2,3a4b763ae82326e5705a1fc4608972a2,Senior Data Engineer,,tapneo,1,1
cf13d33335e9cfce825758d8a96e5803,0645f775abc48eec7321083171646afb,1c9c73d943b626d282f1cfce6686fbbf,e86d3956d9c8df67f83ca031f8ae081c,51d990247521645cad78960e814293ac,Software Engineer,,tapneo,1,1
62ce359f2164fcac40313a9dfd4591aa,37d8bd72c4e69744cedd7f11ca2da987,1c9c73d943b626d282f1cfce6686fbbf,035ae54e0f7668242109b880679feb98,5da2ffc528fa51e3e500b79a89175aaa,Junior Engineer,,tapneo,1,1
5421799ab8938873ae40ed285e54f395,8b982f97f5a04721a9cc29b3d7072a9c,1c9c73d943b626d282f1cfce6686fbbf,33592aca294d19473e45d745e5716a19,3a4b763ae82326e5705a1fc4608972a2,Source Code Management,,tapneo,1,1
0842814b4975ff9a3b7dac8fd7f79837,43bda8ed5e203da83c859925585e9061,1c9c73d943b626d282f1cfce6686fbbf,3643430fa0396fad0d0d4cec65ff80cb,4158b202244f39becd011a0333d89343,Systems Engineer,,tapneo,1,1
944f9b9047bf5c9063cb615a2b44d6f4,3584d72b53eccac905bc604a7800d5f9,1c9c73d943b626d282f1cfce6686fbbf,87b1933db1b3bc75ac2bd7e51147e919,b6ac0d4942dd01963c118e089639b4f6,Software Engineer,,tapneo,1,1
6fd1f55650adc77ac2e96d1bd9788928,b0cc92b2c8e6be937e5009cf2ceda945,1c9c73d943b626d282f1cfce6686fbbf,d0d36c42d78d923b3dafa605a4c9f4f3,afe1349f98808bfb85fa6dbe9af9f673,Develop And Maintain Responsive Web Applications,,tapneo,1,1
745aa6f3a69065c5493f37d5ab6f8e26,0645f775abc48eec7321083171646afb,1c9c73d943b626d282f1cfce6686fbbf,d6671ff37a9c08b76f2dd0fa70e46282,cc84a9cd4e85ac79309601f98124b0a8,Senior Product Manager,https://jobs.lever.co/jobgether/043ae8ee-e6bc-4858-ba7f-fe92c9a3774a?utm_source=freehire.me,freehire,1,1
dab63d641c121f34fb259ff8de8da8d4,7b0879d844a351230a24535ee9320870,f0c21a35f5fd8a30ed8aa2627b766ada,0eacea33ffb217a026117e87966304ec,0cdf73ff2b30ed7aa6206fde112bee77,Senior DevSecOps Engineer,https://apply.workable.com/j/547392AB06?utm_source=freehire.me,freehire,1,1
c1822a6396ba5ca6b87b6080073abd0d,eef5c447c38260c654f5941ec1ae5538,f0c21a35f5fd8a30ed8aa2627b766ada,2f5f613f428077e0cf00a584c89878d8,f14cc5cdce0420f4a5a6b6d9d7b85f39,IT Manager,https://saudi.tanqeeb.com/jobs-in-saudi/all/jobs/021061373.html,tanqeeb,1,1
4d8272dad61f1d8175699c7b7dd98e64,02f41af418cc783209a0f3b6120c9bcc,f0c21a35f5fd8a30ed8aa2627b766ada,0365542d9b0428dce6dd3fa472392d17,4cc07e56be1ca67d7c11b740cd6ffc08,Web Developer / It Administrator,https://saudi.tanqeeb.com/jobs-in-saudi/all/jobs/021180815.html,tanqeeb,1,1
82caeca85708c40ef98ac857a0f69325,cbda224c776c97608e62d68679bac699,f0c21a35f5fd8a30ed8aa2627b766ada,c8dffd1c33919eea9404183529685fd7,15e5433e6eb1f5b83c72d85ec798635f,IT Support Engineer,https://saudi.tanqeeb.com/jobs-in-saudi/all/jobs/021171693.html,tanqeeb,1,1
608af5b69a53ef66715f858f1aad9f7b,36ab7fe249ae5d8f59e75d7e68f2cfd3,1c9c73d943b626d282f1cfce6686fbbf,33592aca294d19473e45d745e5716a19,82347fe834cbdd54ae50f6e790b97296,Technical Support Specialist,https://saudi.tanqeeb.com/jobs-in-saudi/all/jobs/021191693.html,tanqeeb,1,1
578d214943b7b2039458fd07f977eaac,e9639e324fe83690b1c3583cf24fc55f,1c9c73d943b626d282f1cfce6686fbbf,33592aca294d19473e45d745e5716a19,76aaffe7cf7b8d0b487ded0a700e93cd,Analyze Rfps Rfqs,,tapneo,1,1
2cf102cf9208eb59bd146e8679c2a020,63071bfac87ec07c63de59638818f687,1c9c73d943b626d282f1cfce6686fbbf,33592aca294d19473e45d745e5716a19,48db4eba8cf7855f8b0a12c43f397582,Business Analytics,,tapneo,1,1
cb5166cc257e8e4a13cf9e7482ab72dd,273979d2f24fe9e8f727d32c338f679e,1c9c73d943b626d282f1cfce6686fbbf,ba14683fd133aedb627983c7a5b14b68,b853c3142b031e496054880e3912aa1b,Data Platform Engineer,,tapneo,1,1
42df84d96b8729c5902663c4b77ace0c,0daa0e2251c47a19866a879d0c2feadd,1c9c73d943b626d282f1cfce6686fbbf,0fc5b4e9c9d3d7b80733e6e9280a7639,e0fd875960d468befe14f0ee0a3655ff,Software Engineer,,tapneo,1,1
18cd91d1a0e0403c8f5dd1edbeaa8fd5,90dfb6df9e6b8093ce4845ce8fcaf556,1c9c73d943b626d282f1cfce6686fbbf,d2fe5edfb5268065cab53c29c7b5d672,51d990247521645cad78960e814293ac,Senior Data Engineer,,tapneo,1,1
45578fd1a599c8995cdee97e8a9fadc1,9c4d311d73b2a4db85a9775d32e34124,1c9c73d943b626d282f1cfce6686fbbf,63b8678eb2a0462a441f30d3a7d0ea58,4422f3776893cba6d18e8f258c63716f,Junior / Mid-level Data Links Software Engineer,https://jooble.org/jdp/-6149589660304586571,jooble,1,1
f7292a2db4a31e64e6b32810cae76912,4db4f4de7caa791072385b51cd52ab2f,1c9c73d943b626d282f1cfce6686fbbf,0365542d9b0428dce6dd3fa472392d17,81795545610c5eaa7922dbdf3e64516e,Software Engineer,https://jooble.org/jdp/-7209736774742955299,jooble,1,1
c67c4da8e8bf34191b3d0dd533d84942,0645f775abc48eec7321083171646afb,1c9c73d943b626d282f1cfce6686fbbf,e86d3956d9c8df67f83ca031f8ae081c,6c2a675559f7caa08b73359ccb75a22d,Remote SAP Integration & Full-Stack Engineer,https://sa.jooble.org/jdp/3367160770700244470,jsearch,1,1
7f730e91e73d52a367d5dc90db363e75,a1ff228d36497e1930bc147e91583185,1c9c73d943b626d282f1cfce6686fbbf,cb917c6b8f21aa05bd123b6b3ddb9d39,6c2a675559f7caa08b73359ccb75a22d,Financial Services Consulting - Senior Business Analyst,https://www.founditgulf.com/job/financial-services-consulting-senior-business-analyst-ektis-saudi-arabia-46482827,jsearch,1,1
f7b5f098f1653a518fc67cd13bcda22e,010d6a16efd32515e12371cf630f30ed,1c9c73d943b626d282f1cfce6686fbbf,318e05aba5a0571d2d69255d7308b0eb,6c2a675559f7caa08b73359ccb75a22d,Payroll Analyst,https://www.naukrigulf.com/payroll-analyst-jobs-in-saudi-arabia-in-lumi-2-to-7-years-n-cd-40003041-jid-250826500606,jsearch,1,1
991ffc61ddb9e10b73f5d2a573d0b7b8,1d55af1659424cf94d869e2580a11bf8,1c9c73d943b626d282f1cfce6686fbbf,0365542d9b0428dce6dd3fa472392d17,6c2a675559f7caa08b73359ccb75a22d,AI Native Software Engineer,https://www.gulftalent.com/saudi-arabia/jobs/ai-native-software-engineer-612083,jsearch,1,1
fb5f98927942fa626776217bf13a1081,372370615a8eb672125b76b5ee9fd7a3,1c9c73d943b626d282f1cfce6686fbbf,33592aca294d19473e45d745e5716a19,6c2a675559f7caa08b73359ccb75a22d,IT Support Assistant,https://www.bayt.com/en/saudi-arabia/jobs/it-support-assistant-75025976/,jsearch,1,1
50e172df7a4c270dc01e705f60faa78c,bd2256ef29bf8e8044251d834c509043,1c9c73d943b626d282f1cfce6686fbbf,e86d3956d9c8df67f83ca031f8ae081c,dcf52c9819dbea4ed680c1f89dccd1f8,Nutanix Engineer / Networking IT Support Engineer,https://www.careers-page.com/itproposal/job/X98V4773?utm_source=freehire.me,"jsearch, freehire",2,1
fb9a4e43b556a68a066d59327a50cdb8,ae423088e02503edbc0e8894d543a01b,1c9c73d943b626d282f1cfce6686fbbf,0365542d9b0428dce6dd3fa472392d17,6c2a675559f7caa08b73359ccb75a22d,"Full-Stack Web Developer: Build Modern, Accessible Web Apps",https://www.jobleads.com/sa/job/full-stack-web-developer-build-modern-accessible-web-apps--riyadh--ea4835bc0320711dd84d9f3cdf366fc3e,jsearch,1,1
eabd926ce1bb6008b56965e212fac619,00cdde2b6f026ef24831b6c4de7c0847,1c9c73d943b626d282f1cfce6686fbbf,2f8b65e3fcc3322d9beb55ef24f11bee,6c2a675559f7caa08b73359ccb75a22d,Bilingual AI Safety Scientist Arabic/English,https://sa.jobrapido.com/jobpreview/1168012540068757504,jsearch,1,1
36a7ebcb3d6327425732796ae9ae4a05,4ba36291865f36f0da464c1d21b89828,f0c21a35f5fd8a30ed8aa2627b766ada,0365542d9b0428dce6dd3fa472392d17,6c2a675559f7caa08b73359ccb75a22d,Web App Frontend Developer,https://www.getsaudijobs.com/jobs/view/web-app-frontend-developer,jsearch,1,1
59bdbd611baf74fc3b21eec7cf18859b,cbb20d204e296ee879620d18b266b27d,1c9c73d943b626d282f1cfce6686fbbf,0365542d9b0428dce6dd3fa472392d17,a2bd0075ead2d77cc9b4f5c65b14c7ab,Dot Net Full Stack Developer,https://www.naukrigulf.com/dot-net-full-stack-developer-jobs-in-riyadh-saudi-arabia-in-raqmiyat-l-l-c-2-to-8-years-m-cd-111352-jid-120826001451,jsearch,1,1
8151e129f76623412997d8f35fc5157f,e00329ae9fded7f76d7ec0ed08be7692,1c9c73d943b626d282f1cfce6686fbbf,0eacea33ffb217a026117e87966304ec,6c2a675559f7caa08b73359ccb75a22d,Senior Frontend Developer,https://www.jobleads.com/sa/job/senior-frontend-developer--eastern-province--e0c554b3925f2286f1d2b7792dceefe29,jsearch,1,1
c9e87001297be0af375262129ce477ff,838e000e87fadf6923cdc47195378dab,1c9c73d943b626d282f1cfce6686fbbf,318e05aba5a0571d2d69255d7308b0eb,6c2a675559f7caa08b73359ccb75a22d,Arabic Research Analyst: Global Profiles & Diligence,https://www.jobleads.com/sa/job/arabic-research-analyst-global-profiles-diligence--saudi-arabia--e30e8e554a0e5b6f9da93573b05053c84,jsearch,1,1
5fdbd02f305f783803d90651307fd8eb,e174dd01b2ae31d2d9c4a60cab487043,354d7fd84f7b8b771fce9e5e1d9d2621,0365542d9b0428dce6dd3fa472392d17,6c2a675559f7caa08b73359ccb75a22d,IT Business Specialist - Mobile Application Developer,https://builtin.com/job/it-business-specialist-mobile-application-developer/9847066,jsearch,1,1
c193f34d1e748da59b8bb2895f63ec66,44e0614cd2afee4b601436d034f2848b,1c9c73d943b626d282f1cfce6686fbbf,cb917c6b8f21aa05bd123b6b3ddb9d39,6c2a675559f7caa08b73359ccb75a22d,Data Engineering Team Leader,https://sa.linkedin.com/jobs/view/data-engineering-team-leader-at-riyad-bank-4442356001,jsearch,1,1
3ac698b61abfb90cdb144e84ab13cad7,3b0eb7469ba9c95f3a05c4cef1f6aac4,1c9c73d943b626d282f1cfce6686fbbf,0eacea33ffb217a026117e87966304ec,6c2a675559f7caa08b73359ccb75a22d,Senior ML Engineer – Production AI & MLOps,https://www.jobleads.com/sa/job/senior-ml-engineer-production-ai-mlops--riyadh--e9284f4b2c3c38a4dd4ae6f2da8d315ed,jsearch,1,1
881227c27d2c90208bb4bc870a5ad6ca,a6e9ebf8ae4288775e865f5e13a4dcb8,1c9c73d943b626d282f1cfce6686fbbf,318e05aba5a0571d2d69255d7308b0eb,6c2a675559f7caa08b73359ccb75a22d,GIS Data Analyst,https://www.founditgulf.com/job/gis-data-analyst-tmc-middle-east-saudi-arabia-67465410,jsearch,1,1
a8f2f9ea60089b3b1f0069dd4373a7d1,b8697c455aee3b352ec934e6bff314a3,f713c14731e8318994a7731b6fe5f413,0eacea33ffb217a026117e87966304ec,a2bd0075ead2d77cc9b4f5c65b14c7ab,Mid-Senior Fullstack Developer,https://sa.jooble.org/jdp/400215133839950828,jsearch,1,1
3ba3b6efd33754aba42bf706cfa1d9e0,e131203b0ab5ecaa91d2f496c8a4be31,1c9c73d943b626d282f1cfce6686fbbf,0365542d9b0428dce6dd3fa472392d17,a2bd0075ead2d77cc9b4f5c65b14c7ab,Web Developer — Free Visa & Flight for Kenyan Nationals,https://sa.jobrapido.com/jobpreview/1738308691452493824,jsearch,1,1
985b731b072e403ac3722c1b048789ea,6868a4f6ff792838a9e31a5ded7e793e,354d7fd84f7b8b771fce9e5e1d9d2621,0365542d9b0428dce6dd3fa472392d17,a2bd0075ead2d77cc9b4f5c65b14c7ab,Back-end Developer,https://bebee.com/sa/jobs/back-end-developer-perfect-vision-dammam--fj-2356352742,jsearch,1,1
88e03b0a577c9bf6c7945e9bdeb874f4,ccd9fe2e56b54d63deda11bfa8330400,354d7fd84f7b8b771fce9e5e1d9d2621,0365542d9b0428dce6dd3fa472392d17,219e3dfddc927539fcce8ff99b73f012,ROS / ROS2 Developer,https://en-sa.whatjobs.com/pub_api__cpl__10731156__7118?geoID=17353&utm_campaign=publisher&utm_medium=api&utm_source=freehire.me,freehire,1,1
45b27b66393b8fd50eb977c20ed46153,6b35f24420c563ec6ab27fd48b9ed081,1c9c73d943b626d282f1cfce6686fbbf,cb917c6b8f21aa05bd123b6b3ddb9d39,6c2a675559f7caa08b73359ccb75a22d,Data Analytics Senior Specialist,https://www.jobleads.com/sa/job/data-analytics-senior-specialist--saudi-arabia--e18e0c06c8200ebb770d6958b97c80534,jsearch,1,1
dd9f727e86c98614cf78df9e44369d19,31db23a08178960b9cf18dc3d0c9d2f5,1c9c73d943b626d282f1cfce6686fbbf,318e05aba5a0571d2d69255d7308b0eb,a2bd0075ead2d77cc9b4f5c65b14c7ab,Data Scientist I,https://sabbar.com/en/jobs/r-data-scientist-i/id-198d0d28-f0ce-4054-8d31-b73fd6c40b6c,jsearch,1,1
8e203134dd6468f333bdeeeac76579f3,223f3f7138ccd863aca3a191743fd2dc,1c9c73d943b626d282f1cfce6686fbbf,0fef93c3b93fe307b2b61b8dd7ef34e0,6c2a675559f7caa08b73359ccb75a22d,"Data Analyst: Insights & Visualizations, Flexible Hours",https://www.jobleads.com/sa/job/data-analyst-insights-visualizations-flexible-hours--riyadh--edfd67a971d71bdf3af426831f705a89f,jsearch,1,1
714644239ab06b40b128c1ea2d95be8d,cf8117012137b0e8f6b855adab4b13a7,1c9c73d943b626d282f1cfce6686fbbf,0365542d9b0428dce6dd3fa472392d17,6c2a675559f7caa08b73359ccb75a22d,Quality Assurance Engineer,https://jobs.bechtel.com/us/en/job/BCFBCKUS294559EXTERNALENUS/Quality-Assurance-Engineer,jsearch,1,1
fd4d64982f6e1d2fb5f676864d060ae4,0b84a8fcb4f8458bfb52b23d8e6ae9c3,1c9c73d943b626d282f1cfce6686fbbf,d6671ff37a9c08b76f2dd0fa70e46282,6c2a675559f7caa08b73359ccb75a22d,Network Operations Senior Advisor,https://sa.linkedin.com/jobs/view/network-operations-senior-advisor-network-operations-at-norconsult-telematics-4455264535,jsearch,1,1
b4bb6bfe3ccd4e14fce09663a6f956f9,6f34670402ab02e8527e8083214f8b57,1c9c73d943b626d282f1cfce6686fbbf,31e833930843cd0564e063ad6d8f31a5,6c2a675559f7caa08b73359ccb75a22d,Cloud Infrastructure Senior Officer,https://sa.linkedin.com/jobs/view/cloud-infrastructure-senior-officer-at-j-b-%D8%AC%D9%8A%D8%A8%D9%8A-4454256468,jsearch,1,1
3777de0b4c79f799bc8d48eb16b14d62,3a446414b31eb53c19045b6812e48273,6d90b93e2e06bed76b003b975aaa26de,33592aca294d19473e45d745e5716a19,6c2a675559f7caa08b73359ccb75a22d,Technical Support Officer,https://careers.isdb.org/job/Jeddah-Technical-Support-Officer-%28IT-Systems-and-Business-Analytics-Support%29-%28Outsourced-Contract%29/1363118955/,jsearch,1,1
72a41274d54297f77101cbd1b8a2497d,1d55af1659424cf94d869e2580a11bf8,f0c21a35f5fd8a30ed8aa2627b766ada,318e05aba5a0571d2d69255d7308b0eb,6c2a675559f7caa08b73359ccb75a22d,Security Operations Center Analyst,https://www.edarabia.com/security-operations-center-analyst-accenture-riyadh-saudi-arabia/,jsearch,1,1
fac41e76a7e6fa166edc5004cf93cba3,59d40a99ac63208a0a4d6637b1e54ce5,1c9c73d943b626d282f1cfce6686fbbf,6dd46c444d5b991c5c8bf6ee6a9ee751,6c2a675559f7caa08b73359ccb75a22d,Director - Data Center,https://sa.linkedin.com/jobs/view/director-data-center-at-first-point-group-4463468245,jsearch,1,1
045f33ce30e94ba9a84216ca7795052b,bd6305fa24489d7285f702470510f29d,1c9c73d943b626d282f1cfce6686fbbf,0eacea33ffb217a026117e87966304ec,a2bd0075ead2d77cc9b4f5c65b14c7ab,Senior Frontend Developer,https://www.founditgulf.com/job/senior-frontend-developer-angular-saudi-national-sanaam-saudi-arabia-44297723,jsearch,1,1
e7311437dff8c11f9433e5182bcd21d7,42fb1751bacfa9e294694a3d4b8f9041,354d7fd84f7b8b771fce9e5e1d9d2621,0365542d9b0428dce6dd3fa472392d17,6c2a675559f7caa08b73359ccb75a22d,Front-End Developer,https://bebee.com/sa/jobs/front-end-developer-perfect-vision-website-dammam--talent-590980671647852718,jsearch,1,1
973c98dc57a721958e97dc678c5bd9f5,5ef10916fc0fa2bd6aef45add0a44ddc,1c9c73d943b626d282f1cfce6686fbbf,0a1fc1c68e97eda6a429ed76efff0f34,6c2a675559f7caa08b73359ccb75a22d,ICT Storage &amp; Data Engineer 80 – 100%,https://sa.linkedin.com/jobs/view/ict-storage-amp-data-engineer-80-%E2%80%93-100%25-at-hochschule-luzern-digital-business-innovation-hslu-db-i-4455371280,jsearch,1,1
97b7b83b5fae37a4978b27c32cdbb679,864b82643533bc2ed4f91987721da2ac,f0c21a35f5fd8a30ed8aa2627b766ada,0365542d9b0428dce6dd3fa472392d17,6c2a675559f7caa08b73359ccb75a22d,AI / ML Engineer - 0–12+ Years Experience,https://bebee.com/sa/jobs/ai-ml-engineer-012-years-experience-datamatics-technologies-riyadh-riyadh-saudi-arabia--t7xk-765095865,jsearch,1,1
5b7e50ff92b4f7f878346f79d71430b9,17375baa89274e77086ae06da88994f0,1c9c73d943b626d282f1cfce6686fbbf,0365542d9b0428dce6dd3fa472392d17,a2bd0075ead2d77cc9b4f5c65b14c7ab,Front End Developer,https://sa.jobrapido.com/jobpreview/632438794091495424,jsearch,1,1
fe1a2d1f2771caa80dd42872a13b00ac,0adfb55696bdfa1ed7af824f8ced845f,1c9c73d943b626d282f1cfce6686fbbf,4ae3da5ed67df20569811bda7edda3f4,6c2a675559f7caa08b73359ccb75a22d,"UX/UI Designer: Figma, Research, Prototyping",https://www.jobleads.com/sa/job/ux-ui-designer-figma-research-prototyping--saudi-arabia--e964c5561c28f7e8905f70907cfd5ee63,jsearch,1,1
d7595b5ce790cb8b31c2c90a7f25ecfc,42fb1751bacfa9e294694a3d4b8f9041,354d7fd84f7b8b771fce9e5e1d9d2621,0365542d9b0428dce6dd3fa472392d17,6c2a675559f7caa08b73359ccb75a22d,Front End Back End IoT Engineer,https://bebee.com/sa/jobs/front-end-back-end-iot-engineer-perfect-vision-website-dammam--talent-590970200116899465,jsearch,1,1
f63cc9260192a42ed543d73eaa471229,9ce3d9b7654690289bccbc4f8ff96546,6d90b93e2e06bed76b003b975aaa26de,0eacea33ffb217a026117e87966304ec,a2bd0075ead2d77cc9b4f5c65b14c7ab,Senior Frontend-Odoo,https://apply.workable.com/squadio23/j/A482F38DC3/,jsearch,1,1
5071074909a41f0ea6682cec529940c5,bfe5ca48d5d7916eaa869972cfcfd761,1c9c73d943b626d282f1cfce6686fbbf,0eacea33ffb217a026117e87966304ec,a2bd0075ead2d77cc9b4f5c65b14c7ab,Senior Java Backend Engineer | Microservices & CI/CD Lead,https://sa.jooble.org/jdp/7684062999163938122,jsearch,1,1
cfc46f69bf5c880f4cc6c7b020616ce0,dd8fa16e8070e649301044bae3c43d04,1c9c73d943b626d282f1cfce6686fbbf,d6671ff37a9c08b76f2dd0fa70e46282,dcf52c9819dbea4ed680c1f89dccd1f8,Business Analysis Lead,https://sa.linkedin.com/jobs/view/business-analysis-lead-at-saudi-azm-%D8%B9%D8%B2%D9%85-%D8%A7%D9%84%D8%B3%D8%B9%D9%88%D8%AF%D9%8A%D8%A9-4445138276,jsearch,1,1
c4dc822d7f0f13497f8af4c32c3d7ff1,b3b3a6ac74ecbd56bcdbefa4799fb9df,1c9c73d943b626d282f1cfce6686fbbf,31e833930843cd0564e063ad6d8f31a5,dcf52c9819dbea4ed680c1f89dccd1f8,Senior Enterprise Cloud Sales Leader,https://www.jobleads.com/sa/job/senior-enterprise-cloud-sales-leader-ksa--riyadh--ea8b23b19098b504d6292f97a057eb94c,jsearch,1,1
e6c130a486c4ca5eb0a6a0b6d40b3fa4,0feb54b11116ae3406404306ea4cf03d,1c9c73d943b626d282f1cfce6686fbbf,0365542d9b0428dce6dd3fa472392d17,dcf52c9819dbea4ed680c1f89dccd1f8,Commissioning Engineer - MEP and ICT Systems,https://www.naukrigulf.com/commissioning-engineer-mep-and-ict-systems-jobs-in-saudi-arabia-in-parsons-5-to-10-years-n-cd-20010198-jid-240826501540,jsearch,1,1
1f1d9dc5c12c0d2889a3f1abe09c143a,4a0c0e11bb528d4b832f8f542e7248c8,f0c21a35f5fd8a30ed8aa2627b766ada,0365542d9b0428dce6dd3fa472392d17,dcf52c9819dbea4ed680c1f89dccd1f8,IT Support & Web Developer,https://sa.indeed.com/viewjob?jk=5b9ef54e741530ca,jsearch,1,1
e788152e8590b768ad38a5e3d38af465,6a0f3e98b02ccc7ddb249f87cca89d33,f0c21a35f5fd8a30ed8aa2627b766ada,926c7f46c8bc1c0c4d52943de3e83e37,dcf52c9819dbea4ed680c1f89dccd1f8,Junior IT Support Specialist,https://sa.jooble.org/jdp/-5897447431080813020,jsearch,1,1
4a6a405eb2fdb66bec96f84879bc2b69,5794eb7684889285cc91b0ef24212a0d,1c9c73d943b626d282f1cfce6686fbbf,0365542d9b0428dce6dd3fa472392d17,a2bd0075ead2d77cc9b4f5c65b14c7ab,SAP BTP Developer/SAP BTP FullStack Developer,https://www.naukrigulf.com/sap-btp-developer-sap-btp-fullstack-developer-jobs-in-saudi-arabia-in-tecnics-integration-technologies-8-to-10-years-n-cd-20010126-jid-140926501717,jsearch,1,1
570bd835f132e358a899d511d9166277,d672826661f5800a6f949d9e031e3e08,1c9c73d943b626d282f1cfce6686fbbf,0365542d9b0428dce6dd3fa472392d17,a2bd0075ead2d77cc9b4f5c65b14c7ab,SR backend developers,https://www.founditgulf.com/job/sr-backend-developers-microservices-innovation-team-saudi-arabia-56598969,jsearch,1,1
adb9ab999469a58099a20130351ffb25,d3b751bbc1543d1c806c4c8ede39ab0d,826161723f8719527bfa31fe132a5cad,31e833930843cd0564e063ad6d8f31a5,dcf52c9819dbea4ed680c1f89dccd1f8,Senior OpenStack & Kubernetes Cloud Engineer,https://sa.jooble.org/jdp/4097663491630344826,jsearch,1,1
d9e90952d3aff5e19d9225d292acf570,26cb7b9bbd03314082aace9b701d852d,1c9c73d943b626d282f1cfce6686fbbf,31e833930843cd0564e063ad6d8f31a5,dcf52c9819dbea4ed680c1f89dccd1f8,Cloud Compute SME Lead: Hybrid Infra & Cloud Migrations,https://www.jobleads.com/sa/job/cloud-compute-sme-lead-hybrid-infra-cloud-migrations--saudi-arabia--e2a93c464e564e86c8ee797f940dd37ef,jsearch,1,1
e7f08aff97cab51f6570643650b05132,2805b86b30e64ca26f8f047cf13d8a2a,391aec1a75d5d8808d5e1f9999ef681b,0365542d9b0428dce6dd3fa472392d17,a2bd0075ead2d77cc9b4f5c65b14c7ab,"Frontend Developer - Fast, Scalable UI",https://sa.jooble.org/jdp/5879697477520263396,jsearch,1,1
56ad9c8403a0fd7bcc1f669f6e73dda5,de9b370a0b1c44a960ea4131b0669890,f0c21a35f5fd8a30ed8aa2627b766ada,e86d3956d9c8df67f83ca031f8ae081c,a5f78aedefc93c72e18880849bb06461,Staff Software Engineer,https://en-sa.whatjobs.com/pub_api__cpl__10734327__7118?geoID=12&utm_campaign=publisher&utm_medium=api&utm_source=freehire.me,freehire,1,1
bb35ff30c446e2a8cb259f988c2e8f61,a347332cf465c2eb37528a795946ffc0,f0c21a35f5fd8a30ed8aa2627b766ada,0eacea33ffb217a026117e87966304ec,219e3dfddc927539fcce8ff99b73f012,Senior .NET Core Backend Engineer: Scalable APIs,https://en-sa.whatjobs.com/pub_api__cpl__10729886__7118?geoID=12&utm_campaign=publisher&utm_medium=api&utm_source=freehire.me,freehire,1,1
0f71fa4d70924faa6454c8995e0e2219,f3f042b47bcf4f12d4887455f4785364,f0c21a35f5fd8a30ed8aa2627b766ada,d7838c27eb8edd2545575ee454783c2a,f9f0b181b93f616e1b2fd13a7eb68819,IT Help Desk,https://apply.workable.com/j/1AE823C148?utm_source=freehire.me,freehire,1,1
7227363fa5d1ac54be64767b7663051a,7bd0b25c751e0450761e6c81ef9eb71d,354d7fd84f7b8b771fce9e5e1d9d2621,318e05aba5a0571d2d69255d7308b0eb,ce4f5baa48cd135ee14b7625e51d9dca,Human Capital Information System Analyst,https://fusion-iaeikf.fa.ocs.oraclecloud.com/hcmUI/CandidateExperience/en/sites/SaudiCementCareerSite/job/51?utm_source=freehire.me,freehire,1,1
220d88651f7dfdc032663d30ebf939bc,a347332cf465c2eb37528a795946ffc0,f0c21a35f5fd8a30ed8aa2627b766ada,0eacea33ffb217a026117e87966304ec,a2bd0075ead2d77cc9b4f5c65b14c7ab,Senior Backend Developer .NET Core,https://www.jobilize.com/job/sa-riyadh-senior-backend-developer-net-core-uzaif-hiring-now-job-immediately,jsearch,1,1
ddbf01f5f5810d434d61dbe330035019,0645f775abc48eec7321083171646afb,1c9c73d943b626d282f1cfce6686fbbf,d6671ff37a9c08b76f2dd0fa70e46282,ce4f5baa48cd135ee14b7625e51d9dca,Senior Technical Program Manager,https://jobs.lever.co/jobgether/0a8dcec3-a59b-4d62-8694-99ac25546a76?utm_source=freehire.me,freehire,1,1
e74305a2dba0cf03f351351c3e5e759f,10bb9084b86bb0215a2900f26c066823,f0c21a35f5fd8a30ed8aa2627b766ada,9271781a32ce297cc26f9c3ae484921f,f9f0b181b93f616e1b2fd13a7eb68819,Manager - Cybersecurity Governance,https://apply.workable.com/j/06B90BA4B6?utm_source=freehire.me,freehire,1,1
fb84b1354e4bca297782366fe45f2a52,1ec9c3e513337b81f7b22a754af941d3,1c9c73d943b626d282f1cfce6686fbbf,0365542d9b0428dce6dd3fa472392d17,6c2a675559f7caa08b73359ccb75a22d,Quality Software Engineer,https://en-sa.whatjobs.com/pub_api__cpl__10751064__7118?utm_campaign=publisher&utm_medium=api&utm_source=freehire.me,freehire,1,1
4c4e6fc298950513051635711ad8cda4,1aaa886c1db7978fe2d3454db05d5e5d,f0c21a35f5fd8a30ed8aa2627b766ada,cb917c6b8f21aa05bd123b6b3ddb9d39,08df6d4ff68729b9d2b5d2d186f39eca,Senior Data Engineer — Production AI Pipelines,https://en-sa.whatjobs.com/pub_api__cpl__10688120__7118?geoID=12&utm_campaign=publisher&utm_medium=api&utm_source=freehire.me,freehire,1,1
4663dc17fc9fefb3ff2b0121d2a46dd6,c845cc15788eb9fb31daf4730946b4b6,1c9c73d943b626d282f1cfce6686fbbf,36342576b66b21f59333da16ca84323f,de0797d3a18f388374620c58fafbec2e,Project Manager,https://fa-evvx-saasfaprod1.fa.ocs.oraclecloud.com/hcmUI/CandidateExperience/en/sites/jobsearch/job/9114?utm_source=freehire.me,freehire,1,1
a934151d6b97a32d95a6d0cd3d40c2d3,c3939e8e5e9ff31b4512f91be96c0e60,f0c21a35f5fd8a30ed8aa2627b766ada,c6f3cdee1f1d7bffbc93424feb6b5588,d557a99c5a2c130956021cd4e1bdd18f,Senior Network Security Engineer,https://apply.workable.com/j/66624240FB?utm_source=freehire.me,freehire,1,1
d0ab761371c976faf997a623ae73a156,dd6c697dc688099de1fc5f8ce3450c3c,f0c21a35f5fd8a30ed8aa2627b766ada,63b8678eb2a0462a441f30d3a7d0ea58,a2bd0075ead2d77cc9b4f5c65b14c7ab,Data Engineer Intern - Real Engineering Experience & Growth,https://en-sa.whatjobs.com/pub_api__cpl__10755695__7118?geoID=12&utm_campaign=publisher&utm_medium=api&utm_source=freehire.me,freehire,1,1
0fcc348d9a1120510e5fe40f164f3e6b,636b795b0fdbe648c14bf4bb17610bd4,1c9c73d943b626d282f1cfce6686fbbf,33592aca294d19473e45d745e5716a19,a2bd0075ead2d77cc9b4f5c65b14c7ab,CAD/CAM Programmer / CAD/CAM Technician,https://en-sa.whatjobs.com/pub_api__cpl__10755454__7118?utm_campaign=publisher&utm_medium=api&utm_source=freehire.me,freehire,1,1
54f11f39653b6e937b3a4e68d106800d,0645f775abc48eec7321083171646afb,1c9c73d943b626d282f1cfce6686fbbf,4ac87bb113bcb1db57944374f9e6543c,cc84a9cd4e85ac79309601f98124b0a8,Lead AI Generative Designer,https://jobs.lever.co/jobgether/0712514c-2edb-4c3a-a633-be007a14cff2?utm_source=freehire.me,freehire,1,1
8a2160394d4a481ac896ce0bdae4a6f5,c00ef8433aa7ddec6e13e5caf73b92a6,1c9c73d943b626d282f1cfce6686fbbf,4bc88fd2b8bb9462fdadfdaabe442cc9,f14cc5cdce0420f4a5a6b6d9d7b85f39,Information Technology Lead,https://saudi.tanqeeb.com/jobs-in-saudi/all/jobs/021136401.html,tanqeeb,1,1
796664bb54911b61d35ba7fd05b2833e,a02916e032224e1af05e4aece2d4bd34,1c9c73d943b626d282f1cfce6686fbbf,33592aca294d19473e45d745e5716a19,6167ab9390137272046d62240db4ee61,Information Technology Specialist,https://saudi.tanqeeb.com/jobs-in-saudi/all/jobs/021195725.html,tanqeeb,1,1
dbf6430de1598ee7fb502297ff2d9bb9,09ad3d4f54798ff70406e77ec7804179,1c9c73d943b626d282f1cfce6686fbbf,d9fbabdcde99c043950630e5f18b91bb,11166d23a407490809bc5b1fe5231d99,IT Support Network Administrator,https://saudi.tanqeeb.com/jobs-in-saudi/all/jobs/021212560.html,tanqeeb,1,1
1de2a4fe41e27bcbb10f6461092d6fcc,11a9d734ff1d1ea0d0410a8081442de1,6d90b93e2e06bed76b003b975aaa26de,d33592c263a2f4f982c5db4389969c4f,f14cc5cdce0420f4a5a6b6d9d7b85f39,IT Project Manager PMO,https://saudi.tanqeeb.com/jobs-in-saudi/all/jobs/021157005.html,tanqeeb,1,1
b9a2051eb40059ae12a4d2aad484caec,5a8ae81650093af454633586f876a3ae,6d90b93e2e06bed76b003b975aaa26de,d33592c263a2f4f982c5db4389969c4f,fc80b6d5af5f41d5fe35d95b7078b1fb,Assistant IT Manager,https://saudi.tanqeeb.com/jobs-in-saudi/all/jobs/021204725.html,tanqeeb,1,1
99f6172c273712e25f471b32f354836c,6611a2fee5aca8a05a63b022170d02e6,1c9c73d943b626d282f1cfce6686fbbf,b5a8cef62ef3a120974ef4e9d6775f81,f14cc5cdce0420f4a5a6b6d9d7b85f39,Senior IT Infrastructure Engineer,https://saudi.tanqeeb.com/jobs-in-saudi/all/jobs/021060079.html,tanqeeb,1,1
6d1912897f18070f7e81e7aebf7b1bc1,05f3d7da298d805196cec2b4bc4c12fd,1c9c73d943b626d282f1cfce6686fbbf,e86d3956d9c8df67f83ca031f8ae081c,f64238e15003a89cd484c338f34d21b8,Machine Learning Engineer,,tapneo,1,1
c52101dc1bdcf38916107c905b3525f7,85433590b9e1ced56063b8419d6bb475,1c9c73d943b626d282f1cfce6686fbbf,87b1933db1b3bc75ac2bd7e51147e919,28579dd0ba2741150e25a2e4d5d15ccc,Solutions Engineer,,tapneo,1,1
2aba051f1493a0308ce52fad3ba3b786,0ac34737b6457c8213fc9813b0f09fd0,1c9c73d943b626d282f1cfce6686fbbf,d7838c27eb8edd2545575ee454783c2a,1a78d3e6cf833fde627a8cc443e0eca6,Enterprise Architect,,tapneo,1,1
bff0328a5f83fe9ba13f5ca82a077e02,fdc32f054119d6e40089d1810ac35c9c,1c9c73d943b626d282f1cfce6686fbbf,0365542d9b0428dce6dd3fa472392d17,6c2a675559f7caa08b73359ccb75a22d,Software Engineer,https://sa.linkedin.com/jobs/view/software-engineer-at-minio-4428125825,jsearch,1,1
80c8ae8684d96587175fe0d2ee8bc2ed,d09578e5da592bf59af3a8be2ed010ab,1c9c73d943b626d282f1cfce6686fbbf,31e833930843cd0564e063ad6d8f31a5,6c2a675559f7caa08b73359ccb75a22d,DevOps Lead,https://www.naukrigulf.com/devops-lead-jobs-in-riyadh-saudi-arabia-in-client-of-imploy-7-to-12-years-n-cd-50000292-jid-210726500362,jsearch,1,1
97787c62c45833ca9b72f7561e2933a1,c2e70fbae5f95506396162dab6617978,1c9c73d943b626d282f1cfce6686fbbf,318e05aba5a0571d2d69255d7308b0eb,6c2a675559f7caa08b73359ccb75a22d,"Python and Kubernetes Software Engineer - Data, AI/ML & Analytics",https://sa.linkedin.com/jobs/view/python-and-kubernetes-software-engineer-data-ai-ml-analytics-at-canonical-4148910573,jsearch,1,1
1e49c71f78874cf800f7339aa90dea25,abe0f53bfd6b65c5108e24c95e6fcb0e,1c9c73d943b626d282f1cfce6686fbbf,33592aca294d19473e45d745e5716a19,dcf52c9819dbea4ed680c1f89dccd1f8,SAP Basis Administrator,https://www.bayt.com/en/saudi-arabia/jobs/sap-basis-administrator-75169616/,jsearch,1,1
895df0b962309efdc3636d6b84dd810f,1c45ce75a4094770955ef9c5efa23f6f,1c9c73d943b626d282f1cfce6686fbbf,318e05aba5a0571d2d69255d7308b0eb,dcf52c9819dbea4ed680c1f89dccd1f8,Database Specialist,https://www.gulftalent.com/saudi-arabia/jobs/database-specialist-626178,jsearch,1,1
c62e037f5a57d3f754e9858083b5da10,df81bf1c0a0a83bdf8572756112926e4,6d90b93e2e06bed76b003b975aaa26de,0eacea33ffb217a026117e87966304ec,a2bd0075ead2d77cc9b4f5c65b14c7ab,Senior Full-Stack Engineer - Enterprise AI & ERP,https://sa.jooble.org/jdp/3952466472333099698,jsearch,1,1
d80bee155136bf6d95ca488712c6f328,0e2bcb25af2636b5c7c53b540f95e565,1c9c73d943b626d282f1cfce6686fbbf,8f55ffa788f0fa4c7b39e1382e97ccbc,a5f78aedefc93c72e18880849bb06461,Occupational Violence and Aggression Program Manager,https://fa-exfs-saasfaprod1.fa.ocs.oraclecloud.com/hcmUI/CandidateExperience/en/sites/jobsearch/job/736701?utm_source=freehire.me,freehire,1,1
43c5310571c1df5c6ece644c36ef2b1e,88da587f17356f5743a049810a2163cd,f0c21a35f5fd8a30ed8aa2627b766ada,0365542d9b0428dce6dd3fa472392d17,219e3dfddc927539fcce8ff99b73f012,"Forward Deployed Engineer, GCC",https://job-boards.greenhouse.io/telnyx54/jobs/7826744003?utm_source=freehire.me,freehire,1,1
6fcf467505dcd78c86c37e30312e08e0,581efa873817738de0b22803f83b9c12,f0c21a35f5fd8a30ed8aa2627b766ada,0365542d9b0428dce6dd3fa472392d17,219e3dfddc927539fcce8ff99b73f012,Backend Engineer II — Go/RoR/Python/Java | Relocation,https://en-sa.whatjobs.com/pub_api__cpl__10730902__7118?geoID=12&utm_campaign=publisher&utm_medium=api&utm_source=freehire.me,freehire,1,1
cb67ff0c93bb5650f4412c4aa1671819,0645f775abc48eec7321083171646afb,1c9c73d943b626d282f1cfce6686fbbf,0365542d9b0428dce6dd3fa472392d17,219e3dfddc927539fcce8ff99b73f012,Developer Advocate,https://jobs.lever.co/jobgether/03b95c59-3c8b-48b9-aa94-87194f7ba28e?utm_source=freehire.me,freehire,1,1
270b253e55d77d7dca3632675ee2a515,0645f775abc48eec7321083171646afb,1c9c73d943b626d282f1cfce6686fbbf,8f55ffa788f0fa4c7b39e1382e97ccbc,219e3dfddc927539fcce8ff99b73f012,Technical Project Manager,https://jobs.lever.co/jobgether/02aa8fe7-58af-4345-8fd0-82c0add23360?utm_source=freehire.me,freehire,1,1
f636b17915cfc85fb7c13d8a8ea1f50f,9cce322dc40fae5f82a2f281286a6197,f0c21a35f5fd8a30ed8aa2627b766ada,0365542d9b0428dce6dd3fa472392d17,f9f0b181b93f616e1b2fd13a7eb68819,Forward Deployed AI Engineer,https://crayondata.zohorecruit.com/jobs/Careers/558118000021931022?utm_source=freehire.me,freehire,1,1
44c3155cb6305a96446cf073c37b2d75,4c44f783515677cb01d36a9058259e1d,f0c21a35f5fd8a30ed8aa2627b766ada,d6671ff37a9c08b76f2dd0fa70e46282,f9f0b181b93f616e1b2fd13a7eb68819,Senior Development Lead - Full Stack Microservices,https://apply.workable.com/j/42138757DF?utm_source=freehire.me,freehire,1,1
884f35416bac09091b4c711afc572b63,ee70fcfa9cc393646b82c759cf06e43e,f0c21a35f5fd8a30ed8aa2627b766ada,d6671ff37a9c08b76f2dd0fa70e46282,cc84a9cd4e85ac79309601f98124b0a8,Principal Product Manager,https://job-boards.greenhouse.io/thoughtworksreferral/jobs/8200923?utm_source=freehire.me,freehire,1,1
b5810cf405cfc9b2ae1fe97a04c38cf0,372370615a8eb672125b76b5ee9fd7a3,f713c14731e8318994a7731b6fe5f413,33592aca294d19473e45d745e5716a19,dcf52c9819dbea4ed680c1f89dccd1f8,Instructor Electronic Communication Tech,https://jobsearch.baesystems.com/job/instructor-electronic-communication-tech-00138369,jsearch,1,1
d68fb544b80fe82f9c34152df6a8acac,d6e8bf32d840a9df33c10c393c26a1f8,1c9c73d943b626d282f1cfce6686fbbf,6292dd31ed918f0cf6f8bb0ab26d6181,dcf52c9819dbea4ed680c1f89dccd1f8,Cloud Security Consultant,https://www.founditgulf.com/job/cloud-security-consultant-datamatics-global-service-saudi-arabia-62556109,jsearch,1,1
8afd69f42ce15296d53b2a4a185382d5,b1acaef5b07f33f7860da329b7d82bf6,f0c21a35f5fd8a30ed8aa2627b766ada,318e05aba5a0571d2d69255d7308b0eb,5bd9356d753f1fd99468ef4b1c1df52b,"Databricks Data Engineer: Pipelines, Delta Lake & Dashboards",https://en-sa.whatjobs.com/pub_api__cpl__10741069__7118?geoID=12&utm_campaign=publisher&utm_medium=api&utm_source=freehire.me,freehire,1,1
0797250d5d540368dece926220c2789c,1193b43d61243259cdbbe014aa0082f9,f0c21a35f5fd8a30ed8aa2627b766ada,76f79901999aaeb205cd0e4050c1b9db,219e3dfddc927539fcce8ff99b73f012,UX Team Lead,https://apply.workable.com/j/AEF4F30C91?utm_source=freehire.me,freehire,1,1
c16f8281ef53c6d9494c5f98cb1d0a72,9b26b87f877b279f5205beca106a978f,f0c21a35f5fd8a30ed8aa2627b766ada,8f55ffa788f0fa4c7b39e1382e97ccbc,0cdf73ff2b30ed7aa6206fde112bee77,Project Manager,https://www.bursonglobal.com/careers/jobs?gh_jid=5425503008&utm_source=freehire.me,freehire,1,1
c8c1aa70d28e2b517e9ec06206042271,4d2760112b1daa9d2049b0b724f00ecb,1c9c73d943b626d282f1cfce6686fbbf,8f55ffa788f0fa4c7b39e1382e97ccbc,6c2a675559f7caa08b73359ccb75a22d,"Product Manager of AI Applications, Global Public Sector",https://job-boards.greenhouse.io/scaleai/jobs/4589749005?utm_source=freehire.me,freehire,1,1
abfdf2e5a2c2c567b123aea80a7e1e01,266f9b47e0486dcdb50a4c522426890e,1c9c73d943b626d282f1cfce6686fbbf,31e833930843cd0564e063ad6d8f31a5,08df6d4ff68729b9d2b5d2d186f39eca,Senior Linux Infrastructure Lead and DevOps Automation,https://en-sa.whatjobs.com/pub_api__cpl__10683642__7118?utm_campaign=publisher&utm_medium=api&utm_source=freehire.me,freehire,1,1
30ce3d87eecdc3d4d533b17800adf634,f21808b6c395aa5adff683b60ef6fe15,1c9c73d943b626d282f1cfce6686fbbf,4ac87bb113bcb1db57944374f9e6543c,5dbc2bbcfa2c2ab726b8f9ac786f2258,Senior Brand Designer,https://himalayas.app/companies/novra/jobs/senior-brand-designer?utm_source=freehire.me,freehire,1,1
d1ad28d9c9201ca3af0c90a0d9aeeaab,7b1d1185b835814de783483f686e9825,f0c21a35f5fd8a30ed8aa2627b766ada,c6f3cdee1f1d7bffbc93424feb6b5588,5dbc2bbcfa2c2ab726b8f9ac786f2258,Senior Cybersecurity Solutions Engineer - Splunk,https://careers.cisco.com/global/en/job/CISCISGLOBAL2012553EXTERNALENGLOBAL?utm_source=freehire.me,freehire,1,1
26a23dd8a0c6f723376f67c007977194,b001a4c08ad01b840a782eaa65c4502c,1c9c73d943b626d282f1cfce6686fbbf,0365542d9b0428dce6dd3fa472392d17,de0797d3a18f388374620c58fafbec2e,Software Engineer II,https://jobs.smartrecruiters.com/Flywire1/744000146145269-software-engineer-ii?utm_source=freehire.me,freehire,1,1
1a3068d87777800a0fffb06cc3a15a86,0e2bcb25af2636b5c7c53b540f95e565,1c9c73d943b626d282f1cfce6686fbbf,8f55ffa788f0fa4c7b39e1382e97ccbc,de0797d3a18f388374620c58fafbec2e,Project Manager -Space Approach to Market,https://fa-exfs-saasfaprod1.fa.ocs.oraclecloud.com/hcmUI/CandidateExperience/en/sites/CareersAtDowner/job/736288?utm_source=freehire.me,freehire,1,1
022144f39cec814ca97a7bf9fcc88eb4,d60306b827358b0b2d82995d79b3616a,e3d84c82507d974ff8564a5dae31e755,0365542d9b0428dce6dd3fa472392d17,82347fe834cbdd54ae50f6e790b97296,Project Coordinator - Engineering,https://kbr.wd5.myworkdayjobs.com/KBR_Careers/job/Corniche-Al-Khobar-Eastern-Region-Saudi-Arabia/Project-Coordinator---Engineering_R2128772?utm_source=freehire.me,freehire,1,1
10db2b44cc280fc14e5ec5ed0b658ea3,57040fe2fe7a0a1e9ab043ae1f5d9845,1c9c73d943b626d282f1cfce6686fbbf,0365542d9b0428dce6dd3fa472392d17,dcf52c9819dbea4ed680c1f89dccd1f8,Automation Engineer - Production Systems & Documentation,https://sa.jobrapido.com/jobpreview/4925153826421342208,jsearch,1,1
a844ece28335841b079cb001b0138832,3d6270186a4e4c0c415e49b37b414206,f0c21a35f5fd8a30ed8aa2627b766ada,8f55ffa788f0fa4c7b39e1382e97ccbc,81795545610c5eaa7922dbdf3e64516e,Project Manager Officer,https://acuvon.zohorecruit.com/jobs/Careers/761857000007310137?utm_source=freehire.me,freehire,1,1
162aedea5bf587dcffc7f6da9bc04f24,0645f775abc48eec7321083171646afb,1c9c73d943b626d282f1cfce6686fbbf,0eacea33ffb217a026117e87966304ec,a2bd0075ead2d77cc9b4f5c65b14c7ab,Senior Site Reliability Engineer,https://jobs.lever.co/jobgether/1fe01f51-cc2b-4772-b782-82135d8e12c7?utm_source=freehire.me,freehire,1,1
9ac7753541fd3c78c13dcb23cf4d45cf,f0be81060dc1756c468ef2b6026d56f2,f0c21a35f5fd8a30ed8aa2627b766ada,4bc88fd2b8bb9462fdadfdaabe442cc9,a2bd0075ead2d77cc9b4f5c65b14c7ab,Associate Director - Senior Project Manager,https://emit.fa.ca3.oraclecloud.com/hcmUI/CandidateExperience/en/sites/CX_2001/job/95594?utm_source=freehire.me,freehire,1,1
0b20e7ab3495be9bf7d075e4cc448a1c,a5734424887783d782c4136b7aff71c5,1c9c73d943b626d282f1cfce6686fbbf,0eacea33ffb217a026117e87966304ec,ac801ea38d61b8f3e71e0f7d88cbe23a,Forward Deployed AI Engineer Expert / Senior,https://jobs.sap.com/job/Garching-bei-M%C3%BCnchen-%28Munich%29-Forward-Deployed-AI-Engineer-Expert-Senior-%28fmd%29-85748/1421698133/?utm_source=freehire.me,freehire,1,1
c2eb10b233e9566a9d7f610a28e0dc58,7b1d1185b835814de783483f686e9825,f0c21a35f5fd8a30ed8aa2627b766ada,0365542d9b0428dce6dd3fa472392d17,ac801ea38d61b8f3e71e0f7d88cbe23a,"Solutions Engineer, Portfolio",https://cisco.wd5.myworkdayjobs.com/Cisco_Careers/job/Riyadh-Saudi-Arabia/Solutions-Engineer--Portfolio---KSA_2005214?utm_source=freehire.me,freehire,1,1
9f640fa2d4015658dd1cab1aac648ed6,c79192fa9a0977ab53195253cd55fba6,6d90b93e2e06bed76b003b975aaa26de,d7838c27eb8edd2545575ee454783c2a,d557a99c5a2c130956021cd4e1bdd18f,IT support Officer,https://apply.workable.com/j/907EBFED03?utm_source=freehire.me,freehire,1,1
357d00d05ee2c572563c07498cf6b702,bd90b8ad3e6cc23537631ad2563983e7,f0c21a35f5fd8a30ed8aa2627b766ada,0365542d9b0428dce6dd3fa472392d17,08df6d4ff68729b9d2b5d2d186f39eca,Staff Software Engineer: Modernize Systems & Microservices,https://en-sa.whatjobs.com/pub_api__cpl__10687536__7118?geoID=12&utm_campaign=publisher&utm_medium=api&utm_source=freehire.me,freehire,1,1
855cbaf4bd10ea29d9b7ae2b39899296,d60306b827358b0b2d82995d79b3616a,e3d84c82507d974ff8564a5dae31e755,4ac87bb113bcb1db57944374f9e6543c,08df6d4ff68729b9d2b5d2d186f39eca,Sr. Principal Designer - Telecommunication,https://kbr.wd5.myworkdayjobs.com/KBR_Careers/job/Corniche-Al-Khobar-Eastern-Region-Saudi-Arabia/Sr-Principal-Designer---Telecommunication_R2129132?utm_source=freehire.me,freehire,1,1
71314103e60a1151476a7e8d76f57a2b,bdb761f70affcd86a4c3e71b467c171e,6d90b93e2e06bed76b003b975aaa26de,2f5f613f428077e0cf00a584c89878d8,08ae0a83a27deec7658e9ad951b803c7,Information Technology Manager,https://saudi.tanqeeb.com/jobs-in-saudi/all/jobs/021216861.html,tanqeeb,1,1
8dcd73e1ca6d36d79f8069d565800d14,afb87b393d9c759e8a218b56d0f895e0,1c9c73d943b626d282f1cfce6686fbbf,c8dffd1c33919eea9404183529685fd7,4cc07e56be1ca67d7c11b740cd6ffc08,IT Support Engineers,https://saudi.tanqeeb.com/jobs-in-saudi/all/jobs/021180560.html,tanqeeb,1,1
8e2329e11094325286a4fd3da823b30f,6882bbe6149bde9f1760d53067e904b7,6d90b93e2e06bed76b003b975aaa26de,d33592c263a2f4f982c5db4389969c4f,4422f3776893cba6d18e8f258c63716f,Assistant Project Manager  ELV / ICT,https://saudi.tanqeeb.com/jobs-in-saudi/all/jobs/021200560.html,tanqeeb,1,1
d5031109fff43deebf1d136a2804b189,eef5c447c38260c654f5941ec1ae5538,6d90b93e2e06bed76b003b975aaa26de,d7838c27eb8edd2545575ee454783c2a,f14cc5cdce0420f4a5a6b6d9d7b85f39,Information Technology Governance Consultant,https://saudi.tanqeeb.com/jobs-in-saudi/all/jobs/021063092.html,tanqeeb,1,1
77628bf4ca996d7ec1b16a7e621fadf4,eef5c447c38260c654f5941ec1ae5538,f0c21a35f5fd8a30ed8aa2627b766ada,2f5f613f428077e0cf00a584c89878d8,f14cc5cdce0420f4a5a6b6d9d7b85f39,IT Operations Manager,https://saudi.tanqeeb.com/jobs-in-saudi/all/jobs/021036891.html,tanqeeb,1,1
a7adfdca22c0ed3ef4d1e8182daba81a,bfe5ca48d5d7916eaa869972cfcfd761,1c9c73d943b626d282f1cfce6686fbbf,87b1933db1b3bc75ac2bd7e51147e919,81795545610c5eaa7922dbdf3e64516e,IT Technical Engineer - Fresh Graduate,https://saudi.tanqeeb.com/jobs-in-saudi/all/jobs/021187728.html,tanqeeb,1,1
399a740de0c2e4d65aa5afc1898fd4ef,cd5597c2fd8eecced26e89d98488988b,1c9c73d943b626d282f1cfce6686fbbf,0fc5b4e9c9d3d7b80733e6e9280a7639,51d990247521645cad78960e814293ac,Software Engineer,,tapneo,1,1
9267856222c4f47f254e7cecd731d515,de8bebaaa46375d07b084b3209bfe8be,1c9c73d943b626d282f1cfce6686fbbf,87b1933db1b3bc75ac2bd7e51147e919,6c6e321ee316f845aeb0047ae6b27f38,Software Engineer,,tapneo,1,1
4e60b3b013579de9a264f9561a1be35c,63071bfac87ec07c63de59638818f687,1c9c73d943b626d282f1cfce6686fbbf,cb917c6b8f21aa05bd123b6b3ddb9d39,1a78d3e6cf833fde627a8cc443e0eca6,Senior Data Engineer,,tapneo,1,1
770ddfb2adfd8d706ecf6d6ff59ad8ec,7b0879d844a351230a24535ee9320870,1c9c73d943b626d282f1cfce6686fbbf,87b1933db1b3bc75ac2bd7e51147e919,b6407620336ab48e16e1aff862e033b9,Software Quality Engineer,,tapneo,1,1
0bd8c7f764362d960cb714f83e31ec5c,864b82643533bc2ed4f91987721da2ac,1c9c73d943b626d282f1cfce6686fbbf,a2a7a118ec3036466fdf100b7d8fd573,4158b202244f39becd011a0333d89343,Senior Data Engineer,,tapneo,1,1
fe4ba51473292ba86d3c3e53f3210b5a,3e6912d9edf078375c9e015fb05851d4,1c9c73d943b626d282f1cfce6686fbbf,2f5f613f428077e0cf00a584c89878d8,d7431b6dd465e000937ff8ece439488e,Product Manager,,tapneo,1,1
2ce4d550f134e2b1ad45e576aeba976c,f0a728da427207f05c1c4ab8dc1baea3,1c9c73d943b626d282f1cfce6686fbbf,0fef93c3b93fe307b2b61b8dd7ef34e0,c1ba76476c25772828bbdacf37075037,Data Analyst,,tapneo,1,1
8bd9d362af793b68dfb59ac2dc817d00,cdf1c227ab6a19518673a33a17aeb4ac,1c9c73d943b626d282f1cfce6686fbbf,0365542d9b0428dce6dd3fa472392d17,e713232bfb0aaeb3697249cf6b928488,Solutions Engineer,,tapneo,1,1
06c91504ec6dbbca0466bfeb3707862b,0b84a8fcb4f8458bfb52b23d8e6ae9c3,1c9c73d943b626d282f1cfce6686fbbf,21069c033967b1b2dff8053758441a61,c1ba76476c25772828bbdacf37075037,Data Analyst,,tapneo,1,1
f888a39d6a066a47c6dace78a2ee76fd,cd10cce54416ba490e86f1cb4d8c7208,1c9c73d943b626d282f1cfce6686fbbf,0fef93c3b93fe307b2b61b8dd7ef34e0,b853c3142b031e496054880e3912aa1b,Data Scientist,,tapneo,1,1
da65f08e9aef20944ea7ef114dff2555,0d7fd51250c5b1880f49c9c3b82a03ec,f0c21a35f5fd8a30ed8aa2627b766ada,318e05aba5a0571d2d69255d7308b0eb,219e3dfddc927539fcce8ff99b73f012,QA/QC Engineer - Data Center,https://job-boards.greenhouse.io/decimainternational/jobs/4709457006?utm_source=freehire.me,freehire,1,1
985ca0da6f9c97a04d7614e780728d66,b001a4c08ad01b840a782eaa65c4502c,1c9c73d943b626d282f1cfce6686fbbf,0365542d9b0428dce6dd3fa472392d17,de0797d3a18f388374620c58fafbec2e,Software Engineer I,https://jobs.smartrecruiters.com/Flywire1/744000146142504-software-engineer-i?utm_source=freehire.me,freehire,1,1
2cfacc46e7b5fdb3b9ac85a515ffe91a,a174946b07e6af51ab27a7dcf3af3fa7,1c9c73d943b626d282f1cfce6686fbbf,d6671ff37a9c08b76f2dd0fa70e46282,f14cc5cdce0420f4a5a6b6d9d7b85f39,Head of Information Technology,https://saudi.tanqeeb.com/jobs-in-saudi/all/jobs/021114826.html,tanqeeb,1,1
3249413640823aea709efb19f9e1d66e,e934dded815a2adfd198e4939fec3fab,1c9c73d943b626d282f1cfce6686fbbf,33592aca294d19473e45d745e5716a19,82347fe834cbdd54ae50f6e790b97296,IT Specialist,https://saudi.tanqeeb.com/jobs-in-saudi/all/jobs/021191835.html,tanqeeb,1,1
039582ccc7c2c0e1dbacdca2b8302e53,830a22b28e6a104b223d625a821379b0,1c9c73d943b626d282f1cfce6686fbbf,d33592c263a2f4f982c5db4389969c4f,f14cc5cdce0420f4a5a6b6d9d7b85f39,IT Service Level Manager,https://saudi.tanqeeb.com/jobs-in-saudi/all/jobs/021096052.html,tanqeeb,1,1
27d7b0299d4b013ceb61032b3320ea03,ed7841fdef38840b1ddf8b371c3da297,1c9c73d943b626d282f1cfce6686fbbf,0eacea33ffb217a026117e87966304ec,1a78d3e6cf833fde627a8cc443e0eca6,Senior Software Engineer,,tapneo,1,1
3663cb11afb317f216b2b6803940c926,f6cfb9360adb241d7d840f2e968272d0,6d90b93e2e06bed76b003b975aaa26de,d33592c263a2f4f982c5db4389969c4f,401e71ae951e42e208004757d3f3175f,Information Technology Manager,https://saudi.tanqeeb.com/jobs-in-saudi/all/jobs/021166093.html,tanqeeb,1,1
c1853b01359e1599b60c873ba4794335,83cbbc9d9edfcf529d649a3de2641481,1c9c73d943b626d282f1cfce6686fbbf,35ebd12571bc2e1ace57ae4560cd7bb7,f14cc5cdce0420f4a5a6b6d9d7b85f39,"Senior Specialist, IT Business Intelligence II",https://saudi.tanqeeb.com/jobs-in-saudi/all/jobs/021035439.html,tanqeeb,1,1
7271fcf5e868ed6d4a765d78b77db5ba,efe54638391ad92f0c7bf09389a41e16,1c9c73d943b626d282f1cfce6686fbbf,87b1933db1b3bc75ac2bd7e51147e919,7867c816a4782ac6cdccc729c7ddf6c1,Software Engineer,,tapneo,1,1
b3177cd5a685d1c7d9595250f204cc16,eafa65861506191c882a58fe0171d386,1c9c73d943b626d282f1cfce6686fbbf,8f55ffa788f0fa4c7b39e1382e97ccbc,5bd9356d753f1fd99468ef4b1c1df52b,ERP - Project Manager,https://ebfi.fa.em2.oraclecloud.com/hcmUI/CandidateExperience/en/sites/CX_1001/job/554?utm_source=freehire.me,freehire,1,1
e055f046020b04666dd40ee88798fc07,f160c2ba526af5f448d5dd5f74716c33,1c9c73d943b626d282f1cfce6686fbbf,87b1933db1b3bc75ac2bd7e51147e919,b6407620336ab48e16e1aff862e033b9,Software Support Engineer,,tapneo,1,1
beee9fe7f0c02f9ca2f2fd22db477200,63071bfac87ec07c63de59638818f687,1c9c73d943b626d282f1cfce6686fbbf,c29b49aa853f995537042f2bd3233a4e,c5a16f96b336202b9e36b69761615616,Engineering Manager for the Catalog team,https://jooble.org/jdp/-7969602954474944406,jooble,1,1
71451f9ec6f0efa2e7ef444e14d05b1d,63071bfac87ec07c63de59638818f687,1c9c73d943b626d282f1cfce6686fbbf,cb917c6b8f21aa05bd123b6b3ddb9d39,4303cf82a77e57604fd3a22b494b28e8,Senior Quality and Technical Operation Analyst,https://jooble.org/jdp/-7565399392703829078,jooble,1,1
429e8284edbece5f822e436bcc3738ac,b4d0c7b061a6b2749d7f3f008c31566d,1c9c73d943b626d282f1cfce6686fbbf,0365542d9b0428dce6dd3fa472392d17,d8540df3cf540dbcb561d4625cd7abb9,Enterprise Solutions Engineer,https://jooble.org/jdp/-3265877045336877283,jooble,1,1
d246b4ff29170b1178f120b065d3d156,4d2760112b1daa9d2049b0b724f00ecb,1c9c73d943b626d282f1cfce6686fbbf,0365542d9b0428dce6dd3fa472392d17,6c2a675559f7caa08b73359ccb75a22d,Staff Full-Stack AI Engineer,https://www.jobleads.com/sa/job/staff-full-stack-ai-engineer-forward-deployed--riyadh--ee1f1a9cefce19668b768be895880a83e,jsearch,1,1
9796fe1d2c75e2a8895a5037f787112d,1d55af1659424cf94d869e2580a11bf8,6d90b93e2e06bed76b003b975aaa26de,6292dd31ed918f0cf6f8bb0ab26d6181,6c2a675559f7caa08b73359ccb75a22d,Network Security Engineer,https://www.accenture.com/sa-en/careers/jobdetails?id=13944448_en,jsearch,1,1
118d29e6bf2324f493007d812e39b698,33d2ae8f337812ddef21142d2e168536,1c9c73d943b626d282f1cfce6686fbbf,0eacea33ffb217a026117e87966304ec,a2bd0075ead2d77cc9b4f5c65b14c7ab,Senior Frontend Engineer,https://www.bayt.com/en/saudi-arabia/jobs/senior-frontend-engineer-73944805/,jsearch,1,1
1b86b433d672a75c4231083d10d48ce8,0645f775abc48eec7321083171646afb,1c9c73d943b626d282f1cfce6686fbbf,0365542d9b0428dce6dd3fa472392d17,6c2a675559f7caa08b73359ccb75a22d,Java / Angular Developer,https://bebee.com/sa/jobs/java-angular-developer-jobgether--ss-sa-3zawg3,jsearch,1,1
3bb5081744d6bdc9ad0681a2cf00fed8,4c100c5b0164e038ee80d948b1b115f8,f0c21a35f5fd8a30ed8aa2627b766ada,d6d03df600b07487a5eefd18e4c769a2,6c2a675559f7caa08b73359ccb75a22d,Senior Network Engineer,https://sa.indeed.com/viewjob?jk=fc449e6a19ab1664,jsearch,1,1
c77ba1f1314ae130384522daf8165a9b,d60306b827358b0b2d82995d79b3616a,1c9c73d943b626d282f1cfce6686fbbf,0eacea33ffb217a026117e87966304ec,d88e2f97719ad0ae424945ad60d61f9f,Senior Software Engineer,https://jooble.org/jdp/8875766305300354128,jooble,1,1
dc572067e9e4574b0dc5379526f3b3de,e47c2b18f2520a39ed7506115f08b53f,f713c14731e8318994a7731b6fe5f413,0365542d9b0428dce6dd3fa472392d17,a2bd0075ead2d77cc9b4f5c65b14c7ab,Full-Stack Developer,https://apply-edge.com/job-listings/job/full-stack-developer-cmr0ln8jo0059132kxttxzff6,jsearch,1,1
b5040a50d1651961e9cf4e3ef9a28064,c9b0cb53646238b8c03fb69b8f331220,f0c21a35f5fd8a30ed8aa2627b766ada,0365542d9b0428dce6dd3fa472392d17,6c2a675559f7caa08b73359ccb75a22d,Software Engineering,https://sa.jooble.org/jdp/6764340318097326570,jsearch,1,1
b595869636eb17da4c9f607c797fa6f2,f9bd39b67dc1d72158f9412a8e10869d,826161723f8719527bfa31fe132a5cad,c29b49aa853f995537042f2bd3233a4e,a2bd0075ead2d77cc9b4f5c65b14c7ab,Frontend Engineering Director - Crypto Trading & AI UI,https://sa.jooble.org/jdp/-5901418161188319041,jsearch,1,1
e929f49fd8f9aced222dac40cdfb255d,e00329ae9fded7f76d7ec0ed08be7692,1c9c73d943b626d282f1cfce6686fbbf,0eacea33ffb217a026117e87966304ec,6c2a675559f7caa08b73359ccb75a22d,Senior Java & IoT Back-end Developer,https://www.naukrigulf.com/senior-java-iot-back-end-developer-jobs-in-dammam-khobar-eastern-province-saudi-arabia-in-perfect-vision-ksa-7-to-12-years-n-cd-40002266-jid-030726500569,jsearch,1,1
9ed90f0afd119640a1876249d12168a0,ec1bdf1d4f7b875aeadb7eb27cf104c7,1c9c73d943b626d282f1cfce6686fbbf,31e833930843cd0564e063ad6d8f31a5,6c2a675559f7caa08b73359ccb75a22d,Senior DevOps/Platform Engineer,https://www.naukrigulf.com/senior-devops-platform-engineer-jobs-in-riyadh-saudi-arabia-in-confidential-3-to-8-years-n-jid-270726000624,jsearch,1,1
2b77178dc7d590a234aa6d45a85ad445,81ac8a9ab977c4d3bed21664a75c0336,1c9c73d943b626d282f1cfce6686fbbf,0fc5b4e9c9d3d7b80733e6e9280a7639,6c2a675559f7caa08b73359ccb75a22d,Business Intelligence Developer,https://www.gulftalent.com/saudi-arabia/jobs/business-intelligence-developer-621244,jsearch,1,1
ba22ed5f47b8510c3a9908a0b96f790a,03b78e125adc5612c0c9d5d96700bd4c,1c9c73d943b626d282f1cfce6686fbbf,0365542d9b0428dce6dd3fa472392d17,6c2a675559f7caa08b73359ccb75a22d,Mobile Engineer: Build Android & iOS Apps,https://www.jobleads.com/sa/job/mobile-engineer-build-android-ios-apps--jeddah--e2cc6c16b5e421e9a7515831499f86b55,jsearch,1,1
918be34816eb5a3bc263b34a073423b4,1c76cbfe21c6f44c1d1e59d54f3e4420,1c9c73d943b626d282f1cfce6686fbbf,33592aca294d19473e45d745e5716a19,6c2a675559f7caa08b73359ccb75a22d,Machine Learning Engineeir,https://www.naukrigulf.com/machine-learning-engineeir-jobs-in-riyadh-saudi-arabia-in-company-3-to-5-years-n-cd-351589-jid-210726001333,jsearch,1,1
b171e22ae76f21a1aec841c58729afdf,93c1d1eb72ada74b1185ea4e007f481e,1c9c73d943b626d282f1cfce6686fbbf,0eacea33ffb217a026117e87966304ec,6c2a675559f7caa08b73359ccb75a22d,Senior QA/QC Engineer,https://www.naukrigulf.com/senior-qa-qc-engineer-jobs-in-saudi-arabia-in-keo-international-consultants-10-to-15-years-n-cd-10050015-jid-250826500286,jsearch,1,1
a026591137daeb6b57a68b9a88e34c72,c4d5bf88d005a6f9667aff171cb0180f,28986fcd4da2596b8e6fb72b66a4e8ee,318e05aba5a0571d2d69255d7308b0eb,6c2a675559f7caa08b73359ccb75a22d,Business Intelligence Analyst - Financial Crime,https://www.monster.co.th/job/business-intelligence-analyst-financial-crime-tamara-saudi-arabia-42469181,jsearch,1,1
4df17ef409251eb5bb1506d0dba9f011,827e631d36945fab3e7291d10057d960,1c9c73d943b626d282f1cfce6686fbbf,318e05aba5a0571d2d69255d7308b0eb,6c2a675559f7caa08b73359ccb75a22d,Tax Incentive Analyst,https://sabbar.com/en/jobs/r-tax-incentive-analyst/id-c0edce59-fd6b-45d1-ba4d-90b7aa04cd04,jsearch,1,1
53b6156576aeaf2753fcefb7067fde52,238b5835ff80cccc43a62a00d4a3ec1e,1c9c73d943b626d282f1cfce6686fbbf,36342576b66b21f59333da16ca84323f,de0797d3a18f388374620c58fafbec2e,Project Manager,https://fa-evvx-saasfaprod1.fa.ocs.oraclecloud.com/hcmUI/CandidateExperience/en/sites/The-Redpath-Group/job/9114?utm_source=freehire.me,freehire,1,1
0df47ddcc6fce923d46cba906e0e84ed,2bf8b1b35ee452d6eac30c2680cc1121,f0c21a35f5fd8a30ed8aa2627b766ada,a74683d6d303bc41f6726bd8c6f681b5,6c2a675559f7caa08b73359ccb75a22d,"DevOps Engineer | Cloud, CI/CD & Kubernetes",https://sa.jooble.org/jdp/780851207308569624,jsearch,1,1
b124664900cf9ae5839f30a3ef882eb8,b78c6df2acd60d72caad1436f897dbbf,f0c21a35f5fd8a30ed8aa2627b766ada,0365542d9b0428dce6dd3fa472392d17,a2bd0075ead2d77cc9b4f5c65b14c7ab,Back End Developer,https://sa.indeed.com/viewjob?jk=9493b57dd67e6cd8,jsearch,1,1
fb0965e804b9028776db9100db8bf609,f2f540f574b79c6e8c3a589d6f6fe071,1c9c73d943b626d282f1cfce6686fbbf,0365542d9b0428dce6dd3fa472392d17,6c2a675559f7caa08b73359ccb75a22d,AI Evaluation Engineer,https://www.gulftalent.com/saudi-arabia/jobs/ai-evaluation-engineer-620796,jsearch,1,1
cff236e7d73f5e32329345b36b0b8961,2b8f5a466182dcd76227529e4dcf442b,1c9c73d943b626d282f1cfce6686fbbf,318e05aba5a0571d2d69255d7308b0eb,6c2a675559f7caa08b73359ccb75a22d,Cybersecurity Analyst,https://www.gulftalent.com/saudi-arabia/jobs/cybersecurity-analyst-615139,jsearch,1,1
d05dbff415467b746f2e259e33efd785,1c45ce75a4094770955ef9c5efa23f6f,1c9c73d943b626d282f1cfce6686fbbf,6292dd31ed918f0cf6f8bb0ab26d6181,6c2a675559f7caa08b73359ccb75a22d,Cyber Security Engineer,https://www.founditgulf.com/job/cyber-security-engineer-aiqu-saudi-arabia-60900663,jsearch,1,1
f5a4f384f3d0d7470aa6109989291a94,9d5bdc4871320ab85a8a48e4742978d9,f0c21a35f5fd8a30ed8aa2627b766ada,e86d3956d9c8df67f83ca031f8ae081c,6c2a675559f7caa08b73359ccb75a22d,QA/QC Engineer - Madinah,https://careers.atkinsrealis.com/en/jobs/qa-qc-engineer-madinah-r-161988,jsearch,1,1
d253723d264aeba0edabab495e839a08,afb87b393d9c759e8a218b56d0f895e0,1c9c73d943b626d282f1cfce6686fbbf,0365542d9b0428dce6dd3fa472392d17,6c2a675559f7caa08b73359ccb75a22d,IT Support Engineer,https://www.gulftalent.com/saudi-arabia/jobs/it-support-engineer-622327,jsearch,1,1
a85fc7743ab49546c18cb3556ef1016e,dcb4af0a2de717ee6115ac791619f5e5,1c9c73d943b626d282f1cfce6686fbbf,0365542d9b0428dce6dd3fa472392d17,6c2a675559f7caa08b73359ccb75a22d,Quality Assurance Quality Control Engineer,https://www.founditgulf.com/job/quality-assurance-quality-control-engineer-ab-specialized-contracting-company-saudi-arabia-60462842,jsearch,1,1
fc055f687781cdf417d2506044e59cfe,f4f645b43a181a40b07f3ddfcaeb8747,e3d84c82507d974ff8564a5dae31e755,0365542d9b0428dce6dd3fa472392d17,a2bd0075ead2d77cc9b4f5c65b14c7ab,Ui/ux Frontend Development,https://www.getsaudijobs.com/jobs/view/uiux-frontend-development,jsearch,1,1
61a1ed24e9e60a08004e432c86fb59a6,4baf0845260b1ca8dc2bf11c11d7d7b8,f0c21a35f5fd8a30ed8aa2627b766ada,0eacea33ffb217a026117e87966304ec,6c2a675559f7caa08b73359ccb75a22d,Senior Full-Stack Engineer - Travel Fintech,https://sa.jooble.org/jdp/8971093012031580251,jsearch,1,1
bd1eabb78c467fb5faed742f7540c556,7cdd36a9c49fefb2a25eb839bff758a6,1c9c73d943b626d282f1cfce6686fbbf,0eacea33ffb217a026117e87966304ec,6c2a675559f7caa08b73359ccb75a22d,Senior Full Stack Developer,https://sa.talent.com/view?id=612492988924104355,jsearch,1,1
5f558655513f579e560c569a9ccfd077,09ad3d4f54798ff70406e77ec7804179,1c9c73d943b626d282f1cfce6686fbbf,33592aca294d19473e45d745e5716a19,6c2a675559f7caa08b73359ccb75a22d,IT Support Assistant,https://www.gulftalent.com/saudi-arabia/jobs/it-support-assistant-617157,jsearch,1,1
eb29016af4beff7cb34e9cce328dbf77,fce7c03f47f2a46e2576dca8e34887c8,1c9c73d943b626d282f1cfce6686fbbf,cb917c6b8f21aa05bd123b6b3ddb9d39,6c2a675559f7caa08b73359ccb75a22d,Head of Data & AI Platform,https://www.jobleads.com/sa/job/head-of-data-ai-platform--jeddah--edd921810315c887b7898db338b7f2ea7,jsearch,1,1
32997aca42b87d990e3e68524f0ed5d7,ffacc1d1f3b9b1564c40e6ac4a49cd51,1c9c73d943b626d282f1cfce6686fbbf,318e05aba5a0571d2d69255d7308b0eb,6c2a675559f7caa08b73359ccb75a22d,Business Process Improvement Analyst,https://sabbar.com/en/jobs/r-business-process-improvement-analyst/id-ed7bf48b-0182-407d-aa0b-08fd0d5911f0,jsearch,1,1
c7f49e99e0163dbcec3869a2248a46ce,31db23a08178960b9cf18dc3d0c9d2f5,f0c21a35f5fd8a30ed8aa2627b766ada,6dd46c444d5b991c5c8bf6ee6a9ee751,6c2a675559f7caa08b73359ccb75a22d,Data Science Manager,https://sa.jobrapido.com/jobpreview/5305475362325528576,jsearch,1,1
250b176214859d9f0caeeef0f06d081a,efe95cdac531d989dc6c59c7f357ff96,1c9c73d943b626d282f1cfce6686fbbf,d6671ff37a9c08b76f2dd0fa70e46282,dcf52c9819dbea4ed680c1f89dccd1f8,MEA Government Affairs Leader - AI Policy & Growth,https://sa.jobrapido.com/jobpreview/5230775452867493888,jsearch,1,1
258675207050d7a866fadd0b9661399d,b5fa70d1caf53ac6f8bbf762a6126bdb,1c9c73d943b626d282f1cfce6686fbbf,1639f08477db1dd7fc207756720b097d,dcf52c9819dbea4ed680c1f89dccd1f8,"Manager, Cloud Infrastructure Engineering",https://bebee.com/sa/jobs/manager-cloud-infrastructure-engineering-jobscroller--t7xk-778719050,jsearch,1,1
a263da11a643f19fc2ccae531db7fde6,372370615a8eb672125b76b5ee9fd7a3,f713c14731e8318994a7731b6fe5f413,f15eb97161735b5df1b437fc7ff3ad20,dcf52c9819dbea4ed680c1f89dccd1f8,Supervisor Type II,https://jobsearch.baesystems.com/job/supervisor-type-ii-metrology-calibration-00138473,jsearch,1,1
681d69d0563a9990624ebafdaa442b13,372370615a8eb672125b76b5ee9fd7a3,1c9c73d943b626d282f1cfce6686fbbf,4f491303b59bebd69ca96423a77b7df2,dcf52c9819dbea4ed680c1f89dccd1f8,Senior Geospatial Database Administrator,https://mycareer.aicpa-cima.com/job/senior-geospatial-database-administrator-81796,jsearch,1,1
59b5766c44ad274a2725a979127b5555,d8fee6edaf370f5280fef8f56e353031,f0c21a35f5fd8a30ed8aa2627b766ada,cb917c6b8f21aa05bd123b6b3ddb9d39,dcf52c9819dbea4ed680c1f89dccd1f8,"Senior DBA: Secure, -Availability Databases",https://www.learn4good.com/jobs/riyadh/saudiarabia/info_technology/5402303780/e/,jsearch,1,1
41a3944e0850aa03f916c302b1d13494,bbc4b0e5f7d46736e8cba55b296fc83c,1c9c73d943b626d282f1cfce6686fbbf,0365542d9b0428dce6dd3fa472392d17,dcf52c9819dbea4ed680c1f89dccd1f8,Tech Support Engineer: Network Ops & Customer Escalations,https://www.jobleads.com/sa/job/tech-support-engineer-network-ops-customer-escalations--riyadh--ef63fbe0f86627b2cf5a959c341ab0938,jsearch,1,1
b01992aa4d88786176076504a37c8338,ac2c63d9bc4dcd86ac486035eba1975c,1c9c73d943b626d282f1cfce6686fbbf,0eacea33ffb217a026117e87966304ec,a2bd0075ead2d77cc9b4f5c65b14c7ab,Full-Stack Engineer & Team Lead,https://sa.jobrapido.com/jobpreview/5809977287658962944,jsearch,1,1
9ac1c744ab8134fd25cad233b73ea0c6,1807b3f701c063505775810e657a5aa9,1c9c73d943b626d282f1cfce6686fbbf,0365542d9b0428dce6dd3fa472392d17,a2bd0075ead2d77cc9b4f5c65b14c7ab,Frontend Engineer: Real-Time UI & AI-Driven UX,https://www.jobleads.com/sa/job/frontend-engineer-real-time-ui-ai-driven-ux--riyadh--e33e9d58a91c90ed6b51fccea164db59e,jsearch,1,1
4637db919a2283c68f9a015dbaaa62c4,45704b72925cb1c00a756408d9d4005e,f0c21a35f5fd8a30ed8aa2627b766ada,0eacea33ffb217a026117e87966304ec,a2bd0075ead2d77cc9b4f5c65b14c7ab,Senior Backend Engineer – AI Applications & OpenShift,https://careers.softwareone.com/en/jobs/29354?lang=en-us,jsearch,1,1
8b2dc54a0ff10072865d3246bfed9086,63071bfac87ec07c63de59638818f687,1c9c73d943b626d282f1cfce6686fbbf,318e05aba5a0571d2d69255d7308b0eb,dcf52c9819dbea4ed680c1f89dccd1f8,Database Administrator,https://www.gulftalent.com/saudi-arabia/jobs/database-administrator-611339,jsearch,1,1
3fea306e876b62f7488464b850f3191d,bfe5ca48d5d7916eaa869972cfcfd761,b7e52b5b43f3e984c56b64b466aa6636,0eacea33ffb217a026117e87966304ec,a2bd0075ead2d77cc9b4f5c65b14c7ab,Senior Backend Engineer - Microservices | Remote & Growth,https://sa.jooble.org/jdp/3661041583114833893,jsearch,1,1
a5dcc555b1183e000c1ccf65679c736e,2cee203006b4949b3cfd0d1ee65cdcbc,1c9c73d943b626d282f1cfce6686fbbf,d6671ff37a9c08b76f2dd0fa70e46282,a5f78aedefc93c72e18880849bb06461,Sr Principal Professional Services Project Manager,https://aspentech.wd5.myworkdayjobs.com/AspenTech/job/Saudi-Arabia/Sr-Principal-Professional-Services-Project-Manager_R9436?utm_source=freehire.me,freehire,1,1
9bcbfd01d3bf2680c9babb2f4155ffd4,471f223f39a6f4c349a4da963df90f4a,1c9c73d943b626d282f1cfce6686fbbf,0365542d9b0428dce6dd3fa472392d17,219e3dfddc927539fcce8ff99b73f012,Software Engineer - Industrial Systems,https://en-sa.whatjobs.com/pub_api__cpl__10732274__7118?utm_campaign=publisher&utm_medium=api&utm_source=freehire.me,freehire,1,1
d92a626d5b5597645e323fd06345858d,e6e2e8a16e3755fb8ec4339c08cfb58e,1c9c73d943b626d282f1cfce6686fbbf,d6671ff37a9c08b76f2dd0fa70e46282,219e3dfddc927539fcce8ff99b73f012,QA/QC Lead/Specialist,https://jobs.smartrecruiters.com/AECOM2/744000148762449-qa-qc-lead-specialist?utm_source=freehire.me,freehire,1,1
3b2737f81d2a3a5da05779d059421728,6b6bfded76fbfcfa1152b0c6e18a5a02,f0c21a35f5fd8a30ed8aa2627b766ada,318e05aba5a0571d2d69255d7308b0eb,ce4f5baa48cd135ee14b7625e51d9dca,Data Engineer - Industrial & Refinery Data | Confidential Employer | Riyadh,https://en-sa.whatjobs.com/pub_api__cpl__10743741__7118?geoID=12&utm_campaign=publisher&utm_medium=api&utm_source=freehire.me,freehire,1,1
85cfce2befd0c46c0037f26659074020,dc440e11b7e380ecbb9c066764af2371,f0c21a35f5fd8a30ed8aa2627b766ada,6292dd31ed918f0cf6f8bb0ab26d6181,ce4f5baa48cd135ee14b7625e51d9dca,Security Systems Technology Engineer - ICT,https://jobs.smartrecruiters.com/EgisGroup/744000149248745-security-systems-technology-engineer-ict-airport-exp-?utm_source=freehire.me,freehire,1,1
b21ea7895a7100c40d1cb8851cb37f66,c929adc4d24d9f97423fb3197e5d41eb,f0c21a35f5fd8a30ed8aa2627b766ada,cb917c6b8f21aa05bd123b6b3ddb9d39,ce4f5baa48cd135ee14b7625e51d9dca,Senior Data Scientist / Senior ML Engineer,https://apply.workable.com/j/E2707EDFCE?utm_source=freehire.me,freehire,1,1
594e176507264486fd104cc7db123e66,6f9b6adf4f518c5299cfc49587910641,1c9c73d943b626d282f1cfce6686fbbf,cb917c6b8f21aa05bd123b6b3ddb9d39,6c2a675559f7caa08b73359ccb75a22d,Ecommerce Data Analytics Lead,https://sa.linkedin.com/jobs/view/ecommerce-data-analytics-lead-at-abyat-4465670211,jsearch,1,1
38daafebaeacf2fb1350e8e3bc928f7b,cc9cff0ed750725bad4c26ed9f003ad9,f0c21a35f5fd8a30ed8aa2627b766ada,6292dd31ed918f0cf6f8bb0ab26d6181,a5f78aedefc93c72e18880849bb06461,Purple Teaming Engineer - Embedded Security,https://job-boards.greenhouse.io/lucidmotors/jobs/4975699007?utm_source=freehire.me,freehire,1,1
9648fbe39fd0b1724635abeb0e528f3e,e023385ecc024747b0ffe7f3d8d7a0d4,f0c21a35f5fd8a30ed8aa2627b766ada,a74683d6d303bc41f6726bd8c6f681b5,5bd9356d753f1fd99468ef4b1c1df52b,On-Premise DevOps Engineer,https://en-sa.whatjobs.com/pub_api__cpl__10739929__7118?geoID=12&utm_campaign=publisher&utm_medium=api&utm_source=freehire.me,freehire,1,1
786d3c004c1cdf905b708a5cc949ebd2,126a55f126846041d33f3f8778b01284,f0c21a35f5fd8a30ed8aa2627b766ada,a74683d6d303bc41f6726bd8c6f681b5,76a7a00bc1008ca4036103662dcbd297,DevOps Engineer,https://en-sa.whatjobs.com/pub_api__cpl__10728569__7118?geoID=12&utm_campaign=publisher&utm_medium=api&utm_source=freehire.me,freehire,1,1
c381e35937d13d50d15c0824b0c6b6e0,7fbae4bbb1da3e9c629883020569f0c4,f0c21a35f5fd8a30ed8aa2627b766ada,4ac87bb113bcb1db57944374f9e6543c,76a7a00bc1008ca4036103662dcbd297,Senior UX/UI Designer,https://himalayas.app/companies/strattmont/jobs/senior-ux-ui-designer?utm_source=freehire.me,freehire,1,1
c11b7c623a1a5b3ccb1ca529599a7cd9,c16778fdeb7ee6e0df57dd9bbe8e9f72,1c9c73d943b626d282f1cfce6686fbbf,926c7f46c8bc1c0c4d52943de3e83e37,0cdf73ff2b30ed7aa6206fde112bee77,Junior Programmer,https://en-sa.whatjobs.com/pub_api__cpl__10748023__7118?utm_campaign=publisher&utm_medium=api&utm_source=freehire.me,freehire,1,1
c5a4c518aacb2a0cd9f70fcfa5a891d7,03b78e125adc5612c0c9d5d96700bd4c,6d90b93e2e06bed76b003b975aaa26de,4ac87bb113bcb1db57944374f9e6543c,0cdf73ff2b30ed7aa6206fde112bee77,Senior UX Researcher,https://coorb.zohorecruit.com/jobs/Careers/788027000007425032?utm_source=freehire.me,freehire,1,1
d03f62ee4958fad54e8dfc2efcbf03dc,c16778fdeb7ee6e0df57dd9bbe8e9f72,1c9c73d943b626d282f1cfce6686fbbf,926c7f46c8bc1c0c4d52943de3e83e37,0cdf73ff2b30ed7aa6206fde112bee77,Junior Computer programmer “Saudi National”,https://en-sa.whatjobs.com/pub_api__cpl__10747391__7118?utm_campaign=publisher&utm_medium=api&utm_source=freehire.me,freehire,1,1
7ca532b903063238a8a11dc70fa89566,daceac4e0348089318c46f760fbab0f3,6d90b93e2e06bed76b003b975aaa26de,0eacea33ffb217a026117e87966304ec,d88e2f97719ad0ae424945ad60d61f9f,"Senior Software Engineer — Java, Python, C# Expert",https://en-sa.whatjobs.com/pub_api__cpl__10737077__7118?geoID=18992&utm_campaign=publisher&utm_medium=api&utm_source=freehire.me,freehire,1,1
df21d0f9a726b82798a614dbac39e0ed,1f25b8a9986a2e7a04ee9538c462e578,f0c21a35f5fd8a30ed8aa2627b766ada,0365542d9b0428dce6dd3fa472392d17,6c2a675559f7caa08b73359ccb75a22d,Systems Engineer - APPSEC,https://edel.fa.us2.oraclecloud.com/hcmUI/CandidateExperience/en/sites/CX_2001/job/24390?utm_source=freehire.me,freehire,1,1
47987ed085f22fc997eafd84558bf77c,0faeab173fc35417073d49e65490f0a8,f0c21a35f5fd8a30ed8aa2627b766ada,0365542d9b0428dce6dd3fa472392d17,4422f3776893cba6d18e8f258c63716f,Associate Systems Engineer,https://trendmicro.wd3.myworkdayjobs.com/External/job/Riyadh/Associate-Systems-Engineer_R0010167?utm_source=freehire.me,freehire,1,1
dbe4fcab7f69a073914b0d9e4a3d4e15,1f28e6d3b511371aa77c9aee12d1ce52,1c9c73d943b626d282f1cfce6686fbbf,31e833930843cd0564e063ad6d8f31a5,08df6d4ff68729b9d2b5d2d186f39eca,Senior Devops Engineer - GCP,https://en-sa.whatjobs.com/pub_api__cpl__10685044__7118?utm_campaign=publisher&utm_medium=api&utm_source=freehire.me,freehire,1,1
d5582994764a3de748daab0bff68f5ee,060d376e412b5c28c8e881debfd2ce6e,f0c21a35f5fd8a30ed8aa2627b766ada,0eacea33ffb217a026117e87966304ec,08df6d4ff68729b9d2b5d2d186f39eca,Senior Odoo Backend Engineer — KSA,https://en-sa.whatjobs.com/pub_api__cpl__10687923__7118?geoID=12&utm_campaign=publisher&utm_medium=api&utm_source=freehire.me,freehire,1,1
a74ce3494d52b5300172c6aa5a619d4d,bd90b8ad3e6cc23537631ad2563983e7,f0c21a35f5fd8a30ed8aa2627b766ada,0365542d9b0428dce6dd3fa472392d17,08df6d4ff68729b9d2b5d2d186f39eca,Staff Software Engineer,https://en-sa.whatjobs.com/pub_api__cpl__10688246__7118?geoID=12&utm_campaign=publisher&utm_medium=api&utm_source=freehire.me,freehire,1,1
0215c6d595e6d6ecd900e90821044e94,4f3acdc8d7d2e7d214d02373a5ea6d87,f0c21a35f5fd8a30ed8aa2627b766ada,31e833930843cd0564e063ad6d8f31a5,08df6d4ff68729b9d2b5d2d186f39eca,"Senior DevOps Engineer: Cloud, CI/CD, & Automation",https://en-sa.whatjobs.com/pub_api__cpl__10690826__7118?geoID=12&utm_campaign=publisher&utm_medium=api&utm_source=freehire.me,freehire,1,1
f8fc3ec0e9a04cb6d150b77c25123f6f,f3f042b47bcf4f12d4887455f4785364,f0c21a35f5fd8a30ed8aa2627b766ada,33592aca294d19473e45d745e5716a19,08df6d4ff68729b9d2b5d2d186f39eca,Agile Coach,https://apply.workable.com/j/A4BF0F5BBA?utm_source=freehire.me,freehire,1,1
11103db9f642a1e03bccb4298bb6f20a,e9ccc5c17ca544d656680a94b7a97912,f0c21a35f5fd8a30ed8aa2627b766ada,8f55ffa788f0fa4c7b39e1382e97ccbc,82347fe834cbdd54ae50f6e790b97296,Localization Manager,https://globalhr.wd5.myworkdayjobs.com/REC_RTX_Ext_Gateway/job/SA-01-RIYADH-S1--9054-Airport-Rd--ROSHAN-FRONT-BLDG-S1/Localization-Manager--Saudi-Arabia_01870037?utm_source=freehire.me,freehire,1,1
e80002948d057bc776b35712db281835,c3939e8e5e9ff31b4512f91be96c0e60,f0c21a35f5fd8a30ed8aa2627b766ada,0eacea33ffb217a026117e87966304ec,d557a99c5a2c130956021cd4e1bdd18f,Senior Network Engineer,https://apply.workable.com/j/07E118477A?utm_source=freehire.me,freehire,1,1
37cb7f604d87dd3a87eecb866944a6c2,0645f775abc48eec7321083171646afb,1c9c73d943b626d282f1cfce6686fbbf,0365542d9b0428dce6dd3fa472392d17,6c2a675559f7caa08b73359ccb75a22d,Game Developer-Console Porting,https://jobs.lever.co/jobgether/16d39119-bbaf-4be3-8553-0f6a8d1142fe?utm_source=freehire.me,freehire,1,1
55e22aac2c249cb97fbd41dd24b04b41,4c44f783515677cb01d36a9058259e1d,6d90b93e2e06bed76b003b975aaa26de,d6671ff37a9c08b76f2dd0fa70e46282,a2bd0075ead2d77cc9b4f5c65b14c7ab,Senior CRM Consultant - Microsoft Dynamics 365,https://apply.workable.com/j/94532291E5?utm_source=freehire.me,freehire,1,1
d2ca1efd62bbf7f0d4d4130749f7697d,f3f042b47bcf4f12d4887455f4785364,f0c21a35f5fd8a30ed8aa2627b766ada,0365542d9b0428dce6dd3fa472392d17,08df6d4ff68729b9d2b5d2d186f39eca,Expert Frontend Engineer,https://apply.workable.com/j/CCEA42801D?utm_source=freehire.me,freehire,1,1
69c8a412bfb78589e91bc991ede18075,411b8cb2fdfe5af32fe5b4ee53c1133c,1c9c73d943b626d282f1cfce6686fbbf,0fef93c3b93fe307b2b61b8dd7ef34e0,4158b202244f39becd011a0333d89343,Data Center Mechanical Engineer,,tapneo,1,1
2dc668e95663debc432ea9ef34aa2a96,cd10cce54416ba490e86f1cb4d8c7208,1c9c73d943b626d282f1cfce6686fbbf,33592aca294d19473e45d745e5716a19,76aaffe7cf7b8d0b487ded0a700e93cd,Business Analytics,,tapneo,1,1
1b134ef6492a8ba186080808a95164e9,0f962ed737e19379ca477348317f84d0,1c9c73d943b626d282f1cfce6686fbbf,0365542d9b0428dce6dd3fa472392d17,3829d4a3a1a7d5d7f465120490feb166,Observability Engineer,,tapneo,1,1
aaf99cdf4b75795b09ffc8b4aeb3d31c,f1253ffbc773cc9e350675f8ffb80b37,1c9c73d943b626d282f1cfce6686fbbf,33592aca294d19473e45d745e5716a19,6c2a675559f7caa08b73359ccb75a22d,Port Safety Officer - Shore Based Position,"https://www.glassdoor.com.br/job-listing/port-safety-officer-shore-based-position-frontend-JV_KO0,40_KE41,49.htm?jl=1010091158214",jsearch,1,1
d6d0958b1c953c29667194c45b58300e,9512bf2b43fb53d6792ec5070fbf5421,f0c21a35f5fd8a30ed8aa2627b766ada,0eacea33ffb217a026117e87966304ec,6c2a675559f7caa08b73359ccb75a22d,Senior Fullstack Developer,https://bebee.com/sa/jobs/senior-fullstack-developer-riyadh-air-riyadh-region--t7xk-768259541,jsearch,1,1
920b8eb0d7cd454140a554c79c50e9d8,e3c32ea1ae828ad52d12d26f58da5a04,f0c21a35f5fd8a30ed8aa2627b766ada,0365542d9b0428dce6dd3fa472392d17,a2bd0075ead2d77cc9b4f5c65b14c7ab,Sr. Frontend Engineer,https://www.ycombinator.com/companies/sirdab/jobs/RaVdXYw-sr-frontend-engineer,jsearch,1,1
9ff31dfeaa0c1e906b58627c89463943,26cb7b9bbd03314082aace9b701d852d,1c9c73d943b626d282f1cfce6686fbbf,0eacea33ffb217a026117e87966304ec,dcf52c9819dbea4ed680c1f89dccd1f8,Senior Application Support Engineer,https://sa.linkedin.com/jobs/view/senior-application-support-engineer-integration-middleware-at-dxc-technology-4450215978,jsearch,1,1
7fb0880f037c0105b1f9e7cdecd843b6,20d345dcb78706afe0f871ac862d436f,1c9c73d943b626d282f1cfce6686fbbf,35ebd12571bc2e1ace57ae4560cd7bb7,a2bd0075ead2d77cc9b4f5c65b14c7ab,Technical Lead- Full-Stack Development,https://sa.indeed.com/viewjob?jk=c8f8904a6122cd61,jsearch,1,1
708d4b0af6e890cd1abe33f128acbe55,1807b3f701c063505775810e657a5aa9,1c9c73d943b626d282f1cfce6686fbbf,0365542d9b0428dce6dd3fa472392d17,a2bd0075ead2d77cc9b4f5c65b14c7ab,Frontend Software Engineer - Saudi Only,https://www.jobleads.com/sa/job/frontend-software-engineer-saudi-only--riyad-al-khabra--ee5e69595d49573130a64b80091ed41a5,jsearch,1,1
e4c793b30b342b1e69334c6b11dd9ce0,13f6a4bf6b2198a589dae92526c4b93a,1c9c73d943b626d282f1cfce6686fbbf,e86d3956d9c8df67f83ca031f8ae081c,a2bd0075ead2d77cc9b4f5c65b14c7ab,Java Backend,https://www.jobleads.com/sa/job/java-backend--saudi-arabia--eee03b2d4ff608b9fbe58a18394d8c1f2,jsearch,1,1
8adb8f176b3377bfb35fc8898b3a840f,0d7fd51250c5b1880f49c9c3b82a03ec,f0c21a35f5fd8a30ed8aa2627b766ada,318e05aba5a0571d2d69255d7308b0eb,ce4f5baa48cd135ee14b7625e51d9dca,Design Coordinator - Data Center,https://job-boards.greenhouse.io/decimainternational/jobs/4711458006?utm_source=freehire.me,freehire,1,1
274da0593a1dbc5fa7fd65fd48aa9b32,0d7fd51250c5b1880f49c9c3b82a03ec,f0c21a35f5fd8a30ed8aa2627b766ada,926c7f46c8bc1c0c4d52943de3e83e37,76a7a00bc1008ca4036103662dcbd297,Junior Project Manager – Onsite,https://job-boards.greenhouse.io/decimainternational/jobs/4707957006?utm_source=freehire.me,freehire,1,1
4820dc4de2ae1d5417238efd4e08ae66,c16778fdeb7ee6e0df57dd9bbe8e9f72,1c9c73d943b626d282f1cfce6686fbbf,33592aca294d19473e45d745e5716a19,0cdf73ff2b30ed7aa6206fde112bee77,Application Programmer,https://en-sa.whatjobs.com/pub_api__cpl__10747994__7118?utm_campaign=publisher&utm_medium=api&utm_source=freehire.me,freehire,1,1
df4d6b4933f396bef441409aaf0195ba,838e000e87fadf6923cdc47195378dab,f0c21a35f5fd8a30ed8aa2627b766ada,0eacea33ffb217a026117e87966304ec,0cdf73ff2b30ed7aa6206fde112bee77,Senior Backend Engineer - Crypto Custody Platform,https://en-sa.whatjobs.com/pub_api__cpl__10748572__7118?utm_campaign=publisher&utm_medium=api&utm_source=freehire.me,freehire,1,1
47419bf4420474a7975330fa3e10b94e,864b82643533bc2ed4f91987721da2ac,f0c21a35f5fd8a30ed8aa2627b766ada,a38de38b42b1fccfd1ee4011ca6442d3,0cdf73ff2b30ed7aa6206fde112bee77,Business Analyst,https://datamaticstechnologies.applytojob.com/apply/LJGdRTtagI/Business-Analyst?utm_source=freehire.me,freehire,1,1
5e975ab39e44e9713063b1028566ea7b,5f66f83e01a72e0b1adf0555d8898a39,f713c14731e8318994a7731b6fe5f413,36342576b66b21f59333da16ca84323f,0cdf73ff2b30ed7aa6206fde112bee77,Project Manager,https://hdjq.fa.us2.oraclecloud.com/hcmUI/CandidateExperience/en/sites/jobsearch/job/26010186?utm_source=freehire.me,freehire,1,1
c663a6857097507b916b813867be580a,4e2ab1da03b6ebfaeff88d8bcdaea371,1c9c73d943b626d282f1cfce6686fbbf,0eacea33ffb217a026117e87966304ec,f9f0b181b93f616e1b2fd13a7eb68819,Senior Product Owner & Software Engineer - DoD,https://en-sa.whatjobs.com/pub_api__cpl__10746128__7118?utm_campaign=publisher&utm_medium=api&utm_source=freehire.me,freehire,1,1
ec615d86ccf8e8cf5c4d5ba3c5c79e00,f0be81060dc1756c468ef2b6026d56f2,f0c21a35f5fd8a30ed8aa2627b766ada,d6671ff37a9c08b76f2dd0fa70e46282,f9f0b181b93f616e1b2fd13a7eb68819,Senior Project Manager,https://emit.fa.ca3.oraclecloud.com/hcmUI/CandidateExperience/en/sites/CX_2001/job/95417?utm_source=freehire.me,freehire,1,1
957d593bcdc7d96050bf1ef2295e97b1,9d5bdc4871320ab85a8a48e4742978d9,f0c21a35f5fd8a30ed8aa2627b766ada,0eacea33ffb217a026117e87966304ec,6c2a675559f7caa08b73359ccb75a22d,Senior Dry Utilities Engineer - Design,https://slihrms.wd3.myworkdayjobs.com/Careers/job/SARiyadhHamad-Tower-Atkins/Senior-Dry-Utilities-Engineer---Design_R-164766?utm_source=freehire.me,freehire,1,1
840c80c05f51616418067d5c24b14b55,7b1d1185b835814de783483f686e9825,f0c21a35f5fd8a30ed8aa2627b766ada,0365542d9b0428dce6dd3fa472392d17,4422f3776893cba6d18e8f258c63716f,Solutions Engineer,https://careers.cisco.com/global/en/job/CISCISGLOBAL2018436EXTERNALENGLOBAL?utm_source=freehire.me,freehire,1,1
d64e708aae86c78d79a1b03ac1d8b4f9,4b9566e154d172608a045466f258a29a,f0c21a35f5fd8a30ed8aa2627b766ada,318e05aba5a0571d2d69255d7308b0eb,08df6d4ff68729b9d2b5d2d186f39eca,Data Engineer,https://en-sa.whatjobs.com/pub_api__cpl__10702176__7118?geoID=12&utm_campaign=publisher&utm_medium=api&utm_source=freehire.me,freehire,1,1
d3a3bc5d2c1267285a292969eeb12f85,16cdacd62c6720f36a1b6f97e2a614f8,6d90b93e2e06bed76b003b975aaa26de,33592aca294d19473e45d745e5716a19,08df6d4ff68729b9d2b5d2d186f39eca,CNC Programmer,https://en-sa.whatjobs.com/pub_api__cpl__10704267__7118?geoID=18992&utm_campaign=publisher&utm_medium=api&utm_source=freehire.me,freehire,1,1
f69a210d7bd4cc66c8bae50fdcd1282a,7457a9489d558cff55c09ef077997fa9,f0c21a35f5fd8a30ed8aa2627b766ada,e86d3956d9c8df67f83ca031f8ae081c,08df6d4ff68729b9d2b5d2d186f39eca,"Web Developer – Riyadh, Accommodation Included",https://en-sa.whatjobs.com/pub_api__cpl__10696226__7118?geoID=12&utm_campaign=publisher&utm_medium=api&utm_source=freehire.me,freehire,1,1
af4cda696e7688047523569c11d6d3f6,00ab1ab29cd66ecea572f745f93009bd,1c9c73d943b626d282f1cfce6686fbbf,cb917c6b8f21aa05bd123b6b3ddb9d39,08df6d4ff68729b9d2b5d2d186f39eca,"Senior Data Engineer, Data & AI — Build Trusted Financial Data Platform",https://en-sa.whatjobs.com/pub_api__cpl__10686553__7118?utm_campaign=publisher&utm_medium=api&utm_source=freehire.me,freehire,1,1
77d2be5d5a41a6c58f64a014a846bde7,c3939e8e5e9ff31b4512f91be96c0e60,f0c21a35f5fd8a30ed8aa2627b766ada,0365542d9b0428dce6dd3fa472392d17,d557a99c5a2c130956021cd4e1bdd18f,Systems Engineer,https://apply.workable.com/j/B8791C74B2?utm_source=freehire.me,freehire,1,1
73d0bee0cf4af79ef4913a75c338aeca,c3939e8e5e9ff31b4512f91be96c0e60,f0c21a35f5fd8a30ed8aa2627b766ada,31e833930843cd0564e063ad6d8f31a5,d557a99c5a2c130956021cd4e1bdd18f,Senior Cloud Engineer,https://apply.workable.com/j/89D9C01FD5?utm_source=freehire.me,freehire,1,1
db8ff52e2db49d7fa609af75fbeeef23,6e82e9e0a2b89bcc8b6695bf9de65937,f0c21a35f5fd8a30ed8aa2627b766ada,318e05aba5a0571d2d69255d7308b0eb,a5f78aedefc93c72e18880849bb06461,BUSINESS ANALYST - PRODUCT SME - CORPORATE BANKING,https://www.careers-page.com/duncan-ross-management-consultancies/job/X987R53R?utm_source=freehire.me,freehire,1,1
d6d3e42b6f10216c4a8f691bc2927ac9,4171cd044c347186f16a3bfbc39629d2,f0c21a35f5fd8a30ed8aa2627b766ada,cb917c6b8f21aa05bd123b6b3ddb9d39,a2bd0075ead2d77cc9b4f5c65b14c7ab,"Senior Data Engineer, AI-Ready Data Platform",https://en-sa.whatjobs.com/pub_api__cpl__10754958__7118?geoID=12&utm_campaign=publisher&utm_medium=api&utm_source=freehire.me,freehire,1,1
273365662f568683b17e1f6e09bfb108,cb54f3d3c6d739d1eb45ea7ae851cd6f,1c9c73d943b626d282f1cfce6686fbbf,a74683d6d303bc41f6726bd8c6f681b5,a2bd0075ead2d77cc9b4f5c65b14c7ab,DevOps Engineer,https://en-sa.whatjobs.com/pub_api__cpl__10757426__7118?utm_campaign=publisher&utm_medium=api&utm_source=freehire.me,freehire,1,1
0ea8f0c8b62485bee4887ec4ddca927f,ed9be8e96925a9431eeb4e0e3f45b128,1c9c73d943b626d282f1cfce6686fbbf,4bc5bf1ab11783c31e022304f12500bd,a2bd0075ead2d77cc9b4f5c65b14c7ab,"Software Developer — Java, Python, Cloud & DevOps",https://en-sa.whatjobs.com/pub_api__cpl__10756391__7118?utm_campaign=publisher&utm_medium=api&utm_source=freehire.me,freehire,1,1
5bf907feb9556b3f003fc612d55a609e,dc440e11b7e380ecbb9c066764af2371,f0c21a35f5fd8a30ed8aa2627b766ada,9271781a32ce297cc26f9c3ae484921f,dcf52c9819dbea4ed680c1f89dccd1f8,Cybersecurity Manager - Metro,https://jobs.smartrecruiters.com/EgisGroup/744000150535579-cybersecurity-manager-metro?utm_source=freehire.me,freehire,1,1
9780ad000b6790d47ef1bf94eae7f283,81ac8a9ab977c4d3bed21664a75c0336,f0c21a35f5fd8a30ed8aa2627b766ada,0fc5b4e9c9d3d7b80733e6e9280a7639,dcf52c9819dbea4ed680c1f89dccd1f8,"Full Stack, Developer",https://apply.workable.com/j/4F718C1831?utm_source=freehire.me,freehire,1,1
442352871ce6bf026fc15eee7a439130,a74c5282f1a50622192e176216aa8fc7,f0c21a35f5fd8a30ed8aa2627b766ada,33592aca294d19473e45d745e5716a19,ac801ea38d61b8f3e71e0f7d88cbe23a,ServiceNow Scrum Master,https://jobs.alfanar.com/alfanar/job/Riyadh-ServiceNow-Scrum-Master/1436449333/?utm_source=freehire.me,freehire,1,1
8d5d59891990bd43fea513d13325b9d0,0645f775abc48eec7321083171646afb,1c9c73d943b626d282f1cfce6686fbbf,0365542d9b0428dce6dd3fa472392d17,0cdf73ff2b30ed7aa6206fde112bee77,Staff Site Reliability Engineer,https://jobs.lever.co/jobgether/00924a88-e3fd-4716-91e2-fdf5b179c665?utm_source=freehire.me,freehire,1,1
fcaacebdf4eb0da616c006e965cf2519,fc4f825f633301de7d00f3636b1c0875,6d90b93e2e06bed76b003b975aaa26de,d7838c27eb8edd2545575ee454783c2a,fc80b6d5af5f41d5fe35d95b7078b1fb,Information Technology Auditor,https://saudi.tanqeeb.com/jobs-in-saudi/all/jobs/021204665.html,tanqeeb,1,1
d96ec1f0edbe5e5cabc812219155e4e0,f3f042b47bcf4f12d4887455f4785364,f0c21a35f5fd8a30ed8aa2627b766ada,8f55ffa788f0fa4c7b39e1382e97ccbc,08df6d4ff68729b9d2b5d2d186f39eca,Project Manager,https://apply.workable.com/j/775B361518?utm_source=freehire.me,freehire,1,1
abf0fc173b9ff1b823c2f7b609af6fc0,c16778fdeb7ee6e0df57dd9bbe8e9f72,f0c21a35f5fd8a30ed8aa2627b766ada,926c7f46c8bc1c0c4d52943de3e83e37,0cdf73ff2b30ed7aa6206fde112bee77,Junior Programmer,https://en-sa.whatjobs.com/pub_api__cpl__10748023__7118?utm_campaign=publisher&utm_medium=api&utm_source=freehire.me,freehire,1,1
d70d7e98e9c11cc136ec426ed0a9b2ad,eef5c447c38260c654f5941ec1ae5538,f0c21a35f5fd8a30ed8aa2627b766ada,d6671ff37a9c08b76f2dd0fa70e46282,f14cc5cdce0420f4a5a6b6d9d7b85f39,Lead IT Team Leader,https://saudi.tanqeeb.com/jobs-in-saudi/all/jobs/021056682.html,tanqeeb,1,1
ceb6fc9ff5aafceb59274b2cf5135920,5cae2481171509c9a3be4591be47d4bd,1c9c73d943b626d282f1cfce6686fbbf,2f5f613f428077e0cf00a584c89878d8,f14cc5cdce0420f4a5a6b6d9d7b85f39,Area Sales Manager,https://saudi.tanqeeb.com/jobs-in-saudi/all/jobs/021041763.html,tanqeeb,1,1
6a1eb9e49959316bbb6c08f3b83236fb,59b2b6dee55d9640982b89021d35ba8c,6d90b93e2e06bed76b003b975aaa26de,33592aca294d19473e45d745e5716a19,15e5433e6eb1f5b83c72d85ec798635f,Computer Trainer,https://saudi.tanqeeb.com/jobs-in-saudi/all/jobs/021171331.html,tanqeeb,1,1
7a537adee44429b4c3ac5dcbf630defb,63071bfac87ec07c63de59638818f687,1c9c73d943b626d282f1cfce6686fbbf,87b1933db1b3bc75ac2bd7e51147e919,4f4672ecce977db428d1ebfd78bb00e8,Software Developer,,tapneo,1,1
03cea0ba434fae21d262dfc497c2f09e,0ac34737b6457c8213fc9813b0f09fd0,1c9c73d943b626d282f1cfce6686fbbf,a87e5a5614e8a6d97259deae035f1a7e,76aaffe7cf7b8d0b487ded0a700e93cd,The Lead Engineer System Integration,,tapneo,1,1
8063b059a2845ffb98147f107188963f,4a6dbb2ff650f82af801f71c3efd72c3,1c9c73d943b626d282f1cfce6686fbbf,3424450df2bcfafeafeb4fb0f23fb7e9,c2280a340e4d80b7a1dd4d19dd243468,Cloud Architect,,tapneo,1,1
68465772a6200946974ce6b2ea3323bd,e1a8a5ae19ad056f286419b143e348c2,1c9c73d943b626d282f1cfce6686fbbf,ba14683fd133aedb627983c7a5b14b68,2a4220cbbdcaf089dcef046a6a97e20a,Data Engineer,,tapneo,1,1
24f5165f03b591426e8139e4d603f741,b1acaef5b07f33f7860da329b7d82bf6,1c9c73d943b626d282f1cfce6686fbbf,87b1933db1b3bc75ac2bd7e51147e919,7867c816a4782ac6cdccc729c7ddf6c1,System Admin Engineer,,tapneo,1,1
d2b1033b4c4dd260d8f37928af3beb01,043316cf9cf39b6ba65e939c8e783197,1c9c73d943b626d282f1cfce6686fbbf,f15eb97161735b5df1b437fc7ff3ad20,3829d4a3a1a7d5d7f465120490feb166,Solutions Architect,,tapneo,1,1
249cfdc13434d3cb3a17bf226236bb52,81584e792b33afdb62bde614243d922f,1c9c73d943b626d282f1cfce6686fbbf,21069c033967b1b2dff8053758441a61,1a78d3e6cf833fde627a8cc443e0eca6,Data Engineer,,tapneo,1,1
7478e3764c5a2ac9710673566d58d8b5,1725ad896ab21f77c51e35c239e251b8,1c9c73d943b626d282f1cfce6686fbbf,9b6c93e1ec1fb48e7afaff0d7d32446c,5e8f11e596b212b0732d73ac3887f72f,Security Engineer,,tapneo,1,1
87525e997ef831ffbfb93de3fdc25dd2,273979d2f24fe9e8f727d32c338f679e,1c9c73d943b626d282f1cfce6686fbbf,c6f3cdee1f1d7bffbc93424feb6b5588,5da2ffc528fa51e3e500b79a89175aaa,Senior Security Engineer,,tapneo,1,1
4b799991cedb51e1c84a113ec623a224,26cb7b9bbd03314082aace9b701d852d,1c9c73d943b626d282f1cfce6686fbbf,0fef93c3b93fe307b2b61b8dd7ef34e0,1a78d3e6cf833fde627a8cc443e0eca6,Data Engineer,,tapneo,1,1
a625577bcd6a55f5352df9a7d9551448,615560aab8ec9c24f5f88f839970e1a2,1c9c73d943b626d282f1cfce6686fbbf,35ebd12571bc2e1ace57ae4560cd7bb7,c2280a340e4d80b7a1dd4d19dd243468,Senior Business Intelligence Specialist,,tapneo,1,1
c92e30aed0e5ab39ed99f3c2c7a45a07,4807d6b1c40dc06dfbf3a79c0eeef7f3,1c9c73d943b626d282f1cfce6686fbbf,87b1933db1b3bc75ac2bd7e51147e919,942f00ccfa703e111a5b2b24c357758d,Application Developer,,tapneo,1,1
34f4a464ea809ac362f7118795eea1a9,f033237bac690685dec4ac2e1cbc33bc,1c9c73d943b626d282f1cfce6686fbbf,87b1933db1b3bc75ac2bd7e51147e919,ec6793b8ca4c89b69b38d22974e52c7c,Machine Learning Engineer,,tapneo,1,1
3bb2bacdc4356cd993497a10b5c5ee6c,f0fde4dd3de6fee7c6ecdd5207b0e4ed,1c9c73d943b626d282f1cfce6686fbbf,0eacea33ffb217a026117e87966304ec,4158b202244f39becd011a0333d89343,Senior Forward Deploy Engineer,,tapneo,1,1
8f7c8a01f0b7180fd4e49aabbf1768bd,6b35f24420c563ec6ab27fd48b9ed081,1c9c73d943b626d282f1cfce6686fbbf,cb917c6b8f21aa05bd123b6b3ddb9d39,dcf52c9819dbea4ed680c1f89dccd1f8,System / Database Operations Lead Engineer,https://sa.jooble.org/jdp/-2593537072026187635,jsearch,1,1
c66c4ffd25f7b0133cec3580b5454380,1a9b114d228ac19b457ca27d05afd05a,f0c21a35f5fd8a30ed8aa2627b766ada,4ae3da5ed67df20569811bda7edda3f4,76a7a00bc1008ca4036103662dcbd297,Multimedia Designer,https://jobs.smartrecruiters.com/EthosInteractive/744000148519179-multimedia-designer?utm_source=freehire.me,freehire,1,1
ff8c0c4a6453680b62f376804aea1644,c3939e8e5e9ff31b4512f91be96c0e60,354d7fd84f7b8b771fce9e5e1d9d2621,e86d3956d9c8df67f83ca031f8ae081c,d557a99c5a2c130956021cd4e1bdd18f,Building Management System Engineer,https://apply.workable.com/j/5385ACA51F?utm_source=freehire.me,freehire,1,1
d38a7b8ff8e1ee483177d80fcbed826f,a7ee8b1ca47b2aec33bee33a2a455b1a,6d90b93e2e06bed76b003b975aaa26de,d7838c27eb8edd2545575ee454783c2a,5bd9356d753f1fd99468ef4b1c1df52b,Information Technology Help Desk Support,https://saudi.tanqeeb.com/jobs-in-middle-east/all/jobs/021229338.html,tanqeeb,1,1
6e158c2fb4e24be61969d2fccb2c797e,09ad3d4f54798ff70406e77ec7804179,e3d84c82507d974ff8564a5dae31e755,33592aca294d19473e45d745e5716a19,dcf52c9819dbea4ed680c1f89dccd1f8,SAP Functional & Technical Consultant,https://apply.workable.com/j/AEF64BD4B3?utm_source=freehire.me,freehire,1,1
d476d787c38f18713ea6c511764f134e,b1f5226a8f6aa2575656fb0b5c16574b,1c9c73d943b626d282f1cfce6686fbbf,d7838c27eb8edd2545575ee454783c2a,f14cc5cdce0420f4a5a6b6d9d7b85f39,IT Business Partner,https://saudi.tanqeeb.com/jobs-in-saudi/all/jobs/021031135.html,tanqeeb,1,1
be0937f73002100b55580998f1fb7316,4247d38030e75671aa1ce577fd430b5e,1c9c73d943b626d282f1cfce6686fbbf,87b1933db1b3bc75ac2bd7e51147e919,76aaffe7cf7b8d0b487ded0a700e93cd,Reporting Engineer I,,tapneo,1,1
3f9f248f659fad4332e0e8f39df3b1e9,ebbe5daa391963b9cdb74c2620d78bf0,1c9c73d943b626d282f1cfce6686fbbf,0365542d9b0428dce6dd3fa472392d17,942f00ccfa703e111a5b2b24c357758d,Software Engineer,,tapneo,1,1
296a1abd36ecdb63efec53539cf17400,2747bab0f51ec84f95cc81aca8614f3f,1c9c73d943b626d282f1cfce6686fbbf,d7838c27eb8edd2545575ee454783c2a,f14cc5cdce0420f4a5a6b6d9d7b85f39,Technology Services Supervisor,https://saudi.tanqeeb.com/jobs-in-saudi/all/jobs/021152106.html,tanqeeb,1,1
eb726fc9f36d7ab160ec98fd4414ba8b,61e37cf3a50da58e57c7a04137a110df,1c9c73d943b626d282f1cfce6686fbbf,0365542d9b0428dce6dd3fa472392d17,d8540df3cf540dbcb561d4625cd7abb9,Enterprise Solutions Engineer,https://jooble.org/jdp/4811411030617440430,jooble,1,1
b6f71959b986cc5c889fedd0e3e211d3,aeb28cb0f4ab39d6cc392f4df79b6c93,1c9c73d943b626d282f1cfce6686fbbf,0365542d9b0428dce6dd3fa472392d17,c5a16f96b336202b9e36b69761615616,Systems Engineer,https://jooble.org/jdp/-117181269789385216,jooble,1,1
f9fc45140380d017f7443d1b429f24a2,311c35143796320c8831480847401a5e,1c9c73d943b626d282f1cfce6686fbbf,c6f3cdee1f1d7bffbc93424feb6b5588,d557a99c5a2c130956021cd4e1bdd18f,Senior Cyber Security Consultant,https://jooble.org/jdp/-5398076980862755131,"jooble, freehire",2,1
0f400c1796f3df81dd179ad459477580,6f4a1a62b3b402b850bf337fd919d869,1c9c73d943b626d282f1cfce6686fbbf,1d9968dd574f441c49c84ddba554dd5a,0ce084c049cf183a6a20c7ac51a15def,"Software Engineer, Platform - Montgomery, USA",https://jooble.org/jdp/-5604797539238399283,jooble,1,1
9c5fcb1b8ab1e20ac6b3fcbc354d0335,9b7e66ab412386195ca63da137c08ff7,1c9c73d943b626d282f1cfce6686fbbf,d6d03df600b07487a5eefd18e4c769a2,ac100498b3d3694d524d4b87e1fc7e3c,Senior Software Engineer,https://jooble.org/jdp/7855577297004266435,jooble,1,1
5db95bc2c628485c79021f895f146cea,81ac8a9ab977c4d3bed21664a75c0336,1c9c73d943b626d282f1cfce6686fbbf,0fc5b4e9c9d3d7b80733e6e9280a7639,6c2a675559f7caa08b73359ccb75a22d,Frontend UI Engineer: Responsive Web Apps,https://www.jobleads.com/sa/job/frontend-ui-engineer-responsive-web-apps--riyadh--e795d040a4d8b30890ee3e50326a37464,jsearch,1,1
85ebe5eb11f70264c3f2059a5c47aeac,10d46e207e2eb6c21680b3eedc5635b3,1c9c73d943b626d282f1cfce6686fbbf,c29b49aa853f995537042f2bd3233a4e,a2bd0075ead2d77cc9b4f5c65b14c7ab,SOAR FINANCIALS: FRONTEND ENGINEERING MANAGER,https://bebee.com/sa/jobs/soar-financials-frontend-engineering-manager-online-jobs-philippines-work-at-home-makkah-region--techmap_sa_4444415080,jsearch,1,1
1fc3e07c5fa0b0c18d04ab785a7a8954,db3ca0ce52511c11c910b4b7f1a8e6fa,1c9c73d943b626d282f1cfce6686fbbf,0365542d9b0428dce6dd3fa472392d17,6c2a675559f7caa08b73359ccb75a22d,Frontend Developer,https://www.founditgulf.com/job/frontend-developer-web-mobile-masterworks-saudi-arabia-62557621,jsearch,1,1
7ddae91290d50a175a68bad7beec9f06,63071bfac87ec07c63de59638818f687,1c9c73d943b626d282f1cfce6686fbbf,0365542d9b0428dce6dd3fa472392d17,c5a16f96b336202b9e36b69761615616,Evaluation Engineer,https://jooble.org/jdp/-4934464868143797508,jooble,1,1
50b76b993e026f79063f37fd0b21ac0e,abe0f53bfd6b65c5108e24c95e6fcb0e,b7e52b5b43f3e984c56b64b466aa6636,0365542d9b0428dce6dd3fa472392d17,6c2a675559f7caa08b73359ccb75a22d,Full Stack Developer,https://sa.expertini.com/job/full-stack-developer-al-jubail-al-watania-information-systems-599938090052104149/,jsearch,1,1
255485df530dafa0b402142b2d1f5659,6450b0b2047a9273a70f0177214da82e,e3d84c82507d974ff8564a5dae31e755,0365542d9b0428dce6dd3fa472392d17,6c2a675559f7caa08b73359ccb75a22d,Frontend Developer,https://sa.jobrapido.com/jobpreview/2306421058124644352,jsearch,1,1
30d685f5171b926eba9efdab257f5efb,c929adc4d24d9f97423fb3197e5d41eb,1c9c73d943b626d282f1cfce6686fbbf,cb917c6b8f21aa05bd123b6b3ddb9d39,6c2a675559f7caa08b73359ccb75a22d,Senior Data Scientist / Senior ML Engineer,https://www.founditgulf.com/job/senior-data-scientist-senior-ml-engineer-foodics-saudi-arabia-62210080,jsearch,1,1
95a4f6640c9edaac67ad31c0d5345e16,a5c68a79bcf23d84221a27b9a7707171,1c9c73d943b626d282f1cfce6686fbbf,a38de38b42b1fccfd1ee4011ca6442d3,6c2a675559f7caa08b73359ccb75a22d,Data Scientist - 6 months contract,https://www.founditgulf.com/job/data-scientist-6-months-contract-muller-s-solutions-saudi-arabia-50052623,jsearch,1,1
5f0f60891396a4bf36d6011d977fb733,19196af956e350842bc444608d0f9982,b9f1925f0f1882abf3346436ebd535f7,318e05aba5a0571d2d69255d7308b0eb,6c2a675559f7caa08b73359ccb75a22d,Drilling Data Analyst,https://bebee.com/sa/jobs/drilling-data-analyst-virtucruit-najran--techmap_sa_W34RW76W,jsearch,1,1
40232ceaa630f0ed51d96d6430e55f4f,164d293acec1f5d89e0b5e2768138b6b,1c9c73d943b626d282f1cfce6686fbbf,0365542d9b0428dce6dd3fa472392d17,6c2a675559f7caa08b73359ccb75a22d,Embedded Software Engineer,https://sa.linkedin.com/jobs/view/embedded-software-engineer-mid-senior-level-at-movandi-4392428770,jsearch,1,1
f67875b62110340ed954fa4607dfbd08,63071bfac87ec07c63de59638818f687,1c9c73d943b626d282f1cfce6686fbbf,0eacea33ffb217a026117e87966304ec,6c2a675559f7caa08b73359ccb75a22d,Senior Backend Engineer,https://www.gulftalent.com/saudi-arabia/jobs/senior-backend-engineer-610420,jsearch,1,1
7bc476b087f8110d96ebf1e2636fac15,5191df824a5440b332883cb5dadc6315,1c9c73d943b626d282f1cfce6686fbbf,318e05aba5a0571d2d69255d7308b0eb,6c2a675559f7caa08b73359ccb75a22d,Database Administrator: High Availability & Performance,https://sa.jooble.org/jdp/-4079219082469236656,jsearch,1,1
69eba75990f38830d6c018c61437b1e6,03b78e125adc5612c0c9d5d96700bd4c,1c9c73d943b626d282f1cfce6686fbbf,0365542d9b0428dce6dd3fa472392d17,6c2a675559f7caa08b73359ccb75a22d,Mobile Engineer,https://sa.linkedin.com/jobs/view/mobile-engineer-at-coorb-4449786368,jsearch,1,1
10f1e0d0c5ee2a0062f88542f54dc6d3,223f3f7138ccd863aca3a191743fd2dc,f0c21a35f5fd8a30ed8aa2627b766ada,318e05aba5a0571d2d69255d7308b0eb,6c2a675559f7caa08b73359ccb75a22d,"data analyst — insights, dashboards & growth",https://sa.thebigjobsite.com/details/E221EB4AF75C5DE7A70CBB8632CD80EE/riyadh-data-analyst---insights--dashboards---growth,jsearch,1,1
7504bb532bafb1e0ace3cf01321c1a42,09ad3d4f54798ff70406e77ec7804179,1c9c73d943b626d282f1cfce6686fbbf,4ae3da5ed67df20569811bda7edda3f4,6c2a675559f7caa08b73359ccb75a22d,Generative AI Designer,https://www.gulftalent.com/saudi-arabia/jobs/generative-ai-designer-618651,jsearch,1,1
5a8e258a4778fa1b128911b887557c44,0645f775abc48eec7321083171646afb,1c9c73d943b626d282f1cfce6686fbbf,0eacea33ffb217a026117e87966304ec,6c2a675559f7caa08b73359ccb75a22d,Senior Python/Django Backend Engineer – iGaming,https://www.jobleads.com/sa/job/senior-python-django-backend-engineer-igaming--saudi-arabia--eb7ad99e72f1103ddbd4d6ef8eaae41af,jsearch,1,1
2566cfaa3494fbe6ac3fb1d1b10914e3,e023385ecc024747b0ffe7f3d8d7a0d4,1c9c73d943b626d282f1cfce6686fbbf,33592aca294d19473e45d745e5716a19,dcf52c9819dbea4ed680c1f89dccd1f8,Business Development Executive,https://sabbar.com/ar/jobs/r-business-development-executive/id-38415334-fb88-4610-9d10-41f4dda2c7a0,jsearch,1,1
480f5a147d74b3a49c70f3a73c43e5ad,db3ca0ce52511c11c910b4b7f1a8e6fa,1c9c73d943b626d282f1cfce6686fbbf,0365542d9b0428dce6dd3fa472392d17,a2bd0075ead2d77cc9b4f5c65b14c7ab,Full-Stack Developer - Immediate Hiring,https://www.founditgulf.com/job/full-stack-developer-immediate-hiring-masterworks-saudi-arabia-48720735,jsearch,1,1
c2b78cefb3fc863e2f666f7fc9f69a8b,81ac8a9ab977c4d3bed21664a75c0336,1c9c73d943b626d282f1cfce6686fbbf,33592aca294d19473e45d745e5716a19,6c2a675559f7caa08b73359ccb75a22d,"Network & Collaboration, Specialist",https://www.bayt.com/ar/saudi-arabia/jobs/network-collaboration-specialist-74872725/,jsearch,1,1
a2a80ef313700a62056ad98c1d3715c6,b5fa70d1caf53ac6f8bbf762a6126bdb,1c9c73d943b626d282f1cfce6686fbbf,0365542d9b0428dce6dd3fa472392d17,6c2a675559f7caa08b73359ccb75a22d,Sr Enterprise Full Stack Developer,https://bebee.com/sa/jobs/sr-enterprise-full-stack-developer-jobscroller--techmap_sa_4439852378,jsearch,1,1
408a4685f5a261faea2aec2ba724ee2d,2263508ddc6f74a626acd54ed866e199,1c9c73d943b626d282f1cfce6686fbbf,9271781a32ce297cc26f9c3ae484921f,6c2a675559f7caa08b73359ccb75a22d,Strategic Account Manager - AI Security,https://www.jobleads.com/sa/job/strategic-account-manager-ai-security-saudi-arabia--riyadh--e430468826708ab44706f30b79c3e39d8,jsearch,1,1
060e05e5e199f27c8fb308ad51f1b2f6,f3f042b47bcf4f12d4887455f4785364,1c9c73d943b626d282f1cfce6686fbbf,c6f3cdee1f1d7bffbc93424feb6b5588,6c2a675559f7caa08b73359ccb75a22d,Senior Cybersecurity Specialist,https://www.gulftalent.com/saudi-arabia/jobs/senior-cybersecurity-specialist-609784,jsearch,1,1
d49c06705e9f881cf4dd65b857697f55,ce8bf6d3ac7c275a2cc81720a4de74c7,1c9c73d943b626d282f1cfce6686fbbf,4ae3da5ed67df20569811bda7edda3f4,6c2a675559f7caa08b73359ccb75a22d,Mobile Application UI/UX Designer,https://sa.linkedin.com/jobs/view/mobile-application-ui-ux-designer-flutter-at-confidential-jobs-4448027489,jsearch,1,1
c3482e8e706f19f8fd697a36561f026d,42fb1751bacfa9e294694a3d4b8f9041,354d7fd84f7b8b771fce9e5e1d9d2621,0eacea33ffb217a026117e87966304ec,a2bd0075ead2d77cc9b4f5c65b14c7ab,Senior Frontend Developer,https://bebee.com/sa/jobs/senior-frontend-developer-perfect-vision-website-dammam--talent-590970207101070985,jsearch,1,1
d893dc5a34e89449ca466a844c238916,c5fa4dedc9a50a9c65c7ffb802f430b0,1c9c73d943b626d282f1cfce6686fbbf,0365542d9b0428dce6dd3fa472392d17,6c2a675559f7caa08b73359ccb75a22d,AI Engineer - Remote,https://ai-search.io/job-board/cognna-ai-engineer---remote-20251003,jsearch,1,1
cf9aec680ed5ab001d7af2ce09e7d825,bfe5ca48d5d7916eaa869972cfcfd761,1c9c73d943b626d282f1cfce6686fbbf,d6671ff37a9c08b76f2dd0fa70e46282,6c2a675559f7caa08b73359ccb75a22d,AI Team Lead,https://www.bayt.com/en/saudi-arabia/jobs/ai-team-lead-74709843/,jsearch,1,1
2ea9c9e2d408e8780461b7c880611baf,a037fdd7c89237d1e8378e4474d2bfa1,1c9c73d943b626d282f1cfce6686fbbf,318e05aba5a0571d2d69255d7308b0eb,6c2a675559f7caa08b73359ccb75a22d,Logistical Supply Analyst,https://sabbar.com/ar/jobs/r-logistical-supply-analyst/id-71c5ced6-5ff5-4f96-bc50-6df8d9ea1649,jsearch,1,1
1c2f0975ec7576486dff75860f720b04,ea3f6f34e2ce9f0c43da29234181a068,1c9c73d943b626d282f1cfce6686fbbf,318e05aba5a0571d2d69255d7308b0eb,6c2a675559f7caa08b73359ccb75a22d,Database Administrator Specialist — Performance & Security,https://www.jobleads.com/sa/job/database-administrator-specialist-performance-security--riyadh--e37a3fa644d651cb851c8cfec8b35bd8f,jsearch,1,1
c9000bfc62ad5dd1f9fdfd4bb942f44d,a74c5282f1a50622192e176216aa8fc7,1c9c73d943b626d282f1cfce6686fbbf,0365542d9b0428dce6dd3fa472392d17,6c2a675559f7caa08b73359ccb75a22d,"Engineer, QA/QC Electrical",https://www.gulftalent.com/saudi-arabia/jobs/engineer-qa-qc-electrical-608091,jsearch,1,1
72f196055c09f42028cffdbc4548cbb5,1c1b9c03e93f7f6983ff774d77b44938,1c9c73d943b626d282f1cfce6686fbbf,0eacea33ffb217a026117e87966304ec,6c2a675559f7caa08b73359ccb75a22d,Senior Quantum ML Engineer – Client Solutions,https://www.jobleads.com/sa/job/senior-quantum-ml-engineer-client-solutions--saudi-arabia--ee180e404e109573999de315f9d1ab7cb,jsearch,1,1
c51bc621409c217d3c4db976bbc973d4,1193b43d61243259cdbbe014aa0082f9,1c9c73d943b626d282f1cfce6686fbbf,a74683d6d303bc41f6726bd8c6f681b5,6c2a675559f7caa08b73359ccb75a22d,"Azure Cloud Engineer: Secure, Cost‑Efficient Cloud Ops",https://bebee.com/sa/jobs/azure-cloud-engineer-secure-costefficient-cloud-ops-mullers-solutions--bs-sa-a3a3b9e9-af70-410c-b72e-8c707ee78139,jsearch,1,1
4eec6f09299a2f201a85bcf99e7ddba4,ffb6089400726310ce568d63392bafdc,f0c21a35f5fd8a30ed8aa2627b766ada,0365542d9b0428dce6dd3fa472392d17,6c2a675559f7caa08b73359ccb75a22d,QA Engineer / QA Specialist,https://bebee.com/sa/jobs/qa-engineer-qa-specialist-itb-company-riyadh-riyadh--t7xk-779356406,jsearch,1,1
dd7e8b3136acb5e2429124dc5b60f3e2,2ff63084e2f36128315a02a52b67c0f0,4d78c967e7974c46aff38b8de7103047,0eacea33ffb217a026117e87966304ec,6c2a675559f7caa08b73359ccb75a22d,Senior Backend & AI Engineer,https://sa.jooble.org/jdp/7257482011701031678,jsearch,1,1
f942cd4dd8c1b63e729e86ff879d72a1,78e5e24ca02cee5b31a2055685510b0b,354d7fd84f7b8b771fce9e5e1d9d2621,0365542d9b0428dce6dd3fa472392d17,6c2a675559f7caa08b73359ccb75a22d,Network Engineer,https://bebee.com/sa/jobs/network-engineer-brdigitech-wll-dammam--t7xk-766983812,jsearch,1,1
bc36626ba4593be355f00a223e195dbc,59e725b7e6e0594b7310819a63c4de89,1c9c73d943b626d282f1cfce6686fbbf,c6f3cdee1f1d7bffbc93424feb6b5588,6c2a675559f7caa08b73359ccb75a22d,Cyber Security Product - Senior Manager,https://sa.linkedin.com/jobs/view/cyber-security-product-senior-manager-at-hays-4452243649,jsearch,1,1
82ec617f50b28f61cf8200cc20580c51,fca9ad35aaa2eb7bc5ee2d9ca3ee0ce5,1c9c73d943b626d282f1cfce6686fbbf,a74683d6d303bc41f6726bd8c6f681b5,6c2a675559f7caa08b73359ccb75a22d,"SRE, DevOps Engineer",https://sa.jooble.org/jdp/7167594226154149166,jsearch,1,1
881ff8b9c3cbb4f1027647c6b28de48b,903a74cef81f69cc7f26c768140d138d,1c9c73d943b626d282f1cfce6686fbbf,318e05aba5a0571d2d69255d7308b0eb,6c2a675559f7caa08b73359ccb75a22d,Medical Laboratory Scientist,https://sabbar.com/en/jobs/c-al-jumum-r-medical-laboratory-scientist/id-eed6bb31-11bf-45c3-985b-e2dca746cd75,jsearch,1,1
def00e8f7c0aaa3b6542da65db433941,6ce223cc7c3f4ab4bda29565feb5f05d,f713c14731e8318994a7731b6fe5f413,318e05aba5a0571d2d69255d7308b0eb,6c2a675559f7caa08b73359ccb75a22d,Marketing Research Analyst / Behavior Science Specialist,https://www.karkidi.com/job-details/69085-marketing-research-analyst-behavior-science-specialist-job,jsearch,1,1
75feb5230252ccffedca9f1efcb607fc,319fe3e288a0300e7743b0dde3c197e6,1c9c73d943b626d282f1cfce6686fbbf,318e05aba5a0571d2d69255d7308b0eb,dcf52c9819dbea4ed680c1f89dccd1f8,Healthcare Financial Analyst: Data & Reporting Specialist,https://www.jobleads.com/sa/job/healthcare-financial-analyst-data-reporting-specialist--saudi-arabia--e2a44fd9291e25f0d389129f128362be1,jsearch,1,1
05e5ed7496fc8c0508b3adb8b89bc416,b1ce6694bf6d7a2a967f07220822da99,e3d84c82507d974ff8564a5dae31e755,0365542d9b0428dce6dd3fa472392d17,dcf52c9819dbea4ed680c1f89dccd1f8,L Operation & Support Engineer,https://sabbar.com/ar/jobs/c-%D8%A7%D9%84%D8%AE%D8%A8%D8%B1-r-l-operation-support-engineer/id-d7d48048-5e30-4adc-83dd-e6d073616f96,jsearch,1,1
790a13f9eb16fce9cd63dbc42c18f275,da117aa54a7402c0b9311e29541270eb,1c9c73d943b626d282f1cfce6686fbbf,0365542d9b0428dce6dd3fa472392d17,dcf52c9819dbea4ed680c1f89dccd1f8,Materials Engineer Technical Submittals,https://www.naukrigulf.com/materials-engineer-technical-submittals-jobs-in-riyadh-saudi-arabia-in-alu-systems-3-to-5-years-n-cd-40005851-jid-150926500466,jsearch,1,1
8e8fe096f609249d986f68e11476a8eb,5636e7b3c7ec6eb0c9f9eb97b8560657,1c9c73d943b626d282f1cfce6686fbbf,318e05aba5a0571d2d69255d7308b0eb,dcf52c9819dbea4ed680c1f89dccd1f8,Oracle Application Database Administrator,https://www.jobleads.com/sa/job/oracle-application-database-administrator--riyadh--ee55b94e24dca2d4619374907e51811c2,jsearch,1,1
b37d36bedab48c15026eca667d013f7d,09ad3d4f54798ff70406e77ec7804179,354d7fd84f7b8b771fce9e5e1d9d2621,33592aca294d19473e45d745e5716a19,dcf52c9819dbea4ed680c1f89dccd1f8,IT Support & Network Administrator,https://apply.workable.com/j/BEA580D889?utm_source=freehire.me,"jsearch, freehire",2,1
a20057ddf250c0d4849b40cbc3cdb19d,21ce290a5181df1f6d91ccbf0727cae9,1c9c73d943b626d282f1cfce6686fbbf,318e05aba5a0571d2d69255d7308b0eb,a2bd0075ead2d77cc9b4f5c65b14c7ab,Gen AI - Data Scientist,https://sa.linkedin.com/jobs/view/gen-ai-data-scientist-at-tata-consultancy-services-4446767113,jsearch,1,1
c21ddc768d0a2c1525961bb1be707aea,13f6a4bf6b2198a589dae92526c4b93a,1c9c73d943b626d282f1cfce6686fbbf,0eacea33ffb217a026117e87966304ec,a2bd0075ead2d77cc9b4f5c65b14c7ab,Senior Java Backend Engineer - Quarkus & Microservices,https://www.jobleads.com/sa/job/senior-java-backend-engineer-quarkus-microservices--riyadh--e4d563b385dcc7347ebac479b10826ccf,jsearch,1,1
95957c685e7d36bf9598e3e98b77839d,6868a4f6ff792838a9e31a5ded7e793e,354d7fd84f7b8b771fce9e5e1d9d2621,0eacea33ffb217a026117e87966304ec,dcf52c9819dbea4ed680c1f89dccd1f8,Senior Hardware QA & Installation Support Engineer,https://bebee.com/sa/jobs/senior-hardware-qa-installation-support-engineer-perfect-vision--techmap_sa_4458288262,jsearch,1,1
b097deae2d4c1d1f148ce2b025ebaccf,4ddf944b3f4c8c935fb5ff580ab4ca98,1c9c73d943b626d282f1cfce6686fbbf,4c85301ade7733a784893329b083a98f,dcf52c9819dbea4ed680c1f89dccd1f8,Entry-Level IT Support Engineer - Linux & Windows,https://www.jobleads.com/sa/job/entry-level-it-support-engineer-linux-windows--riyadh--ec79e59fac2e2b702257da515afe993d0,jsearch,1,1
81b5b454e6d0c1b384723cd1ee280a1c,b3232a76041dac90431dba56fd4ab1fe,6d90b93e2e06bed76b003b975aaa26de,318e05aba5a0571d2d69255d7308b0eb,a2bd0075ead2d77cc9b4f5c65b14c7ab,Revenue Intelligence & Analytics Analyst,https://sa.jooble.org/jdp/-4066887525291862390,jsearch,1,1
a143a7a32a8d86eef8a9619101520064,ebb202b11dd8f5df6ebac7962ea8f046,6d90b93e2e06bed76b003b975aaa26de,0365542d9b0428dce6dd3fa472392d17,a5f78aedefc93c72e18880849bb06461,Software Developer,https://en-sa.whatjobs.com/pub_api__cpl__10734234__7118?geoID=18992&utm_campaign=publisher&utm_medium=api&utm_source=freehire.me,freehire,1,1
9b3346be7a965fca7200970fead542cf,e6e2e8a16e3755fb8ec4339c08cfb58e,1c9c73d943b626d282f1cfce6686fbbf,4ac87bb113bcb1db57944374f9e6543c,219e3dfddc927539fcce8ff99b73f012,Senior designer,https://jobs.smartrecruiters.com/AECOM2/744000148764309-senior-designer?utm_source=freehire.me,freehire,1,1
304ad9a9c1549c68d23cff9582b012c1,09553c0e4094b8198749b7d202be64ac,f0c21a35f5fd8a30ed8aa2627b766ada,cb917c6b8f21aa05bd123b6b3ddb9d39,ce4f5baa48cd135ee14b7625e51d9dca,Senior Data Engineer,https://en-sa.whatjobs.com/pub_api__cpl__10743375__7118?geoID=12&utm_campaign=publisher&utm_medium=api&utm_source=freehire.me,freehire,1,1
75fc02f45fde511d90869d231987afbe,09553c0e4094b8198749b7d202be64ac,f0c21a35f5fd8a30ed8aa2627b766ada,31e833930843cd0564e063ad6d8f31a5,ce4f5baa48cd135ee14b7625e51d9dca,Senior DevOps Engineer: Platform Reliability & Automation,https://en-sa.whatjobs.com/pub_api__cpl__10743733__7118?geoID=12&utm_campaign=publisher&utm_medium=api&utm_source=freehire.me,freehire,1,1
2a2770af9f7b57ae967a39fe80f16f92,dd225634e4eb6309217fe3a3b4cac91a,f0c21a35f5fd8a30ed8aa2627b766ada,8f55ffa788f0fa4c7b39e1382e97ccbc,ce4f5baa48cd135ee14b7625e51d9dca,AI Product Manager,https://wellfound.com/jobs/3187435-ai-product-manager?utm_source=freehire.me,freehire,1,1
7e8fc2997c51f700820032a36cf7021c,21ce290a5181df1f6d91ccbf0727cae9,f0c21a35f5fd8a30ed8aa2627b766ada,0365542d9b0428dce6dd3fa472392d17,5bd9356d753f1fd99468ef4b1c1df52b,AI/ML Engineer - Industrial Analytics,https://en-sa.whatjobs.com/pub_api__cpl__10740035__7118?geoID=12&utm_campaign=publisher&utm_medium=api&utm_source=freehire.me,freehire,1,1
a80ab644a688e25362d02f02174a4861,c16778fdeb7ee6e0df57dd9bbe8e9f72,1c9c73d943b626d282f1cfce6686fbbf,318e05aba5a0571d2d69255d7308b0eb,0cdf73ff2b30ed7aa6206fde112bee77,Computer Programmer / System Analyst,https://en-sa.whatjobs.com/pub_api__cpl__10748749__7118?utm_campaign=publisher&utm_medium=api&utm_source=freehire.me,freehire,1,1
49c475f6b29a39c276a1cd2bfcf758d8,c16778fdeb7ee6e0df57dd9bbe8e9f72,1c9c73d943b626d282f1cfce6686fbbf,4c85301ade7733a784893329b083a98f,0cdf73ff2b30ed7aa6206fde112bee77,Junior Software Developer “Saudi National”,https://en-sa.whatjobs.com/pub_api__cpl__10747997__7118?utm_campaign=publisher&utm_medium=api&utm_source=freehire.me,freehire,1,1
a395448a843fdae0327e513926d8764c,1ac67d8b851a6d074e51c9b22880dd06,f0c21a35f5fd8a30ed8aa2627b766ada,d7838c27eb8edd2545575ee454783c2a,f9f0b181b93f616e1b2fd13a7eb68819,Oracle Fusion Technical Consultant – Arabic Speaker,https://jobs.smartrecruiters.com/BTranz/744000149552359-oracle-fusion-technical-consultant-arabic-speaker?utm_source=freehire.me,freehire,1,1
e11d4e1bfb729fc1bc961f4b4dfabf63,c16778fdeb7ee6e0df57dd9bbe8e9f72,1c9c73d943b626d282f1cfce6686fbbf,33592aca294d19473e45d745e5716a19,0cdf73ff2b30ed7aa6206fde112bee77,Systems Programmer,https://en-sa.whatjobs.com/pub_api__cpl__10747363__7118?utm_campaign=publisher&utm_medium=api&utm_source=freehire.me,freehire,1,1
6676be5a248a0a3783c2c032e963b4b5,b126ab206df4b862f90f3d94ec7aa9e3,f0c21a35f5fd8a30ed8aa2627b766ada,0fc5b4e9c9d3d7b80733e6e9280a7639,08df6d4ff68729b9d2b5d2d186f39eca,Fiber Laser Production Engineer,https://en-sa.whatjobs.com/pub_api__cpl__10702150__7118?geoID=12&utm_campaign=publisher&utm_medium=api&utm_source=freehire.me,freehire,1,1
89ce439c9ea58f9c0794195321937429,4ec602d1d988e749ed7daf243273122e,1c9c73d943b626d282f1cfce6686fbbf,0365542d9b0428dce6dd3fa472392d17,82347fe834cbdd54ae50f6e790b97296,Test Engineer - Adelaide,https://jobs.dayforcehcm.com/en-US/gligroup/gli/jobs/13281?utm_source=freehire.me,freehire,1,1
3c410a1a8f27864f1f2062853088aec7,c929adc4d24d9f97423fb3197e5d41eb,f0c21a35f5fd8a30ed8aa2627b766ada,9271781a32ce297cc26f9c3ae484921f,d557a99c5a2c130956021cd4e1bdd18f,Global Cybersecurity GRC Manager,https://apply.workable.com/j/6B8790DE1A?utm_source=freehire.me,freehire,1,1
92742d6a813e54dc73297c2e9dab0bdc,0b3390770ed1d26ac6ba987bf8994d80,f0c21a35f5fd8a30ed8aa2627b766ada,8f55ffa788f0fa4c7b39e1382e97ccbc,cc84a9cd4e85ac79309601f98124b0a8,Project Manager - Agriculture and Palm,https://jobs.urbanridgesupplies.com/jobs/8399491-project-manager-agriculture-and-palm?utm_source=freehire.me,freehire,1,1
7fb645743343c433b1153285844d56ca,88da587f17356f5743a049810a2163cd,1c9c73d943b626d282f1cfce6686fbbf,0365542d9b0428dce6dd3fa472392d17,6c2a675559f7caa08b73359ccb75a22d,Forward Deployed Engineer,https://job-boards.greenhouse.io/telnyx54/jobs/7826744003?utm_source=freehire.me,freehire,1,1
606463e8711b549786df66cf768cf342,0645f775abc48eec7321083171646afb,1c9c73d943b626d282f1cfce6686fbbf,0eacea33ffb217a026117e87966304ec,0cdf73ff2b30ed7aa6206fde112bee77,Lead Software Engineer,https://jobs.lever.co/jobgether/15935767-1def-4a93-bb36-ad0b052b75e2?utm_source=freehire.me,freehire,1,1
d72547c2f93f3e1b44e6d00c59539071,838e000e87fadf6923cdc47195378dab,f0c21a35f5fd8a30ed8aa2627b766ada,0eacea33ffb217a026117e87966304ec,0cdf73ff2b30ed7aa6206fde112bee77,"Senior Software Engineer, Custody",https://en-sa.whatjobs.com/pub_api__cpl__10749346__7118?utm_campaign=publisher&utm_medium=api&utm_source=freehire.me,freehire,1,1
dd488d7e896220bd3560142755f5369a,de8bebaaa46375d07b084b3209bfe8be,f0c21a35f5fd8a30ed8aa2627b766ada,0365542d9b0428dce6dd3fa472392d17,82347fe834cbdd54ae50f6e790b97296,AI & System Engineer,https://job-boards.greenhouse.io/hala/jobs/5364098008?utm_source=freehire.me,freehire,1,1
3551ac182a144d8314af865d8d22d2fc,10bb9084b86bb0215a2900f26c066823,f0c21a35f5fd8a30ed8aa2627b766ada,842ff99cd5ef898a8ca8fcac18e3b65b,dcf52c9819dbea4ed680c1f89dccd1f8,Director - Design - Mixed-Use,https://apply.workable.com/j/F1BCCF086A?utm_source=freehire.me,freehire,1,1
89cb1e8602c760576582fff6d6a49997,d72eef453db718334d4195cf1e859fd3,f0c21a35f5fd8a30ed8aa2627b766ada,0eacea33ffb217a026117e87966304ec,cc84a9cd4e85ac79309601f98124b0a8,Senior Python Developer,https://en-sa.whatjobs.com/pub_api__cpl__10739341__7118?geoID=12&utm_campaign=publisher&utm_medium=api&utm_source=freehire.me,freehire,1,1
4b2ff41e64b5d169a543cd61462cdd35,571d5570219a8a5d69cb5329290b38e3,6d90b93e2e06bed76b003b975aaa26de,d33592c263a2f4f982c5db4389969c4f,f14cc5cdce0420f4a5a6b6d9d7b85f39,Information Technology Program Manager,https://saudi.tanqeeb.com/jobs-in-saudi/all/jobs/021054860.html,tanqeeb,1,1
80427e19d7952910366d9e3a558cec59,b5685bbdeb615e61deae9e82028e2ef4,6d90b93e2e06bed76b003b975aaa26de,3643430fa0396fad0d0d4cec65ff80cb,ce4f5baa48cd135ee14b7625e51d9dca,ICT Engineer,https://saudi.tanqeeb.com/jobs-in-middle-east/all/jobs/021232875.html,tanqeeb,1,1
e9e1c80eae57908e6eb9e09e115cc558,c4d5bf88d005a6f9667aff171cb0180f,1c9c73d943b626d282f1cfce6686fbbf,e86d3956d9c8df67f83ca031f8ae081c,3a4b763ae82326e5705a1fc4608972a2,Analytics Engineer,,tapneo,1,1
e5c386d1a5a26eef486d3ccb9ad869a8,15472ea4e129492dbb0fbb8dcffa6a8b,1c9c73d943b626d282f1cfce6686fbbf,d7838c27eb8edd2545575ee454783c2a,1ef8da68987297e36abfe7b79e48ca2f,Business Analytics,,tapneo,1,1
c7804e4a1562384bdefec3157a746fbd,051f589dca62fa34e3cd2a7df79b7e57,1c9c73d943b626d282f1cfce6686fbbf,87b1933db1b3bc75ac2bd7e51147e919,1db2dc3d8ceb487dde6315e8abcb0ca1,Software Engineer,,tapneo,1,1
3354bf0b91d7c462cc02987ea34e157d,6868a4f6ff792838a9e31a5ded7e793e,1c9c73d943b626d282f1cfce6686fbbf,0365542d9b0428dce6dd3fa472392d17,6c2a675559f7caa08b73359ccb75a22d,Full Stack Developer,https://sa.linkedin.com/jobs/view/full-stack-developer-at-perfect-vision-4458712297,jsearch,1,1
4cb4361a144088ee3048477f59a9c7a8,285e760d157c12307ebe65137ca7300b,e3d84c82507d974ff8564a5dae31e755,0365542d9b0428dce6dd3fa472392d17,6c2a675559f7caa08b73359ccb75a22d,Site Reliability Engineer,https://careers.thalesgroup.com/global/en/job/R0330235/Site-Reliability-Engineer,jsearch,1,1
f05aaeb6eab404c3def8a80581daec62,b902e60020992140368286d0bcee7c30,6d90b93e2e06bed76b003b975aaa26de,318e05aba5a0571d2d69255d7308b0eb,6c2a675559f7caa08b73359ccb75a22d,Database Administrator,https://bebee.com/sa/jobs/database-administrator-the-coca-cola-bottling-company-of-saudi-arabia-jeddah-makkah--t7xk-797291705,jsearch,1,1
d6983d24fc6008b3768e53a78b6e168e,fe797df41af41f9682ed981924f91bf3,1c9c73d943b626d282f1cfce6686fbbf,6292dd31ed918f0cf6f8bb0ab26d6181,6c2a675559f7caa08b73359ccb75a22d,Cyber Security SGM,https://sa.linkedin.com/jobs/view/cyber-security-sgm-at-abdul-latif-jameel-4457881810,jsearch,1,1
9c8765e70fb6e01876af1db6943ecec5,0d7a4ddec3dc098619a9d8f1ca505275,1c9c73d943b626d282f1cfce6686fbbf,4ac87bb113bcb1db57944374f9e6543c,6c2a675559f7caa08b73359ccb75a22d,Senior UI/UX Designer,https://bebee.com/sa/jobs/senior-ui-designer-tamm--fj-2318807635,jsearch,1,1
4747b23a4ce86101b0a26dde43f03405,73f59adb55bf752f67f0725df709cd66,f0c21a35f5fd8a30ed8aa2627b766ada,cb917c6b8f21aa05bd123b6b3ddb9d39,6c2a675559f7caa08b73359ccb75a22d,"Senior Director, Data and Technology",https://www.getsaudijobs.com/jobs/view/senior-director-data-technology,jsearch,1,1
44b433143bff280181328381e94f03cf,16d51e28d271902448f7b6cdc2b56839,1c9c73d943b626d282f1cfce6686fbbf,cb917c6b8f21aa05bd123b6b3ddb9d39,6c2a675559f7caa08b73359ccb75a22d,Senior Consultant/Assistant Manager - Tech Consulting - Data & AI - Data Scientist,https://www.founditgulf.com/job/senior-consultant-assistant-manager-tech-consulting-data-amp-ai-data-scientist-riyadh-ey-saudi-arabia-67460471,jsearch,1,1
f0740ee609a2405e7439db36ff6ef8a9,3e1972108ab38f0c4ed52b2a47bd26f1,1c9c73d943b626d282f1cfce6686fbbf,d6671ff37a9c08b76f2dd0fa70e46282,a2bd0075ead2d77cc9b4f5c65b14c7ab,Senior Full Stack Programmer,https://www.jobleads.com/sa/job/senior-full-stack-programmer--saudi-arabia--e14b8a826e37ec430692e8629500cef89,jsearch,1,1
6820f47851a8b63d3716a1ef1fa910c9,0f2458b8b33fd3ef12ae0f7a47ae3694,e3d84c82507d974ff8564a5dae31e755,4f8c76cf47f8cc61dcc6ffe2d32c4080,6c2a675559f7caa08b73359ccb75a22d,Machine Learning/Deep Learning/NLP/ ML Deployment Instructor,https://sa.jobrapido.com/jobpreview/9001296043383455744,jsearch,1,1
494edde89e3e2af73f4df5d4d3f24faf,dd8fa16e8070e649301044bae3c43d04,f0c21a35f5fd8a30ed8aa2627b766ada,a74683d6d303bc41f6726bd8c6f681b5,219e3dfddc927539fcce8ff99b73f012,DevOps Engineer,https://en-sa.whatjobs.com/pub_api__cpl__10732310__7118?geoID=12&utm_campaign=publisher&utm_medium=api&utm_source=freehire.me,freehire,1,1
db2daca62cb7cc815e23a031a732e2c2,752a0bb257077883a92ce31f25ffd061,f0c21a35f5fd8a30ed8aa2627b766ada,d6671ff37a9c08b76f2dd0fa70e46282,f9f0b181b93f616e1b2fd13a7eb68819,Senior Product Manager,https://malaa.pinpointhq.com/en/postings/90c3b9cb-8e1c-4416-8cec-9f5112219192?utm_source=freehire.me,freehire,1,1
bbe81a9e496d39ebe64356ac2dfe7fe5,d291d784d41eaa3dbff8cdabba749712,f0c21a35f5fd8a30ed8aa2627b766ada,e6d8a3338b05a44ae2269c9f530156b6,ce4f5baa48cd135ee14b7625e51d9dca,"Senior DevOps Engineer: Secure, Scalable Deployments",https://en-sa.whatjobs.com/pub_api__cpl__10741723__7118?geoID=12&utm_campaign=publisher&utm_medium=api&utm_source=freehire.me,freehire,1,1
1cc976f65c61e9156255a02dff72c79d,bfe5ca48d5d7916eaa869972cfcfd761,f0c21a35f5fd8a30ed8aa2627b766ada,0365542d9b0428dce6dd3fa472392d17,ce4f5baa48cd135ee14b7625e51d9dca,Flutter Mobile Developer,https://apply.workable.com/j/7FDFD79889?utm_source=freehire.me,freehire,1,1
9c4d2cc6c79a8b24714bc1e151255e9c,4c96c9aaa582646555163130e869d834,f0c21a35f5fd8a30ed8aa2627b766ada,0365542d9b0428dce6dd3fa472392d17,5bd9356d753f1fd99468ef4b1c1df52b,Generalist Software Engineer,https://en-sa.whatjobs.com/pub_api__cpl__10740977__7118?geoID=12&utm_campaign=publisher&utm_medium=api&utm_source=freehire.me,freehire,1,1
4e00d4280c91d33698f563bbc9d9a2a5,45704b72925cb1c00a756408d9d4005e,f0c21a35f5fd8a30ed8aa2627b766ada,0eacea33ffb217a026117e87966304ec,5bd9356d753f1fd99468ef4b1c1df52b,Senior Backend Engineer: AI Apps on OpenShift,https://en-sa.whatjobs.com/pub_api__cpl__10740071__7118?geoID=12&utm_campaign=publisher&utm_medium=api&utm_source=freehire.me,freehire,1,1
015ac949f9adfd23c1bb1b199ff32c08,516c0abbd74d3361f573ea0ba28b4448,6d90b93e2e06bed76b003b975aaa26de,0a92a0896b76bf0965db98f1fca34cb3,ce4f5baa48cd135ee14b7625e51d9dca,Senior Backend Engineer,https://en-sa.whatjobs.com/pub_api__cpl__10737976__7118?geoID=18992&utm_campaign=publisher&utm_medium=api&utm_source=freehire.me,freehire,1,1
c71f818019e2b18aab32f458493afff5,10bb9084b86bb0215a2900f26c066823,f0c21a35f5fd8a30ed8aa2627b766ada,52749aa73eddc8bdbe7da5de66839701,ce4f5baa48cd135ee14b7625e51d9dca,Director - Security Command & Integration,https://apply.workable.com/j/CF6D8A6896?utm_source=freehire.me,freehire,1,1
a1a107196934d9b2f1d1536dcd318830,a74c5282f1a50622192e176216aa8fc7,f0c21a35f5fd8a30ed8aa2627b766ada,8f55ffa788f0fa4c7b39e1382e97ccbc,ac801ea38d61b8f3e71e0f7d88cbe23a,Project Manager,https://jobs.alfanar.com/alfanar/job/Riyadh-Project-Manager/1408328433/?utm_source=freehire.me,freehire,1,1
8078dc2c402152659cbce979ca3fb4fe,c16778fdeb7ee6e0df57dd9bbe8e9f72,1c9c73d943b626d282f1cfce6686fbbf,33592aca294d19473e45d745e5716a19,0cdf73ff2b30ed7aa6206fde112bee77,Computer Network Technician,https://en-sa.whatjobs.com/pub_api__cpl__10748533__7118?utm_campaign=publisher&utm_medium=api&utm_source=freehire.me,freehire,1,1
95496ea1031a1de6ce9d9e0fa12fa845,952b7983bbf7765768f8158a8cf7fe4d,f0c21a35f5fd8a30ed8aa2627b766ada,36342576b66b21f59333da16ca84323f,0cdf73ff2b30ed7aa6206fde112bee77,Project Manager,https://jobs.smartrecruiters.com/SmithsGroup2/744000149780979-project-manager-ksa?utm_source=freehire.me,freehire,1,1
b5bda4703bdde77f0367790a4a69b5de,2765343842b1919cbbfb39fa42590c67,f0c21a35f5fd8a30ed8aa2627b766ada,0eacea33ffb217a026117e87966304ec,f9f0b181b93f616e1b2fd13a7eb68819,"Senior Full-Stack Software Engineer,, GPS",https://en-sa.whatjobs.com/pub_api__cpl__10746357__7118?geoID=12&utm_campaign=publisher&utm_medium=api&utm_source=freehire.me,freehire,1,1
4cd20f9ac15a1a6b1c2a879822f55340,5a0c410e5131f876d0484be44c6e35e1,1c9c73d943b626d282f1cfce6686fbbf,0eacea33ffb217a026117e87966304ec,6c2a675559f7caa08b73359ccb75a22d,Senior .NET Developer,https://kalsoft.applytojob.com/apply/gS9dMHA6f0/Senior-NET-Developer?utm_source=freehire.me,freehire,1,1
3510f07a28067a3525d5b49d3d04ebab,c16778fdeb7ee6e0df57dd9bbe8e9f72,1c9c73d943b626d282f1cfce6686fbbf,318e05aba5a0571d2d69255d7308b0eb,0cdf73ff2b30ed7aa6206fde112bee77,Data Engineering Strategy Consultant,https://en-sa.whatjobs.com/pub_api__cpl__10747659__7118?utm_campaign=publisher&utm_medium=api&utm_source=freehire.me,freehire,1,1
8800d31513b82c03ffa1428fd0dabec7,d8e87c0927539672f54462c837be0b7f,1c9c73d943b626d282f1cfce6686fbbf,a74683d6d303bc41f6726bd8c6f681b5,08df6d4ff68729b9d2b5d2d186f39eca,MLOps + DevOps Engineer - Agentic AI & Platform,https://en-sa.whatjobs.com/pub_api__cpl__10683911__7118?utm_campaign=publisher&utm_medium=api&utm_source=freehire.me,freehire,1,1
83a99bda5a83fe3bd0c7a97568496b40,3c8ce69a9459cac3d3b6be577e747632,f0c21a35f5fd8a30ed8aa2627b766ada,1639f08477db1dd7fc207756720b097d,08df6d4ff68729b9d2b5d2d186f39eca,"Associate Director, Digital Infra & DevOps Automation",https://en-sa.whatjobs.com/pub_api__cpl__10684909__7118?geoID=12&utm_campaign=publisher&utm_medium=api&utm_source=freehire.me,freehire,1,1
3a5dde9f5019ffd78ffe2ce7ad28f85e,15472ea4e129492dbb0fbb8dcffa6a8b,1c9c73d943b626d282f1cfce6686fbbf,a74683d6d303bc41f6726bd8c6f681b5,82347fe834cbdd54ae50f6e790b97296,IT Infrastructure Management Associate,https://iaagkf.fa.ocs.oraclecloud.com/hcmUI/CandidateExperience/en/sites/CX_1/job/87?utm_source=freehire.me,freehire,1,1
3c4ffcc9a9035c3a133ace28dc66d455,fdc32f054119d6e40089d1810ac35c9c,f0c21a35f5fd8a30ed8aa2627b766ada,0eacea33ffb217a026117e87966304ec,d557a99c5a2c130956021cd4e1bdd18f,Senior Software Engineer,https://job-boards.greenhouse.io/minio/jobs/5257237008?utm_source=freehire.me,freehire,1,1
afa3be18fdbe3881c74bca74aacabfca,c3939e8e5e9ff31b4512f91be96c0e60,f0c21a35f5fd8a30ed8aa2627b766ada,cb917c6b8f21aa05bd123b6b3ddb9d39,d557a99c5a2c130956021cd4e1bdd18f,Senior Database Administrator,https://apply.workable.com/j/58F71AD3CD?utm_source=freehire.me,freehire,1,1
d74e641e58bd17288f0605f360613d29,ec61b2dff45b37242d61636bdcebac33,f0c21a35f5fd8a30ed8aa2627b766ada,a74683d6d303bc41f6726bd8c6f681b5,d557a99c5a2c130956021cd4e1bdd18f,Infrastructure Engineer,https://apply.workable.com/j/E0A78A414A?utm_source=freehire.me,freehire,1,1
c1b342de9a8f10cbd38d8bebbc46f021,1807b3f701c063505775810e657a5aa9,1c9c73d943b626d282f1cfce6686fbbf,0365542d9b0428dce6dd3fa472392d17,dcf52c9819dbea4ed680c1f89dccd1f8,Frontend Engineer – Real-Time UI & AI Tools,https://www.jobleads.com/sa/job/frontend-engineer-0-2-yrs-real-time-ui-ai-tools--riyadh--e4a78ade8e6b4939cc72a2f7c7a4377be,jsearch,1,1
379207be9d1098b464d21de15de8252e,a5734424887783d782c4136b7aff71c5,1c9c73d943b626d282f1cfce6686fbbf,318e05aba5a0571d2d69255d7308b0eb,ac801ea38d61b8f3e71e0f7d88cbe23a,Forward Deployed Data Scientist Expert,https://jobs.sap.com/job/Singapore-Forward-Deployed-Data-Scientist-Expert-%28T4%29-117440/1422736433/?utm_source=freehire.me,freehire,1,1
12ae5c29e868f2d1c87f53c86400b87e,bc3eca238232d843c55d4993e41373ac,f0c21a35f5fd8a30ed8aa2627b766ada,0365542d9b0428dce6dd3fa472392d17,f9f0b181b93f616e1b2fd13a7eb68819,Application Developer,https://en-sa.whatjobs.com/pub_api__cpl__10745763__7118?geoID=12&utm_campaign=publisher&utm_medium=api&utm_source=freehire.me,freehire,1,1
8f6757a3f227a3efa26adc30aa299378,f3048227c9de9af525ef966779b9bcd1,1c9c73d943b626d282f1cfce6686fbbf,a87e5a5614e8a6d97259deae035f1a7e,6c2a675559f7caa08b73359ccb75a22d,Senior Frontend Developer: Turn Designs into Fast Web,https://en-sa.whatjobs.com/pub_api__cpl__10749816__7118?utm_campaign=publisher&utm_medium=api&utm_source=freehire.me,freehire,1,1
cd4043848d4bb532163d89f4039340e6,fe09777a20a23b639f2a7d2bea1b8e22,f0c21a35f5fd8a30ed8aa2627b766ada,cb917c6b8f21aa05bd123b6b3ddb9d39,a2bd0075ead2d77cc9b4f5c65b14c7ab,Senior GIS Data Engineer - Utilities & Enterprise Geodatabases,https://en-sa.whatjobs.com/pub_api__cpl__10753137__7118?geoID=12&utm_campaign=publisher&utm_medium=api&utm_source=freehire.me,freehire,1,1
dba4eeb15da4567e89110e14a83a68d9,011cff44120d1f50d746768098b74a33,f0c21a35f5fd8a30ed8aa2627b766ada,a74683d6d303bc41f6726bd8c6f681b5,a2bd0075ead2d77cc9b4f5c65b14c7ab,DevOps Engineer: GitHub Migration & CI/CD Expert,https://en-sa.whatjobs.com/pub_api__cpl__10752506__7118?geoID=12&utm_campaign=publisher&utm_medium=api&utm_source=freehire.me,freehire,1,1
ade0335d7ff3f4b122330581a0948a67,0645f775abc48eec7321083171646afb,1c9c73d943b626d282f1cfce6686fbbf,31e833930843cd0564e063ad6d8f31a5,a2bd0075ead2d77cc9b4f5c65b14c7ab,Senior Infrastructure Engineer,https://jobs.lever.co/jobgether/8576fd92-7ccc-469e-9b45-50e0834f767d?utm_source=freehire.me,freehire,1,1
cb73cbab949e727a39758d36b9d97730,952b7983bbf7765768f8158a8cf7fe4d,f0c21a35f5fd8a30ed8aa2627b766ada,33592aca294d19473e45d745e5716a19,6c2a675559f7caa08b73359ccb75a22d,Project Coordinator,https://jobs.smartrecruiters.com/SmithsGroup2/744000150107689-project-coordinator-ksa?utm_source=freehire.me,freehire,1,1
2d8dd7670259cf4290d0686e9f0c6ae0,d60306b827358b0b2d82995d79b3616a,e3d84c82507d974ff8564a5dae31e755,4ae3da5ed67df20569811bda7edda3f4,dcf52c9819dbea4ed680c1f89dccd1f8,Associate Designer - Process,https://kbr.wd5.myworkdayjobs.com/KBR_Careers/job/Corniche-Al-Khobar-Eastern-Region-Saudi-Arabia/Associate-Designer---Process_R2130156?utm_source=freehire.me,freehire,1,1
2db7213c615f20afdbca784c0bab4256,9870fbe12f10f98fbd2d689f554573b9,6d90b93e2e06bed76b003b975aaa26de,4bc88fd2b8bb9462fdadfdaabe442cc9,f14cc5cdce0420f4a5a6b6d9d7b85f39,Senior Information Technology Manager,https://saudi.tanqeeb.com/jobs-in-saudi/all/jobs/021116243.html,tanqeeb,1,1
9f6405a568e2bbc4f94ce0e32bebd7c8,10bb9084b86bb0215a2900f26c066823,1c9c73d943b626d282f1cfce6686fbbf,3850a1fca59648355a11c1b4602ae68c,f14cc5cdce0420f4a5a6b6d9d7b85f39,Manager - IT Security Delivery,https://saudi.tanqeeb.com/jobs-in-saudi/all/jobs/021150440.html,tanqeeb,1,1
eeb82a5387a92ab7c26acc6d74336d8b,b7632d807a63a5876461b8d4a819d126,1c9c73d943b626d282f1cfce6686fbbf,0eacea33ffb217a026117e87966304ec,c1ba76476c25772828bbdacf37075037,Senior Software Engineer,,tapneo,1,1
2191118a9b07bcfc247053cb5b7183e1,45fb553166fd26d9efe9423c75ce4d78,1c9c73d943b626d282f1cfce6686fbbf,c29b49aa853f995537042f2bd3233a4e,4158b202244f39becd011a0333d89343,Engineering Manager,,tapneo,1,1
4322238572532411f9784cf50d4016ff,31db23a08178960b9cf18dc3d0c9d2f5,1c9c73d943b626d282f1cfce6686fbbf,87b1933db1b3bc75ac2bd7e51147e919,c1ba76476c25772828bbdacf37075037,Software Engineer,,tapneo,1,1
2a323f1e83c17bf365cdcecb8677acd4,be0d90f1b1a783cb97a1bc8ef1a8b7c7,1c9c73d943b626d282f1cfce6686fbbf,a38de38b42b1fccfd1ee4011ca6442d3,1a78d3e6cf833fde627a8cc443e0eca6,Ai Data Collection,,tapneo,1,1
a2dc295b3e28dda49af4bd37ae53121c,7ed3071866d686a42f5204726d663bf6,1c9c73d943b626d282f1cfce6686fbbf,87b1933db1b3bc75ac2bd7e51147e919,d7431b6dd465e000937ff8ece439488e,Sales Engineer,,tapneo,1,1
dfc53f4c4c9afc3831173c828b6f24a5,edf1439075a83a447fb8b630ddc9c8de,1c9c73d943b626d282f1cfce6686fbbf,318e05aba5a0571d2d69255d7308b0eb,48db4eba8cf7855f8b0a12c43f397582,Data Engineer,,tapneo,1,1
191f335bddb86c6bce0c1c73e9e930f1,3584d72b53eccac905bc604a7800d5f9,1c9c73d943b626d282f1cfce6686fbbf,318e05aba5a0571d2d69255d7308b0eb,48db4eba8cf7855f8b0a12c43f397582,Data Engineer,,tapneo,1,1
8f5b1ab6d46f42c9e8dcb404b60a6b22,e65433e1106251ad2e3e96cd2ab020a4,1c9c73d943b626d282f1cfce6686fbbf,d7838c27eb8edd2545575ee454783c2a,3829d4a3a1a7d5d7f465120490feb166,Enterprise Architect,,tapneo,1,1
164e66319af53b99debcbaf5ca2b55c0,09e3e1267295b09b4997a4d08d2b3425,1c9c73d943b626d282f1cfce6686fbbf,ba14683fd133aedb627983c7a5b14b68,fd1360b4fa59c098c3c1d64b37d424e7,Data Scientist,,tapneo,1,1
408db12952bbbe93b7a742df992b2e9c,df78285c68ae983361b1cb0e3ac3dc91,1c9c73d943b626d282f1cfce6686fbbf,0a92a0896b76bf0965db98f1fca34cb3,d7431b6dd465e000937ff8ece439488e,Senior Software Engineer,,tapneo,1,1
04c6ac9eef23c4a5ac3e5fd5861e6454,c9b0cb53646238b8c03fb69b8f331220,1c9c73d943b626d282f1cfce6686fbbf,87b1933db1b3bc75ac2bd7e51147e919,4158b202244f39becd011a0333d89343,Solutions Engineer,,tapneo,1,1
3f48c74dcdc1c5330cb161e34666b144,1aaa886c1db7978fe2d3454db05d5e5d,1c9c73d943b626d282f1cfce6686fbbf,a38de38b42b1fccfd1ee4011ca6442d3,3a4b763ae82326e5705a1fc4608972a2,Data Engineer,,tapneo,1,1
5d5191e9418390fe12bf2ecd129c8712,9bd00462f77bc33f48605e6124ca9d50,1c9c73d943b626d282f1cfce6686fbbf,87b1933db1b3bc75ac2bd7e51147e919,31745b25e17872797414c8362d069c1b,Analytics Engineer,,tapneo,1,1
447488069b5f2de158fbd7e95044d45e,aa4d9e64828b4ace6ab82d06332b68ae,1c9c73d943b626d282f1cfce6686fbbf,d6671ff37a9c08b76f2dd0fa70e46282,1a78d3e6cf833fde627a8cc443e0eca6,Business Intelligence Senior Specialist,,tapneo,1,1
3a1662962cb2c57baaf015851cc44aa7,c0d5865783d5fee6cc9d7dadfc22419d,1c9c73d943b626d282f1cfce6686fbbf,0fc5b4e9c9d3d7b80733e6e9280a7639,48db4eba8cf7855f8b0a12c43f397582,Frontend Engineer,,tapneo,1,1
9c97bf6f31038c115c640907f8c47476,343e6957be77c6247aa2b8d0deb68bd6,1c9c73d943b626d282f1cfce6686fbbf,87b1933db1b3bc75ac2bd7e51147e919,d7914467c9185ba5be42e108c00a83f9,Operations Engineer,,tapneo,1,1
df6f1d687fd2953ba3da8dfee6bd4642,104945387221e3875362d8abb621da7d,1c9c73d943b626d282f1cfce6686fbbf,0fc5b4e9c9d3d7b80733e6e9280a7639,7e8a86961fd1ee4f6f671c6cd33ea5b8,Systems Engineer,,tapneo,1,1
6123edc072a9cf2be764f3ffd080b3bc,b0df7ff2d391ac2069e9db38e81e515b,1c9c73d943b626d282f1cfce6686fbbf,33592aca294d19473e45d745e5716a19,1a78d3e6cf833fde627a8cc443e0eca6,Enterprise Architect,,tapneo,1,1
adca111a441189d3758a48a38ac7a80a,27fd2ef9bb4ac70eec92490974f3540a,1c9c73d943b626d282f1cfce6686fbbf,d7838c27eb8edd2545575ee454783c2a,76aaffe7cf7b8d0b487ded0a700e93cd,Ai Specialist,,tapneo,1,1
5acd5ec8b3e3e8ab16a9b2a9c8f023ef,59e725b7e6e0594b7310819a63c4de89,1c9c73d943b626d282f1cfce6686fbbf,21069c033967b1b2dff8053758441a61,5e8f11e596b212b0732d73ac3887f72f,Data Security Engineer,,tapneo,1,1
82c9325789a3d2a17cfc12e40858dfe0,63071bfac87ec07c63de59638818f687,1c9c73d943b626d282f1cfce6686fbbf,0fef93c3b93fe307b2b61b8dd7ef34e0,28579dd0ba2741150e25a2e4d5d15ccc,Data Scientist,,tapneo,1,1
ce2b2a1d583b4159464e72d2c50cb8a2,258f9a71bf465df78002d51ebcad183c,1c9c73d943b626d282f1cfce6686fbbf,0fef93c3b93fe307b2b61b8dd7ef34e0,c1ba76476c25772828bbdacf37075037,Data Analyst,,tapneo,1,1
f4dfe22aec1fdbd4c5124b3a65257db0,568f4acf3114d43470de55276f4c3f79,1c9c73d943b626d282f1cfce6686fbbf,0365542d9b0428dce6dd3fa472392d17,5bd9356d753f1fd99468ef4b1c1df52b,Industrial Software Engineer — IT/OT & HMI/SCADA,https://en-sa.whatjobs.com/pub_api__cpl__10740163__7118?utm_campaign=publisher&utm_medium=api&utm_source=freehire.me,freehire,1,1
34a4cabc153e0dc7fb6c363d46fc92ad,7b15738f7aad78b88324976d18a177ac,f0c21a35f5fd8a30ed8aa2627b766ada,8f55ffa788f0fa4c7b39e1382e97ccbc,6c2a675559f7caa08b73359ccb75a22d,Project Manager - Agriculture &amp; Palm,https://jobs.qureos.com/jobs/8392119-project-manager-agriculture-palm?utm_source=freehire.me,freehire,1,1
918c985c0267e42e3d9b7394bf5a2c39,59f47694f19e4612ba96f8b8ad534414,1c9c73d943b626d282f1cfce6686fbbf,318e05aba5a0571d2d69255d7308b0eb,6c2a675559f7caa08b73359ccb75a22d,Data Engineer,https://job-boards.greenhouse.io/artefact/jobs/7866724002?utm_source=freehire.me,freehire,1,1
3291b3403b426da0c4ad57f581ba25ff,d8e87c0927539672f54462c837be0b7f,1c9c73d943b626d282f1cfce6686fbbf,a74683d6d303bc41f6726bd8c6f681b5,08df6d4ff68729b9d2b5d2d186f39eca,AI Production Engineer — MLOps & DevOps on AWS,https://en-sa.whatjobs.com/pub_api__cpl__10683108__7118?utm_campaign=publisher&utm_medium=api&utm_source=freehire.me,freehire,1,1
8ea2077d671bc801f98eaaee098c990b,10bb9084b86bb0215a2900f26c066823,f0c21a35f5fd8a30ed8aa2627b766ada,35ebd12571bc2e1ace57ae4560cd7bb7,08df6d4ff68729b9d2b5d2d186f39eca,Senior Lead- Vulnerability Management,https://apply.workable.com/j/F2F2483923?utm_source=freehire.me,freehire,1,1
c72a53461c2f08ce65f1ea27abb03949,3ae3fcff1737eb53d3cc340d5c3d3130,6d90b93e2e06bed76b003b975aaa26de,4bc88fd2b8bb9462fdadfdaabe442cc9,401e71ae951e42e208004757d3f3175f,Information Technology Lead,https://saudi.tanqeeb.com/jobs-in-saudi/all/jobs/021165962.html,tanqeeb,1,1
3f4121858d11dacc041c8200ba28f32c,830a22b28e6a104b223d625a821379b0,1c9c73d943b626d282f1cfce6686fbbf,d33592c263a2f4f982c5db4389969c4f,f14cc5cdce0420f4a5a6b6d9d7b85f39,IT Capacity Manager,https://saudi.tanqeeb.com/jobs-in-saudi/all/jobs/021096093.html,tanqeeb,1,1
90af694c8b60338cdab619a1b1c53620,734491f146da49a78762aed4ae772f1f,1c9c73d943b626d282f1cfce6686fbbf,0365542d9b0428dce6dd3fa472392d17,b853c3142b031e496054880e3912aa1b,Solutions Engineer,,tapneo,1,1
4dd812ee1b96ead4a94995e16c5f8d46,273979d2f24fe9e8f727d32c338f679e,1c9c73d943b626d282f1cfce6686fbbf,6292dd31ed918f0cf6f8bb0ab26d6181,5da2ffc528fa51e3e500b79a89175aaa,Identity Security Engineer,,tapneo,1,1
ff630392b22de8969a97c4a218d0768d,e1a8a5ae19ad056f286419b143e348c2,1c9c73d943b626d282f1cfce6686fbbf,21069c033967b1b2dff8053758441a61,c2280a340e4d80b7a1dd4d19dd243468,Data Scientist,,tapneo,1,1
ba8a8df410822d469a8cf0a90ea59d12,5dd7f974793d58d84e016fb32974be47,1c9c73d943b626d282f1cfce6686fbbf,87b1933db1b3bc75ac2bd7e51147e919,b6407620336ab48e16e1aff862e033b9,Sales Engineer,,tapneo,1,1
8be0e313cc2c73f0cfe0d7b40a78aaf4,164d293acec1f5d89e0b5e2768138b6b,1c9c73d943b626d282f1cfce6686fbbf,87b1933db1b3bc75ac2bd7e51147e919,2cba1ee16811e888b7ff54c4bd94265b,Software Engineer,,tapneo,1,1
81423aef5083964d84ac79ac6906dbab,875bb0b78094734b5b55d3125674a658,1c9c73d943b626d282f1cfce6686fbbf,0eacea33ffb217a026117e87966304ec,975be3ca4ed67c792e4887e1dea0fea6,Senior Back-End Software Engineer,https://jooble.org/jdp/973995529453765658,jooble,1,1
93cd7939848956b94e1964944a975110,b8697c455aee3b352ec934e6bff314a3,826161723f8719527bfa31fe132a5cad,0eacea33ffb217a026117e87966304ec,6c2a675559f7caa08b73359ccb75a22d,Mid-Senior Fullstack Developer,https://sa.jooble.org/jdp/8066407488863748231,jsearch,1,1
8c1ba393878b9508bbd25b64ead69d10,3d61967a13043c2e5c5aaf34c9bbb91e,1c9c73d943b626d282f1cfce6686fbbf,318e05aba5a0571d2d69255d7308b0eb,6c2a675559f7caa08b73359ccb75a22d,Quality Assurance System Analyst,https://www.naukrigulf.com/quality-assurance-system-analyst-jobs-in-makkah-al-mukarramah-saudi-arabia-in-nahdi-3-to-8-years-n-cd-10003728-jid-130826500578,jsearch,1,1
e6ad3ff41ff613146e7f30f49a010a33,dd5e7c31bfa2c0ae2486565e03cb7f64,1c9c73d943b626d282f1cfce6686fbbf,0eacea33ffb217a026117e87966304ec,6c2a675559f7caa08b73359ccb75a22d,Lead Java Developer,https://www.naukrigulf.com/lead-java-developer-jobs-in-saudi-arabia-in-serendipity-corporate-services-5-to-10-years-n-cd-20010126-jid-140826501061,jsearch,1,1
eb84c431525683a274d05d647581d794,5be49bb848a92cc0d2eb739c00c930e3,1c9c73d943b626d282f1cfce6686fbbf,0eacea33ffb217a026117e87966304ec,6c2a675559f7caa08b73359ccb75a22d,Mobile App Engineer - Team Lead,https://www.bayt.com/en/saudi-arabia/jobs/mobile-app-engineer-team-lead-73651233/,jsearch,1,1
bc98b3ff9ad663d4d2cf3e1f413e38a1,245346aca157cfd6c37388fb49aa73d0,f0c21a35f5fd8a30ed8aa2627b766ada,cb917c6b8f21aa05bd123b6b3ddb9d39,6c2a675559f7caa08b73359ccb75a22d,Data Scientist Offre Senior - Offshore,https://sa.jooble.org/jdp/3563814024965353044,jsearch,1,1
8dc37b53f0fbd0313b17881b6ad83f2e,1193b43d61243259cdbbe014aa0082f9,f0c21a35f5fd8a30ed8aa2627b766ada,318e05aba5a0571d2d69255d7308b0eb,6c2a675559f7caa08b73359ccb75a22d,Network Monitoring Analyst,https://sa.indeed.com/viewjob?jk=dedb020f855c2300,jsearch,1,1
6103e4389d66b5a32289708e28616fe5,09ad3d4f54798ff70406e77ec7804179,354d7fd84f7b8b771fce9e5e1d9d2621,a74683d6d303bc41f6726bd8c6f681b5,6c2a675559f7caa08b73359ccb75a22d,Cloud Engineer,https://apply.workable.com/eramtalent-1/j/308BCC86A6/,jsearch,1,1
5dc5de988c376e99cbc78fb8c1cac8c8,cb6f3ebee4dfb1198f5d5ca2a9eaf059,f0c21a35f5fd8a30ed8aa2627b766ada,0365542d9b0428dce6dd3fa472392d17,6c2a675559f7caa08b73359ccb75a22d,IT Business Specialist - Mobile Application Developer,https://sa.jobrapido.com/jobpreview/6876645867458134016,jsearch,1,1
4583ba25fed45fc6aa5ae469abfb6545,4807d6b1c40dc06dfbf3a79c0eeef7f3,1c9c73d943b626d282f1cfce6686fbbf,0365542d9b0428dce6dd3fa472392d17,6c2a675559f7caa08b73359ccb75a22d,Software Developer,https://www.founditgulf.com/job/software-developer-artificial-intelligence-global-company-saudi-arabia-62962907,"jsearch, freehire",2,1
d35bccc361afe219af4bf6420ea4b4fd,c8e713639f7941acd668289339ea8225,1c9c73d943b626d282f1cfce6686fbbf,0eacea33ffb217a026117e87966304ec,a2bd0075ead2d77cc9b4f5c65b14c7ab,Senior Full-Stack Engineer - Enterprise Web & APIs,https://www.jobleads.com/sa/job/senior-full-stack-engineer-enterprise-web-apis--riyadh--efe2aa63803106cfbd1280901db2fe267,jsearch,1,1
b95136f889fc84a01e530b54804d9e92,3c1d49f1846cb65f2d69f8e0a6c89024,1c9c73d943b626d282f1cfce6686fbbf,cb917c6b8f21aa05bd123b6b3ddb9d39,6c2a675559f7caa08b73359ccb75a22d,Senior Data Analytics Specialist with Generative AI,https://sa.jobrapido.com/jobpreview/4352550057828941824,jsearch,1,1
210d6bf1a82a1d25779b45df8ccada06,59f47694f19e4612ba96f8b8ad534414,1c9c73d943b626d282f1cfce6686fbbf,318e05aba5a0571d2d69255d7308b0eb,6c2a675559f7caa08b73359ccb75a22d,Data Scientist,https://sa.linkedin.com/jobs/view/data-scientist-at-artefact-4452577770,jsearch,1,1
75bb4cc6f9a0f55066979600c95a32bd,37678fb260ccc8cdd1e202381ae20bfc,1c9c73d943b626d282f1cfce6686fbbf,8f55ffa788f0fa4c7b39e1382e97ccbc,6c2a675559f7caa08b73359ccb75a22d,Value Levers Marketing Manager,https://www.founditgulf.com/job/value-levers-marketing-manager-saudi-national-amazon-robotics-saudi-arabia-67205325,jsearch,1,1
aea61c9b43b198a79b11b492bcb81e4e,273979d2f24fe9e8f727d32c338f679e,1c9c73d943b626d282f1cfce6686fbbf,318e05aba5a0571d2d69255d7308b0eb,6c2a675559f7caa08b73359ccb75a22d,Staff Data Engineer – Display Marketing / Bidding Systems Team,https://sa.linkedin.com/jobs/view/staff-data-engineer-%E2%80%93-display-marketing-bidding-systems-team-bangkok-based-relocation-provided-at-agoda-4444454646,jsearch,1,1
3f5dc1a344be786b027e9fc895d8b1c2,bb8c8c5d2bb7e64a0d71b611172d2867,1c9c73d943b626d282f1cfce6686fbbf,0365542d9b0428dce6dd3fa472392d17,a2bd0075ead2d77cc9b4f5c65b14c7ab,Full-Stack Web Developer: UI-First & API Integration,https://www.jobleads.com/sa/job/full-stack-web-developer-ui-first-api-integration--riyadh--e677cea8c1ae42d161fe8b5ec407f47fc,jsearch,1,1
e6075c9d3eeb4c37a70ab5bb631aa737,d6e8bf32d840a9df33c10c393c26a1f8,1c9c73d943b626d282f1cfce6686fbbf,0365542d9b0428dce6dd3fa472392d17,6c2a675559f7caa08b73359ccb75a22d,AI Developer,https://www.founditgulf.com/job/ai-developer-datamatics-global-service-saudi-arabia-62556112,jsearch,1,1
de6f3b8f16c31ac612b36fd3fa96e1e1,1b40576f69de8017f8d0a98d7037e952,6d90b93e2e06bed76b003b975aaa26de,a74683d6d303bc41f6726bd8c6f681b5,6c2a675559f7caa08b73359ccb75a22d,Cloud Systems Engineer,https://bebee.com/sa/jobs/cloud-systems-engineer-jeddah-smart-systems-jeddah--t7xk-766309056,jsearch,1,1
a7abca4ec41cd592d73a9ad2c88a0c54,8b2a219acc456e4f0cec1ae42141704e,f0c21a35f5fd8a30ed8aa2627b766ada,d6671ff37a9c08b76f2dd0fa70e46282,6c2a675559f7caa08b73359ccb75a22d,"Team Lead, Network & Voice",https://careers.services.global.ntt/global/en/job/R-145202/Team-Lead-Network-Voice,jsearch,1,1
fd3598cd70a7d9a80940562868dc0cc1,e97927d7a930992b86d28ecfdb735cd6,f0c21a35f5fd8a30ed8aa2627b766ada,0eacea33ffb217a026117e87966304ec,6c2a675559f7caa08b73359ccb75a22d,Lead Frontend Engineer,https://sa.indeed.com/viewjob?jk=ff3b7d6aa49b2be2,jsearch,1,1
fc9c0d852f92f7d4b0c56287d2fa2f49,8f8315c0511459dc8e1136e23c761fe5,1c9c73d943b626d282f1cfce6686fbbf,0365542d9b0428dce6dd3fa472392d17,6c2a675559f7caa08b73359ccb75a22d,Information Technology Support Engineer,https://sa.linkedin.com/jobs/view/information-technology-support-engineer-at-noon-4448825612,jsearch,1,1
e5442e8fa178c25282f7868591a4184a,4805a8403d72d27123574e49a1987a07,f0c21a35f5fd8a30ed8aa2627b766ada,318e05aba5a0571d2d69255d7308b0eb,dcf52c9819dbea4ed680c1f89dccd1f8,Business Sr. Analyst. II,https://eghj.fa.em2.oraclecloud.com/hcmUI/CandidateExperience/en/sites/CX_6001/job/322,jsearch,1,1
ccf3fd6f5ec17792f676a635359b26da,42fb1751bacfa9e294694a3d4b8f9041,354d7fd84f7b8b771fce9e5e1d9d2621,0eacea33ffb217a026117e87966304ec,a2bd0075ead2d77cc9b4f5c65b14c7ab,Senior Java Backend Developer,https://bebee.com/sa/jobs/senior-java-backend-developer-perfect-vision-website-dammam--talent-590970219562020489,jsearch,1,1
176a57b6fc2aaa875c59ea576829d5a9,827e631d36945fab3e7291d10057d960,1c9c73d943b626d282f1cfce6686fbbf,cb917c6b8f21aa05bd123b6b3ddb9d39,6c2a675559f7caa08b73359ccb75a22d,Senior Computer Systems Analyst,https://sabbar.com/ar/jobs/r-Senior-Computer-Systems-Analyst/id-317530ab-2a9a-4c8b-a01f-044eee32993d,jsearch,1,1
8da9f8211c31a1710b1c12678818f68b,d291d784d41eaa3dbff8cdabba749712,1c9c73d943b626d282f1cfce6686fbbf,33592aca294d19473e45d745e5716a19,6c2a675559f7caa08b73359ccb75a22d,Oracle Apps DBA,https://sa.linkedin.com/jobs/view/oracle-apps-dba-at-primegate-for-communications-and-it-4393456724,jsearch,1,1
6358975f354f2b4c5d9b4f35dd3dc270,4c089506ff71a669e211c6b3fa89d8ed,f0c21a35f5fd8a30ed8aa2627b766ada,0365542d9b0428dce6dd3fa472392d17,6c2a675559f7caa08b73359ccb75a22d,Frontend React Developer,https://www.getsaudijobs.com/jobs/view/frontend-react-developer,jsearch,1,1
71abe3a301bdcd55504a0d421c2905e8,ecd17ec4bd2662e0e9980d8efaa6c35e,1c9c73d943b626d282f1cfce6686fbbf,0a1fc1c68e97eda6a429ed76efff0f34,a2bd0075ead2d77cc9b4f5c65b14c7ab,Remote Search Analyst Saudi Arabia,https://sa.linkedin.com/jobs/view/remote-search-analyst-saudi-arabia-at-telus-digital-ai-data-solutions-4458762847,jsearch,1,1
7f831e2aa9dc6f563611bf0c251d64e0,81ac8a9ab977c4d3bed21664a75c0336,1c9c73d943b626d282f1cfce6686fbbf,0365542d9b0428dce6dd3fa472392d17,6c2a675559f7caa08b73359ccb75a22d,AI Solution Engineer,https://www.gulftalent.com/saudi-arabia/jobs/ai-solution-engineer-602461,jsearch,1,1
761a23fcf95319dee1405b903f50f1ed,4ddf944b3f4c8c935fb5ff580ab4ca98,1c9c73d943b626d282f1cfce6686fbbf,a74683d6d303bc41f6726bd8c6f681b5,6c2a675559f7caa08b73359ccb75a22d,Cloud Infrastructure Automation Engineer,https://www.gulftalent.com/saudi-arabia/jobs/cloud-infrastructure-automation-engineer-597485,jsearch,1,1
75612f7c185ce7d0e5fe59fa11ac85b7,535025859aed01854a5f9546057c5ad4,1c9c73d943b626d282f1cfce6686fbbf,0eacea33ffb217a026117e87966304ec,6c2a675559f7caa08b73359ccb75a22d,Senior Network Engineer,https://sa.linkedin.com/jobs/view/senior-network-engineer-at-penta-consulting-4456720317,jsearch,1,1
34d34440686ddb672c7592217cdbea4b,2fa9687d7d80b0ece8cda6bab7a5a178,f0c21a35f5fd8a30ed8aa2627b766ada,33592aca294d19473e45d745e5716a19,6c2a675559f7caa08b73359ccb75a22d,IT Support,https://jobs.parsons.com/jobs/it-support-saudi-national-riyadh-r-184958-jobs--information-technology--,jsearch,1,1
6c16388aa31f4626192fa53e6df14b2a,19981461acb8d365b1edd4f5a321b42c,1c9c73d943b626d282f1cfce6686fbbf,0365542d9b0428dce6dd3fa472392d17,6c2a675559f7caa08b73359ccb75a22d,Full Stack Web Developer,https://www.jobleads.com/sa/job/full-stack-web-developer--ar-rass--e6cd525edbfe6a658d4002f498c6a3bd8,jsearch,1,1
452ec96e54d174d21fc4e2e57e72ce83,bfe5ca48d5d7916eaa869972cfcfd761,6d90b93e2e06bed76b003b975aaa26de,0eacea33ffb217a026117e87966304ec,6c2a675559f7caa08b73359ccb75a22d,Senior Backend Engineer - Microservices | Remote & Growth,https://sa.jooble.org/jdp/-3814693780746243156,jsearch,1,1
fc229a9c3461539d13eda64465913b9f,95a204e5dc8e7fe68d397be6ffcb0b01,1c9c73d943b626d282f1cfce6686fbbf,0365542d9b0428dce6dd3fa472392d17,6c2a675559f7caa08b73359ccb75a22d,Front-End Developer Expertise for AI Training,https://ai-search.io/job-board/outlier-front-end-developer-expertise-for-ai-training-20250526,jsearch,1,1
0c4096a879d1eb8794fee1fa04bd6328,7c9c161ba1a4f7d9f586868a758d8f36,1c9c73d943b626d282f1cfce6686fbbf,d6671ff37a9c08b76f2dd0fa70e46282,6c2a675559f7caa08b73359ccb75a22d,Enterprise AI/ML Solutions Lead,https://www.jobleads.com/sa/job/enterprise-ai-ml-solutions-lead--riyadh--ebd4b2895703456e237043f728bf11c58,jsearch,1,1
5de9ea9fcc0978a06241fccf5c52c222,c16778fdeb7ee6e0df57dd9bbe8e9f72,e3d84c82507d974ff8564a5dae31e755,0365542d9b0428dce6dd3fa472392d17,6c2a675559f7caa08b73359ccb75a22d,Software Engineer,https://bebee.com/sa/jobs/software-engineer-khobar-join-solutions-khobar--ss-sa-1i2a1c2,jsearch,1,1
ffa9e95fe403f61605c748936f2e1618,c62e877b1ce327f1b20289c635935682,b7e52b5b43f3e984c56b64b466aa6636,318e05aba5a0571d2d69255d7308b0eb,6c2a675559f7caa08b73359ccb75a22d,Big Data Engineer,https://www.intechww.com/careers/co/jubail-saudi-arabia/49.666/big-data-engineer/all/,jsearch,1,1
1ef8de4a54bf8c26a1538918ad74f000,b919fb4ac10a1f6b17d9203c1354ced8,f0c21a35f5fd8a30ed8aa2627b766ada,0365542d9b0428dce6dd3fa472392d17,6c2a675559f7caa08b73359ccb75a22d,"Backend Engineer - Java/Spring Boot, Microservices",https://sa.jooble.org/jdp/9007206381457902564,jsearch,1,1
6447e05bfb9a5dafacdd65181c10e2e7,79e01c1296be018f71c07736b282fb40,b7e52b5b43f3e984c56b64b466aa6636,8f55ffa788f0fa4c7b39e1382e97ccbc,6c2a675559f7caa08b73359ccb75a22d,Mobile application Project Manager,https://jobs.smartrecruiters.com/RP1/743999681177135-mobile-application-project-manager,jsearch,1,1
28760590dfa7cbbf91a0add569110cbb,88183b946cc5f0e8c96b2e66e1c74a7e,1c9c73d943b626d282f1cfce6686fbbf,31e833930843cd0564e063ad6d8f31a5,6c2a675559f7caa08b73359ccb75a22d,"Senior Cloud & DevOps Engineer: AWS, Azure, Terraform",https://www.jobleads.com/sa/job/senior-cloud-devops-engineer-aws-azure-terraform--riyadh--e550e24bb4d13baca4ec02ce79482a885,jsearch,1,1
56983ac64ca4ccf66dc6255e54dca4e2,09ad3d4f54798ff70406e77ec7804179,391aec1a75d5d8808d5e1f9999ef681b,0365542d9b0428dce6dd3fa472392d17,6c2a675559f7caa08b73359ccb75a22d,Network Engineer,https://jobs.workable.com/view/hVtMf5pUvyTRcxkfhP2epm/network-engineer-(saudi-arabia)-in-madinah-at-eram-talent,jsearch,1,1
671329489350da90713816ddf8fd35c3,31c577edd87a27ed09f0cb82ef6ff90e,1c9c73d943b626d282f1cfce6686fbbf,d6671ff37a9c08b76f2dd0fa70e46282,6c2a675559f7caa08b73359ccb75a22d,Senior Manager Business Intelligence,https://sa.jobrapido.com/jobpreview/180515944295038976,jsearch,1,1
f5728d2da00e3cadc5250c5997ddd064,feb8eb748733fe208b8d33bd893d4ed5,1c9c73d943b626d282f1cfce6686fbbf,0365542d9b0428dce6dd3fa472392d17,6c2a675559f7caa08b73359ccb75a22d,Full Stack Engineer,https://sa.linkedin.com/jobs/view/full-stack-engineer-at-k-k-talents-4467720527,jsearch,1,1
e9dfed48eb3f6dc98f6b1935b6c81039,cf8ace16554084a950d8efda3d246295,1c9c73d943b626d282f1cfce6686fbbf,0a1fc1c68e97eda6a429ed76efff0f34,6c2a675559f7caa08b73359ccb75a22d,Data Analyst - No Experience Required,https://bebee.com/sa/jobs/data-analyst-no-experience-required-peroptyx-jeddah-riyadh-shaybah--techmap_sa_250826001535,jsearch,1,1
8aea2aa2398a196f40add0d4fa6f334e,6a7f7d6d87cafdfa94bf5688c5cbd8f3,354d7fd84f7b8b771fce9e5e1d9d2621,318e05aba5a0571d2d69255d7308b0eb,6c2a675559f7caa08b73359ccb75a22d,Business Analyst- TELCO,https://www.jobaaj.com/job/comarch-business-analyst-telco-dammam-saudi-arabia-30-to-32-years-663321,jsearch,1,1
a68cd1fe14a3fcbf147350eb7cb6a2ad,c8b921ba27403f1fe1cbf88be751fdc3,1c9c73d943b626d282f1cfce6686fbbf,318e05aba5a0571d2d69255d7308b0eb,6c2a675559f7caa08b73359ccb75a22d,Data Scientist | GenAI & LLMs | Dammam,https://bebee.com/sa/jobs/data-scientist-genai-llms-dammam-infosys-al-khobar-eastern--t7xk-843189198,jsearch,1,1
e28ae121d13e32fca8e7f7c3fd0779a4,3584d72b53eccac905bc604a7800d5f9,1c9c73d943b626d282f1cfce6686fbbf,31e833930843cd0564e063ad6d8f31a5,dcf52c9819dbea4ed680c1f89dccd1f8,Senior DevOps Engineer - On-site Banking Platform Specialist,https://www.founditgulf.com/job/senior-devops-engineer-on-site-banking-platform-specialist-kanz-saudi-arabia-44352442,jsearch,1,1
57806e5a35c82299ae89f0a75e6aa618,8b3385b1dfa569576c7a1ea6410669c5,1c9c73d943b626d282f1cfce6686fbbf,318e05aba5a0571d2d69255d7308b0eb,dcf52c9819dbea4ed680c1f89dccd1f8,On-Site Oracle Database Consultant – Performance & HA Expert,https://www.jobleads.com/sa/job/on-site-oracle-database-consultant-performance-ha-expert--riyadh--e0978eefa8d5ef80b4569c7e4433f8ffe,jsearch,1,1
1b758a4838e7177a9e08dabdcf1fe875,ec1bdf1d4f7b875aeadb7eb27cf104c7,1c9c73d943b626d282f1cfce6686fbbf,33592aca294d19473e45d745e5716a19,dcf52c9819dbea4ed680c1f89dccd1f8,PC Technician – Gaming PC Assembly & Maintenance,https://www.naukrigulf.com/pc-technician-gaming-pc-assembly-maintenance-jobs-in-al-ahsa-saudi-arabia-in-confidential-4-to-9-years-n-jid-300726000762,jsearch,1,1
9a9db25215eb42d5f23a0240d11015e5,72b3d853d7092410aa4aee6e97e4cbdb,1c9c73d943b626d282f1cfce6686fbbf,f15eb97161735b5df1b437fc7ff3ad20,dcf52c9819dbea4ed680c1f89dccd1f8,IT Support & Systems Administrator,https://wuzzuf.net/ar/saudi/jobs/p/uczldzqyinq2-it-support-systems-administrator-own-tech-riyadh-saudi-arabia,jsearch,1,1
2319c357b3bdfa802c131aa77d725ea8,b78c6df2acd60d72caad1436f897dbbf,f0c21a35f5fd8a30ed8aa2627b766ada,0365542d9b0428dce6dd3fa472392d17,a2bd0075ead2d77cc9b4f5c65b14c7ab,Full Stack Developer,https://sa.indeed.com/viewjob?jk=838805e834bcbd0e,jsearch,1,1
8ee597e703797dcc552f0c284dad2540,b7632d807a63a5876461b8d4a819d126,f0c21a35f5fd8a30ed8aa2627b766ada,0eacea33ffb217a026117e87966304ec,a2bd0075ead2d77cc9b4f5c65b14c7ab,Senior PHP Backend Developer,https://sa.indeed.com/viewjob?jk=66259049356fa6f6,jsearch,1,1
70e7b8391fa1d7a07642a49d4d461919,691ef6e204fe4c7d44a4b288bc1b873a,1c9c73d943b626d282f1cfce6686fbbf,318e05aba5a0571d2d69255d7308b0eb,6c2a675559f7caa08b73359ccb75a22d,First Team Sports Scientist,https://sabbar.com/ar/jobs/r-first-team-sports-scientist/id-4c6723dd-a2d9-4389-a8d4-3b2a3f324fe4,jsearch,1,1
77605213db62d9a901131f90e80d8b88,1f04a1921d90feab8bcffa92daf1f4b9,f0c21a35f5fd8a30ed8aa2627b766ada,d7838c27eb8edd2545575ee454783c2a,dcf52c9819dbea4ed680c1f89dccd1f8,Marketing Business Analysis Specialist Professional,https://www.edarabia.com/marketing-business-analysis-specialist-professional-mobily-riyadh-saudi-arabia/,jsearch,1,1
2bddc1e6b631e3a7e12c14301f8c1ece,239883c9de8f5100df8e1205165d2a92,1c9c73d943b626d282f1cfce6686fbbf,0365542d9b0428dce6dd3fa472392d17,dcf52c9819dbea4ed680c1f89dccd1f8,Level 2 IT Systems Engineer,https://sa.jobrapido.com/jobpreview/6225548427615272960,jsearch,1,1
1f289618c6c0908d61f161ceee80e388,0645f775abc48eec7321083171646afb,1c9c73d943b626d282f1cfce6686fbbf,33592aca294d19473e45d745e5716a19,a5f78aedefc93c72e18880849bb06461,Podcast Video Editor - SaaS,https://jobs.lever.co/jobgether/991aa62f-5434-4f13-97b1-590c1a9f248a?utm_source=freehire.me,freehire,1,1
116c7b1467b8c9ac09b45818f448f9f8,4c96c9aaa582646555163130e869d834,f0c21a35f5fd8a30ed8aa2627b766ada,0eacea33ffb217a026117e87966304ec,219e3dfddc927539fcce8ff99b73f012,Head of Hardware Engineering for AI Systems,https://en-sa.whatjobs.com/pub_api__cpl__10731823__7118?geoID=12&utm_campaign=publisher&utm_medium=api&utm_source=freehire.me,freehire,1,1
ac315b68ff120f59d24a739235cbc532,6e82e9e0a2b89bcc8b6695bf9de65937,f0c21a35f5fd8a30ed8aa2627b766ada,8f55ffa788f0fa4c7b39e1382e97ccbc,f9f0b181b93f616e1b2fd13a7eb68819,PROGRAM MANAGER - VOLUNTARY SAVINGS PRODUCT,https://www.careers-page.com/duncan-ross-management-consultancies/job/V64443Y8?utm_source=freehire.me,freehire,1,1
6a225aa323474f0c3fa4e011b3082ab0,6b6bfded76fbfcfa1152b0c6e18a5a02,f0c21a35f5fd8a30ed8aa2627b766ada,318e05aba5a0571d2d69255d7308b0eb,ce4f5baa48cd135ee14b7625e51d9dca,Data Engineer – Industrial & Refinery Data | Confidential Employer | Riyadh,https://en-sa.whatjobs.com/pub_api__cpl__10741743__7118?geoID=12&utm_campaign=publisher&utm_medium=api&utm_source=freehire.me,freehire,1,1
48ddc8e3ba8f6542a894a52d09c67bb8,d783281c5e4e5473d65b5903ad8186e4,1c9c73d943b626d282f1cfce6686fbbf,33592aca294d19473e45d745e5716a19,5bd9356d753f1fd99468ef4b1c1df52b,Kids Club Animator,https://jobs.smartrecruiters.com/AccorHotel/744000149202419-kids-club-animator-?utm_source=freehire.me,freehire,1,1
7d7eeb8af31ea27307def6e740d6b932,a6d7f1e602b5e7aec48c667dcd3984af,1c9c73d943b626d282f1cfce6686fbbf,4ac87bb113bcb1db57944374f9e6543c,5bd9356d753f1fd99468ef4b1c1df52b,Senior eCommerce UI/UX Designer - Phillipines,https://jobs.ashbyhq.com/won.ai/b516bccb-080c-4dbf-81d3-6a0ff7a7cf62?utm_source=freehire.me,freehire,1,1
026b5a9d48021bc6e6871fbb6314f23f,f63f41cef90ef60e3eaf962ea9ea450d,f0c21a35f5fd8a30ed8aa2627b766ada,0365542d9b0428dce6dd3fa472392d17,5bd9356d753f1fd99468ef4b1c1df52b,"Staff Full-Stack Software Engineer,, GPS",https://en-sa.whatjobs.com/pub_api__cpl__10740334__7118?geoID=12&utm_campaign=publisher&utm_medium=api&utm_source=freehire.me,freehire,1,1
ae01d5fd529a17e14f3b67412e147460,95fba57c1c603f68c5fdea73fe18cb96,1c9c73d943b626d282f1cfce6686fbbf,33592aca294d19473e45d745e5716a19,5bd9356d753f1fd99468ef4b1c1df52b,Butler Service Desk,https://ejwl.fa.us2.oraclecloud.com/hcmUI/CandidateExperience/en/sites/CX/job/26118026?utm_source=freehire.me,freehire,1,1
7de3a26fe7bd805aa962408384152964,d783281c5e4e5473d65b5903ad8186e4,826161723f8719527bfa31fe132a5cad,9b6c93e1ec1fb48e7afaff0d7d32446c,219e3dfddc927539fcce8ff99b73f012,Security Supervisor,https://jobs.smartrecruiters.com/AccorHotel/744000148714589-security-supervisor-saudi-national-?utm_source=freehire.me,freehire,1,1
242ae23b2abb519ad8ce30a0bd972256,c929adc4d24d9f97423fb3197e5d41eb,f0c21a35f5fd8a30ed8aa2627b766ada,d6671ff37a9c08b76f2dd0fa70e46282,0cdf73ff2b30ed7aa6206fde112bee77,Senior Product Manager,https://apply.workable.com/j/902C025212?utm_source=freehire.me,freehire,1,1
a37dbf5c38d9ee18eec15abb1727be05,2dd1234ade1443728314db92c211172a,f0c21a35f5fd8a30ed8aa2627b766ada,d6671ff37a9c08b76f2dd0fa70e46282,6c2a675559f7caa08b73359ccb75a22d,Principal Product Manager,https://www.thoughtworks.com/careers/jobs/8142085?gh_jid=8142085&utm_source=freehire.me,freehire,1,1
640b537c1f25b908efaa7212aa9ec32a,d291d784d41eaa3dbff8cdabba749712,f0c21a35f5fd8a30ed8aa2627b766ada,0365542d9b0428dce6dd3fa472392d17,08df6d4ff68729b9d2b5d2d186f39eca,Software Engineer,https://en-sa.whatjobs.com/pub_api__cpl__10694942__7118?geoID=12&utm_campaign=publisher&utm_medium=api&utm_source=freehire.me,freehire,1,1
a7f1a8a7c557a54a5e1bf338e3df3eeb,d291d784d41eaa3dbff8cdabba749712,f0c21a35f5fd8a30ed8aa2627b766ada,31e833930843cd0564e063ad6d8f31a5,08df6d4ff68729b9d2b5d2d186f39eca,"Senior DevOps Engineer — IaC, Cloud & DevSecOps",https://en-sa.whatjobs.com/pub_api__cpl__10690562__7118?geoID=12&utm_campaign=publisher&utm_medium=api&utm_source=freehire.me,freehire,1,1
a2d53f68f2d5f36ee93da68f221463db,f21808b6c395aa5adff683b60ef6fe15,1c9c73d943b626d282f1cfce6686fbbf,4ac87bb113bcb1db57944374f9e6543c,6167ab9390137272046d62240db4ee61,Senior Motion Designer,https://himalayas.app/companies/novra/jobs/senior-motion-designer?utm_source=freehire.me,freehire,1,1
c06433a260deea2b98aeabc9b892c032,c6e50afa287a91d486c52bb4f07e2ac9,f0c21a35f5fd8a30ed8aa2627b766ada,8f55ffa788f0fa4c7b39e1382e97ccbc,82347fe834cbdd54ae50f6e790b97296,Investor Program Manager - 6 month contract,https://jobs.smartrecruiters.com/InformaGroupPlc/744000145964408-investor-program-manager-6-month-contract?utm_source=freehire.me,freehire,1,1
c0b066889d5510fe52506ad894170fa1,303e543d76b716ac360f264abb82e67d,1c9c73d943b626d282f1cfce6686fbbf,cb917c6b8f21aa05bd123b6b3ddb9d39,a2bd0075ead2d77cc9b4f5c65b14c7ab,Senior BIM Data Engineer – Tunneling & Infrastructure,https://en-sa.whatjobs.com/pub_api__cpl__10756034__7118?utm_campaign=publisher&utm_medium=api&utm_source=freehire.me,freehire,1,1
49623bc17c7447c93a612b89eea9011c,0645f775abc48eec7321083171646afb,1c9c73d943b626d282f1cfce6686fbbf,0eacea33ffb217a026117e87966304ec,6c2a675559f7caa08b73359ccb75a22d,Tech Lead/Sr Backend Developer,https://jobs.lever.co/jobgether/0094664a-18d9-4df4-ac20-998fb0486c06?utm_source=freehire.me,freehire,1,1
c7dc5fdc86c8635bf61aca6b0070cc9b,7a0a79601f7c4f4d3ee064a1135fa746,6d90b93e2e06bed76b003b975aaa26de,e86d3956d9c8df67f83ca031f8ae081c,08df6d4ff68729b9d2b5d2d186f39eca,Node.js Backend Engineer for AI Model Training,https://en-sa.whatjobs.com/pub_api__cpl__10690078__7118?geoID=18992&utm_campaign=publisher&utm_medium=api&utm_source=freehire.me,freehire,1,1
044bcdca13bcaead169fc3f696103262,e1a8a5ae19ad056f286419b143e348c2,1c9c73d943b626d282f1cfce6686fbbf,d7838c27eb8edd2545575ee454783c2a,3829d4a3a1a7d5d7f465120490feb166,Business Analytics,,tapneo,1,1
864fa5587f99f6e944d30c6f937e7cf0,7b0879d844a351230a24535ee9320870,1c9c73d943b626d282f1cfce6686fbbf,035ae54e0f7668242109b880679feb98,53e6a257967af52f40451a3b5a528e30,Junior Engineer,,tapneo,1,1
8a1d3c118e011df6855dc1ab76b8a3f2,84e9f16b676e026f3446e810a336a645,1c9c73d943b626d282f1cfce6686fbbf,33592aca294d19473e45d745e5716a19,c1ba76476c25772828bbdacf37075037,Enterprise Architect,,tapneo,1,1
7b76635e8fa0cc3f84e7d9acc2ba6546,37d8bd72c4e69744cedd7f11ca2da987,1c9c73d943b626d282f1cfce6686fbbf,87b1933db1b3bc75ac2bd7e51147e919,76aaffe7cf7b8d0b487ded0a700e93cd,Machine Learning Engineer,,tapneo,1,1
2852fe23a07e5bf1f91313224cbaf929,ffe5b9149e0addfef594a2fce2ea57b6,1c9c73d943b626d282f1cfce6686fbbf,07af1dcc301a66eceb60d8f38213fdfd,51d990247521645cad78960e814293ac,Senior Data Engineer,,tapneo,1,1
ed572381198024943a38da34beb7790a,1ded2ab05ce8e9b87373541e465304b3,1c9c73d943b626d282f1cfce6686fbbf,87b1933db1b3bc75ac2bd7e51147e919,2cba1ee16811e888b7ff54c4bd94265b,Software Engineer,,tapneo,1,1
0b24471650124814e8a7b056e700ca86,7a0a79601f7c4f4d3ee064a1135fa746,1c9c73d943b626d282f1cfce6686fbbf,21069c033967b1b2dff8053758441a61,3a4b763ae82326e5705a1fc4608972a2,Data Engineer,,tapneo,1,1
2e410b4670a8a373fdc339e542e5eebc,e9dc50c823798f74ab629d5656fd70c3,1c9c73d943b626d282f1cfce6686fbbf,318e05aba5a0571d2d69255d7308b0eb,d7431b6dd465e000937ff8ece439488e,Media Search Analyst,,tapneo,1,1
33f3b5b3672405dd2458bbf8d1101306,1daee1b7810474d7702da378e9d74ac6,1c9c73d943b626d282f1cfce6686fbbf,ba14683fd133aedb627983c7a5b14b68,3829d4a3a1a7d5d7f465120490feb166,Data Scientist,,tapneo,1,1
44ea9b46e8d7f2f1f8fd477ab91a1b8c,9e543912165436eabf8e83cd6a3b85ca,1c9c73d943b626d282f1cfce6686fbbf,0365542d9b0428dce6dd3fa472392d17,6c2a675559f7caa08b73359ccb75a22d,"Remote QA Engineer: Testing, Automation & Quality",https://www.jobleads.com/sa/job/remote-qa-engineer-testing-automation-quality--saudi-arabia--e74770eea8616221185e8dd14dc127904,jsearch,1,1
17afd63d3807192d91e52ec9aa039314,1d38f1ab5a387010ed4917a9137be20d,1c9c73d943b626d282f1cfce6686fbbf,e86d3956d9c8df67f83ca031f8ae081c,43dd108f99eba4da0293ca2ed211b87a,Software Engineer IV,https://jooble.org/jdp/-827220700325026812,jooble,1,1
ffdcf0ccb2f19f73ed78f46d8f8e83b4,91404fce52345db197d2bc77e907b607,1c9c73d943b626d282f1cfce6686fbbf,0fef93c3b93fe307b2b61b8dd7ef34e0,6c2a675559f7caa08b73359ccb75a22d,Database Administrator,https://www.founditgulf.com/job/database-administrator-sql-server-nozomi-saudi-arabia-62559474,jsearch,1,1
92047555c6424b2f40d25e36b1cdeb51,cf8117012137b0e8f6b855adab4b13a7,f0c21a35f5fd8a30ed8aa2627b766ada,0eacea33ffb217a026117e87966304ec,6c2a675559f7caa08b73359ccb75a22d,Senior QA/QC engineer,https://jobs.bechtel.com/us/en/job/BCFBCKUS297698EXTERNALENUS/Senior-QA-QC-engineer,jsearch,1,1
983c14a608ea20872830e241e26ae837,6217f4f50fd50d30d9dea9eb892fc225,1c9c73d943b626d282f1cfce6686fbbf,318e05aba5a0571d2d69255d7308b0eb,6c2a675559f7caa08b73359ccb75a22d,Business Analyst,https://www.founditgulf.com/job/business-analyst-ai-data-projects-confidential-government-saudi-arabia-43917714,jsearch,1,1
a77ed540d1382da5ead20b4554ac5faa,d8e87c0927539672f54462c837be0b7f,1c9c73d943b626d282f1cfce6686fbbf,0eacea33ffb217a026117e87966304ec,a2bd0075ead2d77cc9b4f5c65b14c7ab,Senior Backend Engineer for AI-Powered Home Marketplace,https://www.jobleads.com/sa/job/senior-backend-engineer-for-ai-powered-home-marketplace--jeddah--e5bdca11dbf638dac54f50a3c1ceba267,jsearch,1,1
2ea731c7e725c9158ea8b74bd2a40b48,8e4acaa507885048adba4db91d688ca8,826161723f8719527bfa31fe132a5cad,318e05aba5a0571d2d69255d7308b0eb,dcf52c9819dbea4ed680c1f89dccd1f8,Research Scientist–Sustainable greenhouse production,https://sa.jobrapido.com/jobpreview/4915522379439931392,jsearch,1,1
eb4f4cdf0691f39c9ad87ba431da3721,038a4b39e7cbd8467c2acfa014cb409e,f713c14731e8318994a7731b6fe5f413,31e833930843cd0564e063ad6d8f31a5,dcf52c9819dbea4ed680c1f89dccd1f8,Senior Devops Engineer - GCP,https://bebee.com/sa/jobs/senior-devops-engineer-gcp-halian--techmap_sa_4456609926,jsearch,1,1
08c900db90568f0a155996d5c35abad7,387457766f37a832da2ab2068fdeb12b,1c9c73d943b626d282f1cfce6686fbbf,33592aca294d19473e45d745e5716a19,dcf52c9819dbea4ed680c1f89dccd1f8,Oracle DBA/APPS DBA consultant,https://www.founditgulf.com/job/oracle-dba-apps-dba-consultant-nexttec-technology-outsourcing-saudi-arabia-65744352,jsearch,1,1
898f41f491aa19de008b3a5c351f8db7,3e1972108ab38f0c4ed52b2a47bd26f1,1c9c73d943b626d282f1cfce6686fbbf,0eacea33ffb217a026117e87966304ec,a2bd0075ead2d77cc9b4f5c65b14c7ab,Senior Full-Stack Engineer: Enterprise Web Apps & APIs,https://www.jobleads.com/sa/job/senior-full-stack-engineer-enterprise-web-apps-apis--saudi-arabia--edfb68f8257f3bada9bd82ed6c0e2a567,jsearch,1,1
bd6cba91e5fca0bd91af706a358b6ab4,0b84a8fcb4f8458bfb52b23d8e6ae9c3,1c9c73d943b626d282f1cfce6686fbbf,d6d03df600b07487a5eefd18e4c769a2,a2bd0075ead2d77cc9b4f5c65b14c7ab,Senior Backend Developer,https://www.linkedin.com/jobs/view/4468385432/,jsearch,1,1
17d4867fb59f4b8792b6616898bfc45a,7f7ad8249a26ba4a77a627823f8462f2,f0c21a35f5fd8a30ed8aa2627b766ada,0365542d9b0428dce6dd3fa472392d17,a2bd0075ead2d77cc9b4f5c65b14c7ab,Software Engineer,https://www.jobaaj.com/job/leantech-me-software-engineer-backend-riyadh-saudi-arabia-2-to-4-years-668516,jsearch,1,1
018a5b6ad1208bb4b17b795a8ec639ce,7eb9adbbd86040fdbb34d8c39c1d8e1f,f713c14731e8318994a7731b6fe5f413,2f8b65e3fcc3322d9beb55ef24f11bee,6c2a675559f7caa08b73359ccb75a22d,Research Scientist,https://bebee.com/sa/jobs/research-scientist-king-fahd-university-of-petroleum-minerals-dhahran--t7xk-784111485,jsearch,1,1
d35a846ecd1f5845fe3cf0b2940f4a38,387457766f37a832da2ab2068fdeb12b,6d90b93e2e06bed76b003b975aaa26de,318e05aba5a0571d2d69255d7308b0eb,219e3dfddc927539fcce8ff99b73f012,Data Analyst Engineer: AI-Driven Power BI Insights,https://en-sa.whatjobs.com/pub_api__cpl__10729750__7118?geoID=18992&utm_campaign=publisher&utm_medium=api&utm_source=freehire.me,freehire,1,1
d0ea913b4d07f0692c477657f5523510,0a9f45cecbccaada43f6ca897743904d,6d90b93e2e06bed76b003b975aaa26de,4bc5bf1ab11783c31e022304f12500bd,219e3dfddc927539fcce8ff99b73f012,Cloud Infrastructure & DevOps Engineer,https://en-sa.whatjobs.com/pub_api__cpl__10732483__7118?geoID=18992&utm_campaign=publisher&utm_medium=api&utm_source=freehire.me,freehire,1,1
da94c65cc88aa811c31b97146c8a9090,ae423088e02503edbc0e8894d543a01b,f0c21a35f5fd8a30ed8aa2627b766ada,8f55ffa788f0fa4c7b39e1382e97ccbc,f9f0b181b93f616e1b2fd13a7eb68819,Heritage Training Program Manager,https://jobs.smartrecruiters.com/JobsForHumanity/744000149534619-heritage-training-program-manager?utm_source=freehire.me,freehire,1,1
760d280619a6366d4e9230955435c66f,2e1be53a37a231e32323bbcd9ace743b,f0c21a35f5fd8a30ed8aa2627b766ada,87b1933db1b3bc75ac2bd7e51147e919,ce4f5baa48cd135ee14b7625e51d9dca,Integration Engineer,https://jobs.smartrecruiters.com/ASSYSTEM/744000149239799-integration-engineer-remote-for-riyadh-?utm_source=freehire.me,freehire,1,1
c76c76be8c625b941184049fed9d6c82,09553c0e4094b8198749b7d202be64ac,f0c21a35f5fd8a30ed8aa2627b766ada,cb917c6b8f21aa05bd123b6b3ddb9d39,5bd9356d753f1fd99468ef4b1c1df52b,Senior Data Engineer: Shape Scalable Lakehouse Platform,https://en-sa.whatjobs.com/pub_api__cpl__10739935__7118?geoID=12&utm_campaign=publisher&utm_medium=api&utm_source=freehire.me,freehire,1,1
f4722b58d4ba95109fd24b10d418805a,fca9ad35aaa2eb7bc5ee2d9ca3ee0ce5,f0c21a35f5fd8a30ed8aa2627b766ada,0365542d9b0428dce6dd3fa472392d17,a2bd0075ead2d77cc9b4f5c65b14c7ab,Realtime Frontend Engineer: React & TypeScript,https://sa.jooble.org/jdp/5983546674961786189,jsearch,1,1
4d4a93566cef72a9dd3c0dcf9a10567d,bc9cf0eed6920b1a401b8480d5bed111,1c9c73d943b626d282f1cfce6686fbbf,d6671ff37a9c08b76f2dd0fa70e46282,5bd9356d753f1fd99468ef4b1c1df52b,Senior IT Support Officer,https://jobs.smartrecruiters.com/Navitas/6000000001400190-senior-it-support-officer?utm_source=freehire.me,freehire,1,1
12c64452f9957cab314875bf8fada6e4,714a3fdd65c94061bcf9789fdfab840f,f0c21a35f5fd8a30ed8aa2627b766ada,8f55ffa788f0fa4c7b39e1382e97ccbc,5bd9356d753f1fd99468ef4b1c1df52b,Product Delivery Manager - Loyalty,https://careers-riyadhair.icims.com/jobs/3252/product-delivery-manager---loyalty/job?utm_source=freehire.me,freehire,1,1
7956d515c041899f73bd4ec8b41b56f5,81ac8a9ab977c4d3bed21664a75c0336,826161723f8719527bfa31fe132a5cad,0fc5b4e9c9d3d7b80733e6e9280a7639,5bd9356d753f1fd99468ef4b1c1df52b,"QA Integration, Engineer",https://apply.workable.com/j/8FC104DDB6?utm_source=freehire.me,freehire,1,1
d4eef5cc6418a3270ddb78b9dec0e8cd,a74c5282f1a50622192e176216aa8fc7,1c9c73d943b626d282f1cfce6686fbbf,0365542d9b0428dce6dd3fa472392d17,d88e2f97719ad0ae424945ad60d61f9f,ENGINEER QA/QC,https://jobs.alfanar.com/DAR/job/Lahore-ENGINEER-QAQC-%28LAHORE%2C-PAKISTAN%29/1147730701/?utm_source=freehire.me,freehire,1,1
c75e94413e43d7717186e47fab3d5723,03b78e125adc5612c0c9d5d96700bd4c,6d90b93e2e06bed76b003b975aaa26de,cb917c6b8f21aa05bd123b6b3ddb9d39,0cdf73ff2b30ed7aa6206fde112bee77,Lead Business Analyst,https://coorb.zohorecruit.com/jobs/Careers/788027000007119010?utm_source=freehire.me,freehire,1,1
a9257a89e25d1699aa8139049f55a380,8628dc51ce2b951aecb9abe1aac936be,f0c21a35f5fd8a30ed8aa2627b766ada,cb917c6b8f21aa05bd123b6b3ddb9d39,08df6d4ff68729b9d2b5d2d186f39eca,"Senior Data Engineer - Pipelines, Lakes & Warehouses",https://en-sa.whatjobs.com/pub_api__cpl__10687423__7118?geoID=12&utm_campaign=publisher&utm_medium=api&utm_source=freehire.me,freehire,1,1
38ff37124fc0ac1ac7677aa6bd88832c,13a2b6ef26959aee44ff0b0685ad5ee6,f0c21a35f5fd8a30ed8aa2627b766ada,0365542d9b0428dce6dd3fa472392d17,08df6d4ff68729b9d2b5d2d186f39eca,AI & System Engineer,https://en-sa.whatjobs.com/pub_api__cpl__10689622__7118?geoID=12&utm_campaign=publisher&utm_medium=api&utm_source=freehire.me,freehire,1,1
2d6c01e27814e9e57db63085f8eaafe1,d291d784d41eaa3dbff8cdabba749712,f0c21a35f5fd8a30ed8aa2627b766ada,a74683d6d303bc41f6726bd8c6f681b5,08df6d4ff68729b9d2b5d2d186f39eca,DevOps Engineer,https://en-sa.whatjobs.com/pub_api__cpl__10690044__7118?geoID=12&utm_campaign=publisher&utm_medium=api&utm_source=freehire.me,freehire,1,1
f2327ebaf33e5896c47d6a417b792cd5,bd90b8ad3e6cc23537631ad2563983e7,f0c21a35f5fd8a30ed8aa2627b766ada,0365542d9b0428dce6dd3fa472392d17,08df6d4ff68729b9d2b5d2d186f39eca,Staff Software Engineer - Modernization,https://en-sa.whatjobs.com/pub_api__cpl__10687214__7118?geoID=12&utm_campaign=publisher&utm_medium=api&utm_source=freehire.me,freehire,1,1
9ad63a12ac1e18bbc04d3b170d0a379a,f3f042b47bcf4f12d4887455f4785364,f0c21a35f5fd8a30ed8aa2627b766ada,0365542d9b0428dce6dd3fa472392d17,08df6d4ff68729b9d2b5d2d186f39eca,Expert Site Reliability Engineer,https://apply.workable.com/j/5509312637?utm_source=freehire.me,freehire,1,1
5e26b69ce256099a37528c0419e2f94a,3448483fff442ca4fb0a364db15618e2,f0c21a35f5fd8a30ed8aa2627b766ada,d6671ff37a9c08b76f2dd0fa70e46282,d557a99c5a2c130956021cd4e1bdd18f,Quality Assurance Senior Rep,https://jobs.thecignagroup.com/us/en/job/CIGNUS26010141EXTERNALENUS?utm_source=freehire.me,freehire,1,1
21f5ba8b0eb4ed72670c17b40b8e031f,0feb54b11116ae3406404306ea4cf03d,f0c21a35f5fd8a30ed8aa2627b766ada,36342576b66b21f59333da16ca84323f,d557a99c5a2c130956021cd4e1bdd18f,Project Manager: Station MEP,https://parsons.wd5.myworkdayjobs.com/Search/job/SA---Riyadh-Qiddiya/Project-Manager--Station-MEP_R185273?utm_source=freehire.me,freehire,1,1
064606e35bdb0ca0cb3b3c8382005a5a,0a9f45cecbccaada43f6ca897743904d,6d90b93e2e06bed76b003b975aaa26de,6292dd31ed918f0cf6f8bb0ab26d6181,219e3dfddc927539fcce8ff99b73f012,GCP Cloud Infra & DevOps Engineer — CI/CD & Security,https://en-sa.whatjobs.com/pub_api__cpl__10731448__7118?geoID=18992&utm_campaign=publisher&utm_medium=api&utm_source=freehire.me,freehire,1,1
52b2e7a5b636c1f0b101c71b37073773,05624e5ec27e92690351b11a17f32309,1c9c73d943b626d282f1cfce6686fbbf,8f55ffa788f0fa4c7b39e1382e97ccbc,4422f3776893cba6d18e8f258c63716f,Supply Insights and AI Delivery manager,https://ebpm.fa.us2.oraclecloud.com/hcmUI/CandidateExperience/en/sites/CX_1/job/1005153?utm_source=freehire.me,freehire,1,1
369abad199161660ae4105e5f60dab45,49b2afdba6711f257ee86d62ffbff16b,f0c21a35f5fd8a30ed8aa2627b766ada,a74683d6d303bc41f6726bd8c6f681b5,a2bd0075ead2d77cc9b4f5c65b14c7ab,"DevOps Engineer: Cloud, CI/CD & Automation",https://en-sa.whatjobs.com/pub_api__cpl__10757191__7118?geoID=12&utm_campaign=publisher&utm_medium=api&utm_source=freehire.me,freehire,1,1
3de25b7a5d8d74dd2063246f697a6114,636b795b0fdbe648c14bf4bb17610bd4,1c9c73d943b626d282f1cfce6686fbbf,d6671ff37a9c08b76f2dd0fa70e46282,a2bd0075ead2d77cc9b4f5c65b14c7ab,Senior CAD/CAM Programmer – Multi-Axis CNC for Oil & Gas,https://en-sa.whatjobs.com/pub_api__cpl__10757400__7118?utm_campaign=publisher&utm_medium=api&utm_source=freehire.me,freehire,1,1
d7425da04d8b0ffdb5fd16ae9dbfe744,fbe5761fcbcf77ee923011fc0da53145,f0c21a35f5fd8a30ed8aa2627b766ada,0365542d9b0428dce6dd3fa472392d17,a2bd0075ead2d77cc9b4f5c65b14c7ab,AI Agent Engineer | Build & QA Voice Agents,https://en-sa.whatjobs.com/pub_api__cpl__10755001__7118?geoID=12&utm_campaign=publisher&utm_medium=api&utm_source=freehire.me,freehire,1,1
d07575a0e3511d0e0c6fe7bfbf8c2005,ed9be8e96925a9431eeb4e0e3f45b128,1c9c73d943b626d282f1cfce6686fbbf,a87e5a5614e8a6d97259deae035f1a7e,a2bd0075ead2d77cc9b4f5c65b14c7ab,"Senior Software Engineer — Remote, Flexible Hours",https://en-sa.whatjobs.com/pub_api__cpl__10756335__7118?utm_campaign=publisher&utm_medium=api&utm_source=freehire.me,freehire,1,1
975c0cdcf843191505e5a2a7ec4a0b39,581efa873817738de0b22803f83b9c12,f0c21a35f5fd8a30ed8aa2627b766ada,0eacea33ffb217a026117e87966304ec,a2bd0075ead2d77cc9b4f5c65b14c7ab,Senior Software Engineer - Backend,https://en-sa.whatjobs.com/pub_api__cpl__10756764__7118?geoID=12&utm_campaign=publisher&utm_medium=api&utm_source=freehire.me,freehire,1,1
e1b1a6307fc3d728f98835ece46dcd4e,cc9cff0ed750725bad4c26ed9f003ad9,1c9c73d943b626d282f1cfce6686fbbf,0365542d9b0428dce6dd3fa472392d17,dcf52c9819dbea4ed680c1f89dccd1f8,HV Battery Integration Engineer II,https://lucidmotors.com/careers/search/5213600007?gh_jid=5213600007&utm_source=freehire.me,freehire,1,1
d7f37d3f7f695b9053a211e95dd996c2,0645f775abc48eec7321083171646afb,1c9c73d943b626d282f1cfce6686fbbf,0365542d9b0428dce6dd3fa472392d17,6c2a675559f7caa08b73359ccb75a22d,Founding Software Engineer - New Product,https://jobs.lever.co/jobgether/22f05e02-7a48-4eda-b035-59be9822d574?utm_source=freehire.me,freehire,1,1
501a8d561f7cc56e3ec271785e65bfcc,c16778fdeb7ee6e0df57dd9bbe8e9f72,f0c21a35f5fd8a30ed8aa2627b766ada,318e05aba5a0571d2d69255d7308b0eb,0cdf73ff2b30ed7aa6206fde112bee77,Data Engineering Strategy Consultant,https://en-sa.whatjobs.com/pub_api__cpl__10747659__7118?utm_campaign=publisher&utm_medium=api&utm_source=freehire.me,freehire,1,1
e86f6cddc206818fc792d0f2274fdf1d,0e49d2a1f1364462cb6ab1530dd7a504,1c9c73d943b626d282f1cfce6686fbbf,fea7f34b128c62e570fb0b6441c0dc52,81795545610c5eaa7922dbdf3e64516e,IT Cybersecurity,https://saudi.tanqeeb.com/jobs-in-saudi/all/jobs/021187617.html,tanqeeb,1,1
1ecda2a4669747118882393ed650bc40,d783281c5e4e5473d65b5903ad8186e4,1c9c73d943b626d282f1cfce6686fbbf,a7ea998ee793926e13d4e619ad49ae39,f14cc5cdce0420f4a5a6b6d9d7b85f39,Assistant IT Manager,https://saudi.tanqeeb.com/jobs-in-saudi/all/jobs/021116916.html,tanqeeb,1,1
0c92b7984c85dd68f5d364778c1711cf,f3f042b47bcf4f12d4887455f4785364,f0c21a35f5fd8a30ed8aa2627b766ada,0365542d9b0428dce6dd3fa472392d17,08df6d4ff68729b9d2b5d2d186f39eca,Expert Platform Engineer,https://apply.workable.com/j/7F0C739ADF?utm_source=freehire.me,freehire,1,1
834407d40d2ecaecc280b6bdd9131046,0e2bcb25af2636b5c7c53b540f95e565,1c9c73d943b626d282f1cfce6686fbbf,d0d36c42d78d923b3dafa605a4c9f4f3,82347fe834cbdd54ae50f6e790b97296,Project Coordinator,https://fa-exfs-saasfaprod1.fa.ocs.oraclecloud.com/hcmUI/CandidateExperience/en/sites/CareersAtDowner/job/736232?utm_source=freehire.me,freehire,1,1
7b7fed5b95e81a71f48df64b4760e14a,0d0a54acd6928e4a03f87a8ea2ccb8c6,1c9c73d943b626d282f1cfce6686fbbf,d7838c27eb8edd2545575ee454783c2a,81795545610c5eaa7922dbdf3e64516e,IT specialist ( Saudi Nationals only ),https://saudi.tanqeeb.com/jobs-in-saudi/all/jobs/021187850.html,tanqeeb,1,1
21c6cbf39ac05c3d1ebbd9e68125f548,8752c7b04c5245c5858081fe50132d1b,6d90b93e2e06bed76b003b975aaa26de,4ae3da5ed67df20569811bda7edda3f4,f14cc5cdce0420f4a5a6b6d9d7b85f39,Information Technology Recruiter,https://saudi.tanqeeb.com/jobs-in-saudi/all/jobs/021039486.html,tanqeeb,1,1
84e2fce613c45dc5592301691d399725,f0edebb3e25ed5f0e5efb47e9647aeb3,826161723f8719527bfa31fe132a5cad,f15eb97161735b5df1b437fc7ff3ad20,f14cc5cdce0420f4a5a6b6d9d7b85f39,Title Technical Support Officer (IT Systems and Business Analytics Support) (Outsourced ),https://saudi.tanqeeb.com/jobs-in-saudi/all/jobs/021149094.html,tanqeeb,1,1
e89046b4d60728f965ae698af6f007fb,539f635b98099e43ba05bfd078ce68a2,6d90b93e2e06bed76b003b975aaa26de,5ba6f12822db1d4d67ddc8bcb5c1e2a7,219e3dfddc927539fcce8ff99b73f012,Head of IT Planning  Governance,https://saudi.tanqeeb.com/jobs-in-middle-east/all/jobs/021225454.html,tanqeeb,1,1
09e343c049ac8dddf7fffe7b76186570,3ea724b1b0bdf8ff3748334be6762db1,f0c21a35f5fd8a30ed8aa2627b766ada,35ebd12571bc2e1ace57ae4560cd7bb7,f14cc5cdce0420f4a5a6b6d9d7b85f39,Senior Auditor,https://saudi.tanqeeb.com/jobs-in-saudi/all/jobs/021134997.html,tanqeeb,1,1
bd1f3019c1a0af6893738aa143d4ff55,84e1931f722e714b137583b7ad455f24,1c9c73d943b626d282f1cfce6686fbbf,e86d3956d9c8df67f83ca031f8ae081c,2cba1ee16811e888b7ff54c4bd94265b,Sales Engineer,,tapneo,1,1
8e230984709e81a35c168e009b244ff8,7d180daa594cfcd8df96ab0900e78bcd,1c9c73d943b626d282f1cfce6686fbbf,0365542d9b0428dce6dd3fa472392d17,f19942371e5a0b30f225d6c0caf0853e,Mining Technology Engineer,,tapneo,1,1
457dcd53516d366bc6f514d083db2516,a9e47d2dc9bc6b1d9be8e9e7b295c253,1c9c73d943b626d282f1cfce6686fbbf,87b1933db1b3bc75ac2bd7e51147e919,c1ba76476c25772828bbdacf37075037,Systems Engineer,,tapneo,1,1
13f15e0db22e850d87a3d0876b841a18,f0c2c56a0ef76f594202ceb54c58e5c5,1c9c73d943b626d282f1cfce6686fbbf,0fef93c3b93fe307b2b61b8dd7ef34e0,b6407620336ab48e16e1aff862e033b9,Data Analyst,,tapneo,1,1
b6ff84d3aaf87f827a5dccdd2e65dc35,7c9c161ba1a4f7d9f586868a758d8f36,1c9c73d943b626d282f1cfce6686fbbf,87b1933db1b3bc75ac2bd7e51147e919,3829d4a3a1a7d5d7f465120490feb166,Ai Engineer,,tapneo,1,1
bef4244594e6c48ae6950aa61a7e3f48,2ff63084e2f36128315a02a52b67c0f0,1c9c73d943b626d282f1cfce6686fbbf,0365542d9b0428dce6dd3fa472392d17,4b8fe520c3bec65af59bba0d65f97395,Software Engineer,,tapneo,1,1
49af0b24f84808bf9f458f3a9ebb30ff,e1a8a5ae19ad056f286419b143e348c2,1c9c73d943b626d282f1cfce6686fbbf,ba14683fd133aedb627983c7a5b14b68,ec6793b8ca4c89b69b38d22974e52c7c,Business Analyst,,tapneo,1,1
95fb9a1c577a9f2d65c41a9b0001591e,7718e012304223b82e2d7d6405a7da26,1c9c73d943b626d282f1cfce6686fbbf,2f5f613f428077e0cf00a584c89878d8,c1ba76476c25772828bbdacf37075037,Shopper Insights Manager,,tapneo,1,1
408bfbf4c66e0f0706397677c2431683,f3f042b47bcf4f12d4887455f4785364,1c9c73d943b626d282f1cfce6686fbbf,a2a7a118ec3036466fdf100b7d8fd573,cf27846043d224911077f1a83de4f046,Senior Data Engineer,,tapneo,1,1
80b793620b2c5b590e8fe9e2d8a866d1,f750f5efa6f9282e672d966b6857dbb0,1c9c73d943b626d282f1cfce6686fbbf,0fef93c3b93fe307b2b61b8dd7ef34e0,c1ba76476c25772828bbdacf37075037,Data Scientist,,tapneo,1,1
6c6a3b7b2749c2549b22815ebda9ee59,30facaba729f846852ec2e45bc519612,1c9c73d943b626d282f1cfce6686fbbf,3643430fa0396fad0d0d4cec65ff80cb,b853c3142b031e496054880e3912aa1b,Full Stack Engineer,,tapneo,1,1
19c345c044280f89d79a7bddbf5d5f19,15472ea4e129492dbb0fbb8dcffa6a8b,1c9c73d943b626d282f1cfce6686fbbf,87b1933db1b3bc75ac2bd7e51147e919,4c949f544080391662eeba1eda4ac590,Solutions Engineer,,tapneo,1,1
5f128a7368bb0ec08b7765cd5935c28c,22a7ee78ce53199b0f197e8bcd6fc45f,1c9c73d943b626d282f1cfce6686fbbf,0365542d9b0428dce6dd3fa472392d17,1b157f4f48426d79d62130b3a1209f78,Software Engineer,,tapneo,1,1
529256ca9857d98dc3967aac39805f9d,2bb1faeb3cc273e2af44b86c1278e481,1c9c73d943b626d282f1cfce6686fbbf,0365542d9b0428dce6dd3fa472392d17,6c6e321ee316f845aeb0047ae6b27f38,Software Engineer,,tapneo,1,1
8b67385bd722fc59aa3f1cf744a26879,f0ba1b8eccc5ca0aea35a6158493d2da,1c9c73d943b626d282f1cfce6686fbbf,0fef93c3b93fe307b2b61b8dd7ef34e0,1a78d3e6cf833fde627a8cc443e0eca6,Data Analyst,,tapneo,1,1
212ad7476b884b3a8eaf0d6a668d8300,4c74f73698d46aa24d1110c639cb3618,1c9c73d943b626d282f1cfce6686fbbf,318e05aba5a0571d2d69255d7308b0eb,2fe8165ed9c275b2fb77aab3cc7662fe,Data Engineer,,tapneo,1,1
5c784a14da6e13d4e0801122ac2e29c0,4c96c9aaa582646555163130e869d834,f0c21a35f5fd8a30ed8aa2627b766ada,0365542d9b0428dce6dd3fa472392d17,5bd9356d753f1fd99468ef4b1c1df52b,Generalist Software Engineer — Own Impact Across the Stack,https://en-sa.whatjobs.com/pub_api__cpl__10741059__7118?geoID=12&utm_campaign=publisher&utm_medium=api&utm_source=freehire.me,freehire,1,1
2270a6ee382871cf51c5c263c4999dac,4e2ab1da03b6ebfaeff88d8bcdaea371,1c9c73d943b626d282f1cfce6686fbbf,0365542d9b0428dce6dd3fa472392d17,f9f0b181b93f616e1b2fd13a7eb68819,Principle Software Engineer - Product Owner,https://en-sa.whatjobs.com/pub_api__cpl__10746453__7118?utm_campaign=publisher&utm_medium=api&utm_source=freehire.me,freehire,1,1
65202f8eef97271a4dec3e9c3113d75c,e47c2b18f2520a39ed7506115f08b53f,1c9c73d943b626d282f1cfce6686fbbf,d7838c27eb8edd2545575ee454783c2a,f9f0b181b93f616e1b2fd13a7eb68819,IT Specialist,https://saudi.tanqeeb.com/jobs-in-middle-east/all/jobs/021236128.html,tanqeeb,1,1
4f3170c5c4e49d876eb89a60d58758a0,7a0a79601f7c4f4d3ee064a1135fa746,1c9c73d943b626d282f1cfce6686fbbf,2eb3ccd9412ac7a844ea7d72eb5d5fa1,62c7e98d65a1069be3a0667752af7458,Software Engineer,,tapneo,1,1
71c895827d02af83abd455058dc0261f,4a774bbf32e45c2f14fad30f0d7e5fdf,1c9c73d943b626d282f1cfce6686fbbf,0eacea33ffb217a026117e87966304ec,f80405b5b8e1938c1a66d3728cabef8a,Senior Software Engineer,,tapneo,1,1
8fb3adb9e81c4c3116b7b4aa978e51b0,564d74cdef4d8366810e0adf4efdc355,1c9c73d943b626d282f1cfce6686fbbf,21069c033967b1b2dff8053758441a61,5da2ffc528fa51e3e500b79a89175aaa,Data Center Engineering Operations Engineer,,tapneo,1,1
a16a2bad88470e548c63a6e9af61c78b,ffe5b9149e0addfef594a2fce2ea57b6,1c9c73d943b626d282f1cfce6686fbbf,8f55ffa788f0fa4c7b39e1382e97ccbc,3829d4a3a1a7d5d7f465120490feb166,Product Manager,,tapneo,1,1
8570ffea46c3636ce16734109f4a77b3,bdc68ffad7dff9ab976e4df2d89c2b9f,1c9c73d943b626d282f1cfce6686fbbf,0fef93c3b93fe307b2b61b8dd7ef34e0,c1ba76476c25772828bbdacf37075037,Data Analyst,,tapneo,1,1
